====================================================
🚀 Pipeline Started at: Sat Sep 26 19:33:28 UTC 2026
====================================================
🔍 [STEP 0] Checking Facebook Cookie Session Health...
⚠️ Checking Facebook Cookie Session Health...
✅ Status: Cookies present and verified for pipeline execution.
📈 [STEP 1] Pulling real analytics and insights from past posts...
python3: can't open file '/home/runner/work/premx-editor/premx-editor/agent_brain.py': [Errno 2] No such file or directory
🤖 [STEP 3] Consulting AI Agent Brain (ai_agent.py)...
📁 Found 19 games: ['AfghanistanRedZone', 'Callofdutyaw', 'DiabloIV', 'GODOFWAR3', 'Ghost Destroys Mexican', 'Ghost_soap_escap', 'GodofWarLaufey', 'MarvelsSpiderMan2', 'RescueOperation', 'Russian_secret_missions', 'SpiderMan2', 'UkraineCovertMission', 'VietnamCavePrison', 'codBlackops6', 'combatopration', 'ghostandela', 'mm2remastered', 'monkeyKing', 'sifu']
📋 ID→Source map: 204 entries
📂 AfghanistanRedZone: 0 source videos
📂 Callofdutyaw: 17 source videos
📂 DiabloIV: 0 source videos
📂 GODOFWAR3: 9 source videos
📂 Ghost Destroys Mexican: 0 source videos
📂 Ghost_soap_escap: 3 source videos
📂 GodofWarLaufey: 12 source videos
📂 MarvelsSpiderMan2: 34 source videos
📂 RescueOperation: 2 source videos
📂 Russian_secret_missions: 27 source videos
📂 SpiderMan2: 1 source videos
📂 VietnamCavePrison: 16 source videos
📂 codBlackops6: 8 source videos
📂 combatopration: 5 source videos
📂 ghostandela: 42 source videos
📂 mm2remastered: 12 source videos
📂 monkeyKing: 33 source videos
📂 sifu: 14 source videos
✅ FB: 100 videos
✅ IG: 100 media
🤖 Auto-reply started...
🤖 Done. 0 replies.
✅ Callofdutyaw: proceeding
🔄 Switched: AfghanistanRedZone → Callofdutyaw
📊 Callofdutyaw: total=17
✅ Source: https://github.com/Prembty12/premx-editor/releases/download/v1.0.87/Escape.from.Atlas.High.Security.Prison1.mp4
🔄 Next: DiabloIV
🔄 Commit: [main 8fe6486] Auto-Agent: Sync dashboard [skip ci]
 24 files changed, 4554 insertions(+)
 create mode 100644 GAMING_DASHBOARD.md
 create mode 100644 logs/agent_memory.json
 create mode 100644 logs/auto_reply_log.json
 create mode 100644 logs/best_time_analysis.json
 create mode 100644 logs/dashboard_history.json
 create mode 100644 logs/games/Callofdutyaw.md
 create mode 100644 logs/games/GODOFWAR3.md
 create mode 100644 logs/games/Ghost_soap_escap.md
 create mode 100644 logs/games/GodofWarLaufey.md
 create mode 100644 logs/games/MarvelsSpiderMan2.md
 create mode 100644 logs/games/RescueOperation.md
 create mode 100644 logs/games/Russian_secret_missions.md
 create mode 100644 logs/games/SpiderMan2.md
 create mode 100644 logs/games/VietnamCavePrison.md
 create mode 100644 logs/games/codBlackops6.md
 create mode 100644 logs/games/combatopration.md
 create mode 100644 logs/games/ghostandela.md
 create mode 100644 logs/games/mm2remastered.md
 create mode 100644 logs/games/monkeyKing.md
 create mode 100644 logs/games/sifu.md
 create mode 100644 logs/leaderboard/games_performance_leaderboard.json
 create mode 100644 logs/replied_comment_ids.json
 create mode 100644 logs/rotation_history.json
 create mode 100644 logs/trending_cache.json
🔄 Push: 

🚀 GAMING AGENT DASHBOARD
> Last Updated: 2026-09-27 01:03:33 AM IST
> Auto-Comment: ✅ ENABLED

📊 Callofdutyaw | Views: 0
📈 Total: 17 | Uploaded: 1 | Remaining: 17

🧠 AI Agent Raw Output: {"target_file": "game_links_editor/Callofdutyaw.txt", "game_name": "Callofdutyaw", "chosen_style": "shocking", "ai_title": "\ud83c\udfae Callofdutyaw Gameplay | #Callofdutyaw", "actual_posted_title": "", "source_url": "https://github.com/Prembty12/premx-editor/releases/download/v1.0.87/Escape.from.Atlas.High.Security.Prison1.mp4", "total_links": 17, "uploaded_count": 1, "remaining_links": 17, "next_game": "DiabloIV", "auto_comment": true}
🎮 Selected Game: Callofdutyaw | Target File: game_links_editor/Callofdutyaw.txt | Style: shocking
🔗 [STEP 4] Parsing and validating link from target file...
🔗 Validated Link Found: https://github.com/Prembty12/premx-editor/releases/download/v1.0.87/Escape.from.Atlas.High.Security.Prison35.mp4
✂️ [STEP 5] Checking source video total duration via ffprobe...
⏱️ Raw ffprobe duration output: '56.400000'
📸 [STEP 6] Extracting 90 frames preserving original proportions...
ffmpeg version 6.1.1-3ubuntu5 Copyright (c) 2000-2023 the FFmpeg developers
  built with gcc 13 (Ubuntu 13.2.0-23ubuntu3)
  configuration: --prefix=/usr --extra-version=3ubuntu5 --toolchain=hardened --libdir=/usr/lib/x86_64-linux-gnu --incdir=/usr/include/x86_64-linux-gnu --arch=amd64 --enable-gpl --disable-stripping --disable-omx --enable-gnutls --enable-libaom --enable-libass --enable-libbs2b --enable-libcaca --enable-libcdio --enable-libcodec2 --enable-libdav1d --enable-libflite --enable-libfontconfig --enable-libfreetype --enable-libfribidi --enable-libglslang --enable-libgme --enable-libgsm --enable-libharfbuzz --enable-libmp3lame --enable-libmysofa --enable-libopenjpeg --enable-libopenmpt --enable-libopus --enable-librubberband --enable-libshine --enable-libsnappy --enable-libsoxr --enable-libspeex --enable-libtheora --enable-libtwolame --enable-libvidstab --enable-libvorbis --enable-libvpx --enable-libwebp --enable-libx265 --enable-libxml2 --enable-libxvid --enable-libzimg --enable-openal --enable-opencl --enable-opengl --disable-sndio --enable-libvpl --disable-libmfx --enable-libdc1394 --enable-libdrm --enable-libiec61883 --enable-chromaprint --enable-frei0r --enable-ladspa --enable-libbluray --enable-libjack --enable-libpulse --enable-librabbitmq --enable-librist --enable-libsrt --enable-libssh --enable-libsvtav1 --enable-libx264 --enable-libzmq --enable-libzvbi --enable-lv2 --enable-sdl2 --enable-libplacebo --enable-librav1e --enable-pocketsphinx --enable-librsvg --enable-libjxl --enable-shared
  libavutil      58. 29.100 / 58. 29.100
  libavcodec     60. 31.102 / 60. 31.102
  libavformat    60. 16.100 / 60. 16.100
  libavdevice    60.  3.100 / 60.  3.100
  libavfilter     9. 12.100 /  9. 12.100
  libswscale      7.  5.100 /  7.  5.100
  libswresample   4. 12.100 /  4. 12.100
  libpostproc    57.  3.100 / 57.  3.100
Input #0, mov,mp4,m4a,3gp,3g2,mj2, from 'https://github.com/Prembty12/premx-editor/releases/download/v1.0.87/Escape.from.Atlas.High.Security.Prison35.mp4':
  Metadata:
    major_brand     : isom
    minor_version   : 512
    compatible_brands: isomiso2avc1mp41
    title           : Escape.from.Atlas.High.Security.Prison35
    artist          : PremxGamer
    encoder         : Lavf60.16.100
  Duration: 00:00:56.40, start: 0.000000, bitrate: 12364 kb/s
  Stream #0:0[0x1](und): Video: h264 (High) (avc1 / 0x31637661), yuv420p(tv, unknown/bt709/bt709, progressive), 1080x1350 [SAR 1:1 DAR 4:5], 12160 kb/s, 30 fps, 30 tbr, 15360 tbn (default)
    Metadata:
      handler_name    : VideoHandler
      vendor_id       : [0][0][0][0]
      encoder         : Lavc60.31.102 libx264
  Stream #0:1[0x2](und): Audio: aac (LC) (mp4a / 0x6134706D), 48000 Hz, stereo, fltp, 195 kb/s (default)
    Metadata:
      handler_name    : SoundHandler
      vendor_id       : [0][0][0][0]
Stream mapping:
  Stream #0:0 -> #0:0 (h264 (native) -> mjpeg (native))
Press [q] to stop, [?] for help
[swscaler @ 0x55f1e2a3b5c0] deprecated pixel format used, make sure you did set range correctly
[swscaler @ 0x55f1e2a49700] deprecated pixel format used, make sure you did set range correctly
    Last message repeated 2 times
Output #0, image2, to 'temp_frames/frame_1.jpg':
  Metadata:
    major_brand     : isom
    minor_version   : 512
    compatible_brands: isomiso2avc1mp41
    title           : Escape.from.Atlas.High.Security.Prison35
    artist          : PremxGamer
    encoder         : Lavf60.16.100
  Stream #0:0(und): Video: mjpeg, yuvj420p(pc, unknown/bt709/bt709, progressive), 1080x1350 [SAR 1:1 DAR 4:5], q=2-31, 200 kb/s, 30 fps, 30 tbn (default)
    Metadata:
      handler_name    : VideoHandler
      vendor_id       : [0][0][0][0]
      encoder         : Lavc60.31.102 mjpeg
    Side data:
      cpb: bitrate max/min/avg: 0/0/200000 buffer size: 0 vbv_delay: N/A
frame=    0 fps=0.0 q=2.0 size=       0kB time=00:00:00.00 bitrate=N/A speed=   0x    [image2 @ 0x55f1e277aec0] The specified filename 'temp_frames/frame_1.jpg' does not contain an image sequence pattern or a pattern is invalid.
[image2 @ 0x55f1e277aec0] Use a pattern such as %03d for an image sequence or use the -update option (with -frames:v 1 if needed) to write a single image.
[out#0/image2 @ 0x55f1e254dc80] video:181kB audio:0kB subtitle:0kB other streams:0kB global headers:0kB muxing overhead: unknown
frame=    1 fps=0.0 q=2.0 Lsize=N/A time=00:00:00.00 bitrate=N/A speed=   0x    
ffmpeg version 6.1.1-3ubuntu5 Copyright (c) 2000-2023 the FFmpeg developers
  built with gcc 13 (Ubuntu 13.2.0-23ubuntu3)
  configuration: --prefix=/usr --extra-version=3ubuntu5 --toolchain=hardened --libdir=/usr/lib/x86_64-linux-gnu --incdir=/usr/include/x86_64-linux-gnu --arch=amd64 --enable-gpl --disable-stripping --disable-omx --enable-gnutls --enable-libaom --enable-libass --enable-libbs2b --enable-libcaca --enable-libcdio --enable-libcodec2 --enable-libdav1d --enable-libflite --enable-libfontconfig --enable-libfreetype --enable-libfribidi --enable-libglslang --enable-libgme --enable-libgsm --enable-libharfbuzz --enable-libmp3lame --enable-libmysofa --enable-libopenjpeg --enable-libopenmpt --enable-libopus --enable-librubberband --enable-libshine --enable-libsnappy --enable-libsoxr --enable-libspeex --enable-libtheora --enable-libtwolame --enable-libvidstab --enable-libvorbis --enable-libvpx --enable-libwebp --enable-libx265 --enable-libxml2 --enable-libxvid --enable-libzimg --enable-openal --enable-opencl --enable-opengl --disable-sndio --enable-libvpl --disable-libmfx --enable-libdc1394 --enable-libdrm --enable-libiec61883 --enable-chromaprint --enable-frei0r --enable-ladspa --enable-libbluray --enable-libjack --enable-libpulse --enable-librabbitmq --enable-librist --enable-libsrt --enable-libssh --enable-libsvtav1 --enable-libx264 --enable-libzmq --enable-libzvbi --enable-lv2 --enable-sdl2 --enable-libplacebo --enable-librav1e --enable-pocketsphinx --enable-librsvg --enable-libjxl --enable-shared
  libavutil      58. 29.100 / 58. 29.100
  libavcodec     60. 31.102 / 60. 31.102
  libavformat    60. 16.100 / 60. 16.100
  libavdevice    60.  3.100 / 60.  3.100
  libavfilter     9. 12.100 /  9. 12.100
  libswscale      7.  5.100 /  7.  5.100
  libswresample   4. 12.100 /  4. 12.100
  libpostproc    57.  3.100 / 57.  3.100
Input #0, mov,mp4,m4a,3gp,3g2,mj2, from 'https://github.com/Prembty12/premx-editor/releases/download/v1.0.87/Escape.from.Atlas.High.Security.Prison35.mp4':
  Metadata:
    major_brand     : isom
    minor_version   : 512
    compatible_brands: isomiso2avc1mp41
    title           : Escape.from.Atlas.High.Security.Prison35
    artist          : PremxGamer
    encoder         : Lavf60.16.100
  Duration: 00:00:56.40, start: 0.000000, bitrate: 12364 kb/s
  Stream #0:0[0x1](und): Video: h264 (High) (avc1 / 0x31637661), yuv420p(tv, unknown/bt709/bt709, progressive), 1080x1350 [SAR 1:1 DAR 4:5], 12160 kb/s, 30 fps, 30 tbr, 15360 tbn (default)
    Metadata:
      handler_name    : VideoHandler
      vendor_id       : [0][0][0][0]
      encoder         : Lavc60.31.102 libx264
  Stream #0:1[0x2](und): Audio: aac (LC) (mp4a / 0x6134706D), 48000 Hz, stereo, fltp, 195 kb/s (default)
    Metadata:
      handler_name    : SoundHandler
      vendor_id       : [0][0][0][0]
Stream mapping:
  Stream #0:0 -> #0:0 (h264 (native) -> mjpeg (native))
Press [q] to stop, [?] for help
[swscaler @ 0x55fcb5fe65c0] deprecated pixel format used, make sure you did set range correctly
[swscaler @ 0x55fcb5ff4700] deprecated pixel format used, make sure you did set range correctly
    Last message repeated 2 times
Output #0, image2, to 'temp_frames/frame_2.jpg':
  Metadata:
    major_brand     : isom
    minor_version   : 512
    compatible_brands: isomiso2avc1mp41
    title           : Escape.from.Atlas.High.Security.Prison35
    artist          : PremxGamer
    encoder         : Lavf60.16.100
  Stream #0:0(und): Video: mjpeg, yuvj420p(pc, unknown/bt709/bt709, progressive), 1080x1350 [SAR 1:1 DAR 4:5], q=2-31, 200 kb/s, 30 fps, 30 tbn (default)
    Metadata:
      handler_name    : VideoHandler
      vendor_id       : [0][0][0][0]
      encoder         : Lavc60.31.102 mjpeg
    Side data:
      cpb: bitrate max/min/avg: 0/0/200000 buffer size: 0 vbv_delay: N/A
frame=    0 fps=0.0 q=2.0 size=       0kB time=00:00:00.00 bitrate=N/A speed=   0x    [image2 @ 0x55fcb5d25ec0] The specified filename 'temp_frames/frame_2.jpg' does not contain an image sequence pattern or a pattern is invalid.
[image2 @ 0x55fcb5d25ec0] Use a pattern such as %03d for an image sequence or use the -update option (with -frames:v 1 if needed) to write a single image.
[out#0/image2 @ 0x55fcb5af8c80] video:118kB audio:0kB subtitle:0kB other streams:0kB global headers:0kB muxing overhead: unknown
frame=    1 fps=0.0 q=2.0 Lsize=N/A time=00:00:00.00 bitrate=N/A speed=   0x    
ffmpeg version 6.1.1-3ubuntu5 Copyright (c) 2000-2023 the FFmpeg developers
  built with gcc 13 (Ubuntu 13.2.0-23ubuntu3)
  configuration: --prefix=/usr --extra-version=3ubuntu5 --toolchain=hardened --libdir=/usr/lib/x86_64-linux-gnu --incdir=/usr/include/x86_64-linux-gnu --arch=amd64 --enable-gpl --disable-stripping --disable-omx --enable-gnutls --enable-libaom --enable-libass --enable-libbs2b --enable-libcaca --enable-libcdio --enable-libcodec2 --enable-libdav1d --enable-libflite --enable-libfontconfig --enable-libfreetype --enable-libfribidi --enable-libglslang --enable-libgme --enable-libgsm --enable-libharfbuzz --enable-libmp3lame --enable-libmysofa --enable-libopenjpeg --enable-libopenmpt --enable-libopus --enable-librubberband --enable-libshine --enable-libsnappy --enable-libsoxr --enable-libspeex --enable-libtheora --enable-libtwolame --enable-libvidstab --enable-libvorbis --enable-libvpx --enable-libwebp --enable-libx265 --enable-libxml2 --enable-libxvid --enable-libzimg --enable-openal --enable-opencl --enable-opengl --disable-sndio --enable-libvpl --disable-libmfx --enable-libdc1394 --enable-libdrm --enable-libiec61883 --enable-chromaprint --enable-frei0r --enable-ladspa --enable-libbluray --enable-libjack --enable-libpulse --enable-librabbitmq --enable-librist --enable-libsrt --enable-libssh --enable-libsvtav1 --enable-libx264 --enable-libzmq --enable-libzvbi --enable-lv2 --enable-sdl2 --enable-libplacebo --enable-librav1e --enable-pocketsphinx --enable-librsvg --enable-libjxl --enable-shared
  libavutil      58. 29.100 / 58. 29.100
  libavcodec     60. 31.102 / 60. 31.102
  libavformat    60. 16.100 / 60. 16.100
  libavdevice    60.  3.100 / 60.  3.100
  libavfilter     9. 12.100 /  9. 12.100
  libswscale      7.  5.100 /  7.  5.100
  libswresample   4. 12.100 /  4. 12.100
  libpostproc    57.  3.100 / 57.  3.100
Input #0, mov,mp4,m4a,3gp,3g2,mj2, from 'https://github.com/Prembty12/premx-editor/releases/download/v1.0.87/Escape.from.Atlas.High.Security.Prison35.mp4':
  Metadata:
    major_brand     : isom
    minor_version   : 512
    compatible_brands: isomiso2avc1mp41
    title           : Escape.from.Atlas.High.Security.Prison35
    artist          : PremxGamer
    encoder         : Lavf60.16.100
  Duration: 00:00:56.40, start: 0.000000, bitrate: 12364 kb/s
  Stream #0:0[0x1](und): Video: h264 (High) (avc1 / 0x31637661), yuv420p(tv, unknown/bt709/bt709, progressive), 1080x1350 [SAR 1:1 DAR 4:5], 12160 kb/s, 30 fps, 30 tbr, 15360 tbn (default)
    Metadata:
      handler_name    : VideoHandler
      vendor_id       : [0][0][0][0]
      encoder         : Lavc60.31.102 libx264
  Stream #0:1[0x2](und): Audio: aac (LC) (mp4a / 0x6134706D), 48000 Hz, stereo, fltp, 195 kb/s (default)
    Metadata:
      handler_name    : SoundHandler
      vendor_id       : [0][0][0][0]
Stream mapping:
  Stream #0:0 -> #0:0 (h264 (native) -> mjpeg (native))
Press [q] to stop, [?] for help
[swscaler @ 0x55c9c3a145c0] deprecated pixel format used, make sure you did set range correctly
[swscaler @ 0x55c9c3a22700] deprecated pixel format used, make sure you did set range correctly
    Last message repeated 2 times
Output #0, image2, to 'temp_frames/frame_3.jpg':
  Metadata:
    major_brand     : isom
    minor_version   : 512
    compatible_brands: isomiso2avc1mp41
    title           : Escape.from.Atlas.High.Security.Prison35
    artist          : PremxGamer
    encoder         : Lavf60.16.100
  Stream #0:0(und): Video: mjpeg, yuvj420p(pc, unknown/bt709/bt709, progressive), 1080x1350 [SAR 1:1 DAR 4:5], q=2-31, 200 kb/s, 30 fps, 30 tbn (default)
    Metadata:
      handler_name    : VideoHandler
      vendor_id       : [0][0][0][0]
      encoder         : Lavc60.31.102 mjpeg
    Side data:
      cpb: bitrate max/min/avg: 0/0/200000 buffer size: 0 vbv_delay: N/A
frame=    0 fps=0.0 q=2.0 size=       0kB time=00:00:00.00 bitrate=N/A dup=1 drop=0 speed=   0x    [image2 @ 0x55c9c3753ec0] The specified filename 'temp_frames/frame_3.jpg' does not contain an image sequence pattern or a pattern is invalid.
[image2 @ 0x55c9c3753ec0] Use a pattern such as %03d for an image sequence or use the -update option (with -frames:v 1 if needed) to write a single image.
[out#0/image2 @ 0x55c9c3526c80] video:116kB audio:0kB subtitle:0kB other streams:0kB global headers:0kB muxing overhead: unknown
frame=    1 fps=0.0 q=2.0 Lsize=N/A time=00:00:00.00 bitrate=N/A dup=1 drop=0 speed=   0x    
ffmpeg version 6.1.1-3ubuntu5 Copyright (c) 2000-2023 the FFmpeg developers
  built with gcc 13 (Ubuntu 13.2.0-23ubuntu3)
  configuration: --prefix=/usr --extra-version=3ubuntu5 --toolchain=hardened --libdir=/usr/lib/x86_64-linux-gnu --incdir=/usr/include/x86_64-linux-gnu --arch=amd64 --enable-gpl --disable-stripping --disable-omx --enable-gnutls --enable-libaom --enable-libass --enable-libbs2b --enable-libcaca --enable-libcdio --enable-libcodec2 --enable-libdav1d --enable-libflite --enable-libfontconfig --enable-libfreetype --enable-libfribidi --enable-libglslang --enable-libgme --enable-libgsm --enable-libharfbuzz --enable-libmp3lame --enable-libmysofa --enable-libopenjpeg --enable-libopenmpt --enable-libopus --enable-librubberband --enable-libshine --enable-libsnappy --enable-libsoxr --enable-libspeex --enable-libtheora --enable-libtwolame --enable-libvidstab --enable-libvorbis --enable-libvpx --enable-libwebp --enable-libx265 --enable-libxml2 --enable-libxvid --enable-libzimg --enable-openal --enable-opencl --enable-opengl --disable-sndio --enable-libvpl --disable-libmfx --enable-libdc1394 --enable-libdrm --enable-libiec61883 --enable-chromaprint --enable-frei0r --enable-ladspa --enable-libbluray --enable-libjack --enable-libpulse --enable-librabbitmq --enable-librist --enable-libsrt --enable-libssh --enable-libsvtav1 --enable-libx264 --enable-libzmq --enable-libzvbi --enable-lv2 --enable-sdl2 --enable-libplacebo --enable-librav1e --enable-pocketsphinx --enable-librsvg --enable-libjxl --enable-shared
  libavutil      58. 29.100 / 58. 29.100
  libavcodec     60. 31.102 / 60. 31.102
  libavformat    60. 16.100 / 60. 16.100
  libavdevice    60.  3.100 / 60.  3.100
  libavfilter     9. 12.100 /  9. 12.100
  libswscale      7.  5.100 /  7.  5.100
  libswresample   4. 12.100 /  4. 12.100
  libpostproc    57.  3.100 / 57.  3.100
Input #0, mov,mp4,m4a,3gp,3g2,mj2, from 'https://github.com/Prembty12/premx-editor/releases/download/v1.0.87/Escape.from.Atlas.High.Security.Prison35.mp4':
  Metadata:
    major_brand     : isom
    minor_version   : 512
    compatible_brands: isomiso2avc1mp41
    title           : Escape.from.Atlas.High.Security.Prison35
    artist          : PremxGamer
    encoder         : Lavf60.16.100
  Duration: 00:00:56.40, start: 0.000000, bitrate: 12364 kb/s
  Stream #0:0[0x1](und): Video: h264 (High) (avc1 / 0x31637661), yuv420p(tv, unknown/bt709/bt709, progressive), 1080x1350 [SAR 1:1 DAR 4:5], 12160 kb/s, 30 fps, 30 tbr, 15360 tbn (default)
    Metadata:
      handler_name    : VideoHandler
      vendor_id       : [0][0][0][0]
      encoder         : Lavc60.31.102 libx264
  Stream #0:1[0x2](und): Audio: aac (LC) (mp4a / 0x6134706D), 48000 Hz, stereo, fltp, 195 kb/s (default)
    Metadata:
      handler_name    : SoundHandler
      vendor_id       : [0][0][0][0]
Stream mapping:
  Stream #0:0 -> #0:0 (h264 (native) -> mjpeg (native))
Press [q] to stop, [?] for help
[swscaler @ 0x5566a66f35c0] deprecated pixel format used, make sure you did set range correctly
[swscaler @ 0x5566a6701700] deprecated pixel format used, make sure you did set range correctly
    Last message repeated 2 times
Output #0, image2, to 'temp_frames/frame_4.jpg':
  Metadata:
    major_brand     : isom
    minor_version   : 512
    compatible_brands: isomiso2avc1mp41
    title           : Escape.from.Atlas.High.Security.Prison35
    artist          : PremxGamer
    encoder         : Lavf60.16.100
  Stream #0:0(und): Video: mjpeg, yuvj420p(pc, unknown/bt709/bt709, progressive), 1080x1350 [SAR 1:1 DAR 4:5], q=2-31, 200 kb/s, 30 fps, 30 tbn (default)
    Metadata:
      handler_name    : VideoHandler
      vendor_id       : [0][0][0][0]
      encoder         : Lavc60.31.102 mjpeg
    Side data:
      cpb: bitrate max/min/avg: 0/0/200000 buffer size: 0 vbv_delay: N/A
[image2 @ 0x5566a6432ec0] The specified filename 'temp_frames/frame_4.jpg' does not contain an image sequence pattern or a pattern is invalid.
[image2 @ 0x5566a6432ec0] Use a pattern such as %03d for an image sequence or use the -update option (with -frames:v 1 if needed) to write a single image.
frame=    1 fps=0.0 q=2.0 size=N/A time=00:00:00.00 bitrate=N/A dup=1 drop=0 speed=   0x    [out#0/image2 @ 0x5566a6205c80] video:140kB audio:0kB subtitle:0kB other streams:0kB global headers:0kB muxing overhead: unknown
frame=    1 fps=0.0 q=2.0 Lsize=N/A time=00:00:00.00 bitrate=N/A dup=1 drop=0 speed=   0x    
ffmpeg version 6.1.1-3ubuntu5 Copyright (c) 2000-2023 the FFmpeg developers
  built with gcc 13 (Ubuntu 13.2.0-23ubuntu3)
  configuration: --prefix=/usr --extra-version=3ubuntu5 --toolchain=hardened --libdir=/usr/lib/x86_64-linux-gnu --incdir=/usr/include/x86_64-linux-gnu --arch=amd64 --enable-gpl --disable-stripping --disable-omx --enable-gnutls --enable-libaom --enable-libass --enable-libbs2b --enable-libcaca --enable-libcdio --enable-libcodec2 --enable-libdav1d --enable-libflite --enable-libfontconfig --enable-libfreetype --enable-libfribidi --enable-libglslang --enable-libgme --enable-libgsm --enable-libharfbuzz --enable-libmp3lame --enable-libmysofa --enable-libopenjpeg --enable-libopenmpt --enable-libopus --enable-librubberband --enable-libshine --enable-libsnappy --enable-libsoxr --enable-libspeex --enable-libtheora --enable-libtwolame --enable-libvidstab --enable-libvorbis --enable-libvpx --enable-libwebp --enable-libx265 --enable-libxml2 --enable-libxvid --enable-libzimg --enable-openal --enable-opencl --enable-opengl --disable-sndio --enable-libvpl --disable-libmfx --enable-libdc1394 --enable-libdrm --enable-libiec61883 --enable-chromaprint --enable-frei0r --enable-ladspa --enable-libbluray --enable-libjack --enable-libpulse --enable-librabbitmq --enable-librist --enable-libsrt --enable-libssh --enable-libsvtav1 --enable-libx264 --enable-libzmq --enable-libzvbi --enable-lv2 --enable-sdl2 --enable-libplacebo --enable-librav1e --enable-pocketsphinx --enable-librsvg --enable-libjxl --enable-shared
  libavutil      58. 29.100 / 58. 29.100
  libavcodec     60. 31.102 / 60. 31.102
  libavformat    60. 16.100 / 60. 16.100
  libavdevice    60.  3.100 / 60.  3.100
  libavfilter     9. 12.100 /  9. 12.100
  libswscale      7.  5.100 /  7.  5.100
  libswresample   4. 12.100 /  4. 12.100
  libpostproc    57.  3.100 / 57.  3.100
Input #0, mov,mp4,m4a,3gp,3g2,mj2, from 'https://github.com/Prembty12/premx-editor/releases/download/v1.0.87/Escape.from.Atlas.High.Security.Prison35.mp4':
  Metadata:
    major_brand     : isom
    minor_version   : 512
    compatible_brands: isomiso2avc1mp41
    title           : Escape.from.Atlas.High.Security.Prison35
    artist          : PremxGamer
    encoder         : Lavf60.16.100
  Duration: 00:00:56.40, start: 0.000000, bitrate: 12364 kb/s
  Stream #0:0[0x1](und): Video: h264 (High) (avc1 / 0x31637661), yuv420p(tv, unknown/bt709/bt709, progressive), 1080x1350 [SAR 1:1 DAR 4:5], 12160 kb/s, 30 fps, 30 tbr, 15360 tbn (default)
    Metadata:
      handler_name    : VideoHandler
      vendor_id       : [0][0][0][0]
      encoder         : Lavc60.31.102 libx264
  Stream #0:1[0x2](und): Audio: aac (LC) (mp4a / 0x6134706D), 48000 Hz, stereo, fltp, 195 kb/s (default)
    Metadata:
      handler_name    : SoundHandler
      vendor_id       : [0][0][0][0]
Stream mapping:
  Stream #0:0 -> #0:0 (h264 (native) -> mjpeg (native))
Press [q] to stop, [?] for help
[swscaler @ 0x5566302b27c0] deprecated pixel format used, make sure you did set range correctly
    Last message repeated 3 times
Output #0, image2, to 'temp_frames/frame_5.jpg':
  Metadata:
    major_brand     : isom
    minor_version   : 512
    compatible_brands: isomiso2avc1mp41
    title           : Escape.from.Atlas.High.Security.Prison35
    artist          : PremxGamer
    encoder         : Lavf60.16.100
  Stream #0:0(und): Video: mjpeg, yuvj420p(pc, unknown/bt709/bt709, progressive), 1080x1350 [SAR 1:1 DAR 4:5], q=2-31, 200 kb/s, 30 fps, 30 tbn (default)
    Metadata:
      handler_name    : VideoHandler
      vendor_id       : [0][0][0][0]
      encoder         : Lavc60.31.102 mjpeg
    Side data:
      cpb: bitrate max/min/avg: 0/0/200000 buffer size: 0 vbv_delay: N/A
frame=    0 fps=0.0 q=2.0 size=       0kB time=00:00:00.00 bitrate=N/A speed=   0x    [image2 @ 0x556630419ec0] The specified filename 'temp_frames/frame_5.jpg' does not contain an image sequence pattern or a pattern is invalid.
[image2 @ 0x556630419ec0] Use a pattern such as %03d for an image sequence or use the -update option (with -frames:v 1 if needed) to write a single image.
[out#0/image2 @ 0x5566301ecc80] video:127kB audio:0kB subtitle:0kB other streams:0kB global headers:0kB muxing overhead: unknown
frame=    1 fps=0.0 q=2.0 Lsize=N/A time=00:00:00.00 bitrate=N/A speed=   0x    
ffmpeg version 6.1.1-3ubuntu5 Copyright (c) 2000-2023 the FFmpeg developers
  built with gcc 13 (Ubuntu 13.2.0-23ubuntu3)
  configuration: --prefix=/usr --extra-version=3ubuntu5 --toolchain=hardened --libdir=/usr/lib/x86_64-linux-gnu --incdir=/usr/include/x86_64-linux-gnu --arch=amd64 --enable-gpl --disable-stripping --disable-omx --enable-gnutls --enable-libaom --enable-libass --enable-libbs2b --enable-libcaca --enable-libcdio --enable-libcodec2 --enable-libdav1d --enable-libflite --enable-libfontconfig --enable-libfreetype --enable-libfribidi --enable-libglslang --enable-libgme --enable-libgsm --enable-libharfbuzz --enable-libmp3lame --enable-libmysofa --enable-libopenjpeg --enable-libopenmpt --enable-libopus --enable-librubberband --enable-libshine --enable-libsnappy --enable-libsoxr --enable-libspeex --enable-libtheora --enable-libtwolame --enable-libvidstab --enable-libvorbis --enable-libvpx --enable-libwebp --enable-libx265 --enable-libxml2 --enable-libxvid --enable-libzimg --enable-openal --enable-opencl --enable-opengl --disable-sndio --enable-libvpl --disable-libmfx --enable-libdc1394 --enable-libdrm --enable-libiec61883 --enable-chromaprint --enable-frei0r --enable-ladspa --enable-libbluray --enable-libjack --enable-libpulse --enable-librabbitmq --enable-librist --enable-libsrt --enable-libssh --enable-libsvtav1 --enable-libx264 --enable-libzmq --enable-libzvbi --enable-lv2 --enable-sdl2 --enable-libplacebo --enable-librav1e --enable-pocketsphinx --enable-librsvg --enable-libjxl --enable-shared
  libavutil      58. 29.100 / 58. 29.100
  libavcodec     60. 31.102 / 60. 31.102
  libavformat    60. 16.100 / 60. 16.100
  libavdevice    60.  3.100 / 60.  3.100
  libavfilter     9. 12.100 /  9. 12.100
  libswscale      7.  5.100 /  7.  5.100
  libswresample   4. 12.100 /  4. 12.100
  libpostproc    57.  3.100 / 57.  3.100
Input #0, mov,mp4,m4a,3gp,3g2,mj2, from 'https://github.com/Prembty12/premx-editor/releases/download/v1.0.87/Escape.from.Atlas.High.Security.Prison35.mp4':
  Metadata:
    major_brand     : isom
    minor_version   : 512
    compatible_brands: isomiso2avc1mp41
    title           : Escape.from.Atlas.High.Security.Prison35
    artist          : PremxGamer
    encoder         : Lavf60.16.100
  Duration: 00:00:56.40, start: 0.000000, bitrate: 12364 kb/s
  Stream #0:0[0x1](und): Video: h264 (High) (avc1 / 0x31637661), yuv420p(tv, unknown/bt709/bt709, progressive), 1080x1350 [SAR 1:1 DAR 4:5], 12160 kb/s, 30 fps, 30 tbr, 15360 tbn (default)
    Metadata:
      handler_name    : VideoHandler
      vendor_id       : [0][0][0][0]
      encoder         : Lavc60.31.102 libx264
  Stream #0:1[0x2](und): Audio: aac (LC) (mp4a / 0x6134706D), 48000 Hz, stereo, fltp, 195 kb/s (default)
    Metadata:
      handler_name    : SoundHandler
      vendor_id       : [0][0][0][0]
Stream mapping:
  Stream #0:0 -> #0:0 (h264 (native) -> mjpeg (native))
Press [q] to stop, [?] for help
[swscaler @ 0x55593f5d17c0] deprecated pixel format used, make sure you did set range correctly
    Last message repeated 3 times
Output #0, image2, to 'temp_frames/frame_6.jpg':
  Metadata:
    major_brand     : isom
    minor_version   : 512
    compatible_brands: isomiso2avc1mp41
    title           : Escape.from.Atlas.High.Security.Prison35
    artist          : PremxGamer
    encoder         : Lavf60.16.100
  Stream #0:0(und): Video: mjpeg, yuvj420p(pc, unknown/bt709/bt709, progressive), 1080x1350 [SAR 1:1 DAR 4:5], q=2-31, 200 kb/s, 30 fps, 30 tbn (default)
    Metadata:
      handler_name    : VideoHandler
      vendor_id       : [0][0][0][0]
      encoder         : Lavc60.31.102 mjpeg
    Side data:
      cpb: bitrate max/min/avg: 0/0/200000 buffer size: 0 vbv_delay: N/A
frame=    0 fps=0.0 q=2.0 size=       0kB time=00:00:00.00 bitrate=N/A dup=1 drop=0 speed=   0x    [image2 @ 0x55593f738ec0] The specified filename 'temp_frames/frame_6.jpg' does not contain an image sequence pattern or a pattern is invalid.
[image2 @ 0x55593f738ec0] Use a pattern such as %03d for an image sequence or use the -update option (with -frames:v 1 if needed) to write a single image.
[out#0/image2 @ 0x55593f50bc80] video:128kB audio:0kB subtitle:0kB other streams:0kB global headers:0kB muxing overhead: unknown
frame=    1 fps=0.0 q=2.0 Lsize=N/A time=00:00:00.00 bitrate=N/A dup=1 drop=0 speed=   0x    
ffmpeg version 6.1.1-3ubuntu5 Copyright (c) 2000-2023 the FFmpeg developers
  built with gcc 13 (Ubuntu 13.2.0-23ubuntu3)
  configuration: --prefix=/usr --extra-version=3ubuntu5 --toolchain=hardened --libdir=/usr/lib/x86_64-linux-gnu --incdir=/usr/include/x86_64-linux-gnu --arch=amd64 --enable-gpl --disable-stripping --disable-omx --enable-gnutls --enable-libaom --enable-libass --enable-libbs2b --enable-libcaca --enable-libcdio --enable-libcodec2 --enable-libdav1d --enable-libflite --enable-libfontconfig --enable-libfreetype --enable-libfribidi --enable-libglslang --enable-libgme --enable-libgsm --enable-libharfbuzz --enable-libmp3lame --enable-libmysofa --enable-libopenjpeg --enable-libopenmpt --enable-libopus --enable-librubberband --enable-libshine --enable-libsnappy --enable-libsoxr --enable-libspeex --enable-libtheora --enable-libtwolame --enable-libvidstab --enable-libvorbis --enable-libvpx --enable-libwebp --enable-libx265 --enable-libxml2 --enable-libxvid --enable-libzimg --enable-openal --enable-opencl --enable-opengl --disable-sndio --enable-libvpl --disable-libmfx --enable-libdc1394 --enable-libdrm --enable-libiec61883 --enable-chromaprint --enable-frei0r --enable-ladspa --enable-libbluray --enable-libjack --enable-libpulse --enable-librabbitmq --enable-librist --enable-libsrt --enable-libssh --enable-libsvtav1 --enable-libx264 --enable-libzmq --enable-libzvbi --enable-lv2 --enable-sdl2 --enable-libplacebo --enable-librav1e --enable-pocketsphinx --enable-librsvg --enable-libjxl --enable-shared
  libavutil      58. 29.100 / 58. 29.100
  libavcodec     60. 31.102 / 60. 31.102
  libavformat    60. 16.100 / 60. 16.100
  libavdevice    60.  3.100 / 60.  3.100
  libavfilter     9. 12.100 /  9. 12.100
  libswscale      7.  5.100 /  7.  5.100
  libswresample   4. 12.100 /  4. 12.100
  libpostproc    57.  3.100 / 57.  3.100
Input #0, mov,mp4,m4a,3gp,3g2,mj2, from 'https://github.com/Prembty12/premx-editor/releases/download/v1.0.87/Escape.from.Atlas.High.Security.Prison35.mp4':
  Metadata:
    major_brand     : isom
    minor_version   : 512
    compatible_brands: isomiso2avc1mp41
    title           : Escape.from.Atlas.High.Security.Prison35
    artist          : PremxGamer
    encoder         : Lavf60.16.100
  Duration: 00:00:56.40, start: 0.000000, bitrate: 12364 kb/s
  Stream #0:0[0x1](und): Video: h264 (High) (avc1 / 0x31637661), yuv420p(tv, unknown/bt709/bt709, progressive), 1080x1350 [SAR 1:1 DAR 4:5], 12160 kb/s, 30 fps, 30 tbr, 15360 tbn (default)
    Metadata:
      handler_name    : VideoHandler
      vendor_id       : [0][0][0][0]
      encoder         : Lavc60.31.102 libx264
  Stream #0:1[0x2](und): Audio: aac (LC) (mp4a / 0x6134706D), 48000 Hz, stereo, fltp, 195 kb/s (default)
    Metadata:
      handler_name    : SoundHandler
      vendor_id       : [0][0][0][0]
Stream mapping:
  Stream #0:0 -> #0:0 (h264 (native) -> mjpeg (native))
Press [q] to stop, [?] for help
[swscaler @ 0x56549a4db7c0] deprecated pixel format used, make sure you did set range correctly
    Last message repeated 3 times
Output #0, image2, to 'temp_frames/frame_7.jpg':
  Metadata:
    major_brand     : isom
    minor_version   : 512
    compatible_brands: isomiso2avc1mp41
    title           : Escape.from.Atlas.High.Security.Prison35
    artist          : PremxGamer
    encoder         : Lavf60.16.100
  Stream #0:0(und): Video: mjpeg, yuvj420p(pc, unknown/bt709/bt709, progressive), 1080x1350 [SAR 1:1 DAR 4:5], q=2-31, 200 kb/s, 30 fps, 30 tbn (default)
    Metadata:
      handler_name    : VideoHandler
      vendor_id       : [0][0][0][0]
      encoder         : Lavc60.31.102 mjpeg
    Side data:
      cpb: bitrate max/min/avg: 0/0/200000 buffer size: 0 vbv_delay: N/A
frame=    0 fps=0.0 q=2.0 size=       0kB time=00:00:00.00 bitrate=N/A speed=   0x    [image2 @ 0x56549a642ec0] The specified filename 'temp_frames/frame_7.jpg' does not contain an image sequence pattern or a pattern is invalid.
[image2 @ 0x56549a642ec0] Use a pattern such as %03d for an image sequence or use the -update option (with -frames:v 1 if needed) to write a single image.
[out#0/image2 @ 0x56549a415c80] video:141kB audio:0kB subtitle:0kB other streams:0kB global headers:0kB muxing overhead: unknown
frame=    1 fps=0.0 q=2.0 Lsize=N/A time=00:00:00.00 bitrate=N/A speed=   0x    
ffmpeg version 6.1.1-3ubuntu5 Copyright (c) 2000-2023 the FFmpeg developers
  built with gcc 13 (Ubuntu 13.2.0-23ubuntu3)
  configuration: --prefix=/usr --extra-version=3ubuntu5 --toolchain=hardened --libdir=/usr/lib/x86_64-linux-gnu --incdir=/usr/include/x86_64-linux-gnu --arch=amd64 --enable-gpl --disable-stripping --disable-omx --enable-gnutls --enable-libaom --enable-libass --enable-libbs2b --enable-libcaca --enable-libcdio --enable-libcodec2 --enable-libdav1d --enable-libflite --enable-libfontconfig --enable-libfreetype --enable-libfribidi --enable-libglslang --enable-libgme --enable-libgsm --enable-libharfbuzz --enable-libmp3lame --enable-libmysofa --enable-libopenjpeg --enable-libopenmpt --enable-libopus --enable-librubberband --enable-libshine --enable-libsnappy --enable-libsoxr --enable-libspeex --enable-libtheora --enable-libtwolame --enable-libvidstab --enable-libvorbis --enable-libvpx --enable-libwebp --enable-libx265 --enable-libxml2 --enable-libxvid --enable-libzimg --enable-openal --enable-opencl --enable-opengl --disable-sndio --enable-libvpl --disable-libmfx --enable-libdc1394 --enable-libdrm --enable-libiec61883 --enable-chromaprint --enable-frei0r --enable-ladspa --enable-libbluray --enable-libjack --enable-libpulse --enable-librabbitmq --enable-librist --enable-libsrt --enable-libssh --enable-libsvtav1 --enable-libx264 --enable-libzmq --enable-libzvbi --enable-lv2 --enable-sdl2 --enable-libplacebo --enable-librav1e --enable-pocketsphinx --enable-librsvg --enable-libjxl --enable-shared
  libavutil      58. 29.100 / 58. 29.100
  libavcodec     60. 31.102 / 60. 31.102
  libavformat    60. 16.100 / 60. 16.100
  libavdevice    60.  3.100 / 60.  3.100
  libavfilter     9. 12.100 /  9. 12.100
  libswscale      7.  5.100 /  7.  5.100
  libswresample   4. 12.100 /  4. 12.100
  libpostproc    57.  3.100 / 57.  3.100
Input #0, mov,mp4,m4a,3gp,3g2,mj2, from 'https://github.com/Prembty12/premx-editor/releases/download/v1.0.87/Escape.from.Atlas.High.Security.Prison35.mp4':
  Metadata:
    major_brand     : isom
    minor_version   : 512
    compatible_brands: isomiso2avc1mp41
    title           : Escape.from.Atlas.High.Security.Prison35
    artist          : PremxGamer
    encoder         : Lavf60.16.100
  Duration: 00:00:56.40, start: 0.000000, bitrate: 12364 kb/s
  Stream #0:0[0x1](und): Video: h264 (High) (avc1 / 0x31637661), yuv420p(tv, unknown/bt709/bt709, progressive), 1080x1350 [SAR 1:1 DAR 4:5], 12160 kb/s, 30 fps, 30 tbr, 15360 tbn (default)
    Metadata:
      handler_name    : VideoHandler
      vendor_id       : [0][0][0][0]
      encoder         : Lavc60.31.102 libx264
  Stream #0:1[0x2](und): Audio: aac (LC) (mp4a / 0x6134706D), 48000 Hz, stereo, fltp, 195 kb/s (default)
    Metadata:
      handler_name    : SoundHandler
      vendor_id       : [0][0][0][0]
Stream mapping:
  Stream #0:0 -> #0:0 (h264 (native) -> mjpeg (native))
Press [q] to stop, [?] for help
[swscaler @ 0x55d70d9037c0] deprecated pixel format used, make sure you did set range correctly
    Last message repeated 3 times
Output #0, image2, to 'temp_frames/frame_8.jpg':
  Metadata:
    major_brand     : isom
    minor_version   : 512
    compatible_brands: isomiso2avc1mp41
    title           : Escape.from.Atlas.High.Security.Prison35
    artist          : PremxGamer
    encoder         : Lavf60.16.100
  Stream #0:0(und): Video: mjpeg, yuvj420p(pc, unknown/bt709/bt709, progressive), 1080x1350 [SAR 1:1 DAR 4:5], q=2-31, 200 kb/s, 30 fps, 30 tbn (default)
    Metadata:
      handler_name    : VideoHandler
      vendor_id       : [0][0][0][0]
      encoder         : Lavc60.31.102 mjpeg
    Side data:
      cpb: bitrate max/min/avg: 0/0/200000 buffer size: 0 vbv_delay: N/A
frame=    0 fps=0.0 q=2.0 size=       0kB time=00:00:00.00 bitrate=N/A speed=   0x    [image2 @ 0x55d70da6aec0] The specified filename 'temp_frames/frame_8.jpg' does not contain an image sequence pattern or a pattern is invalid.
[image2 @ 0x55d70da6aec0] Use a pattern such as %03d for an image sequence or use the -update option (with -frames:v 1 if needed) to write a single image.
[out#0/image2 @ 0x55d70d83dc80] video:138kB audio:0kB subtitle:0kB other streams:0kB global headers:0kB muxing overhead: unknown
frame=    1 fps=0.0 q=2.0 Lsize=N/A time=00:00:00.00 bitrate=N/A speed=   0x    
ffmpeg version 6.1.1-3ubuntu5 Copyright (c) 2000-2023 the FFmpeg developers
  built with gcc 13 (Ubuntu 13.2.0-23ubuntu3)
  configuration: --prefix=/usr --extra-version=3ubuntu5 --toolchain=hardened --libdir=/usr/lib/x86_64-linux-gnu --incdir=/usr/include/x86_64-linux-gnu --arch=amd64 --enable-gpl --disable-stripping --disable-omx --enable-gnutls --enable-libaom --enable-libass --enable-libbs2b --enable-libcaca --enable-libcdio --enable-libcodec2 --enable-libdav1d --enable-libflite --enable-libfontconfig --enable-libfreetype --enable-libfribidi --enable-libglslang --enable-libgme --enable-libgsm --enable-libharfbuzz --enable-libmp3lame --enable-libmysofa --enable-libopenjpeg --enable-libopenmpt --enable-libopus --enable-librubberband --enable-libshine --enable-libsnappy --enable-libsoxr --enable-libspeex --enable-libtheora --enable-libtwolame --enable-libvidstab --enable-libvorbis --enable-libvpx --enable-libwebp --enable-libx265 --enable-libxml2 --enable-libxvid --enable-libzimg --enable-openal --enable-opencl --enable-opengl --disable-sndio --enable-libvpl --disable-libmfx --enable-libdc1394 --enable-libdrm --enable-libiec61883 --enable-chromaprint --enable-frei0r --enable-ladspa --enable-libbluray --enable-libjack --enable-libpulse --enable-librabbitmq --enable-librist --enable-libsrt --enable-libssh --enable-libsvtav1 --enable-libx264 --enable-libzmq --enable-libzvbi --enable-lv2 --enable-sdl2 --enable-libplacebo --enable-librav1e --enable-pocketsphinx --enable-librsvg --enable-libjxl --enable-shared
  libavutil      58. 29.100 / 58. 29.100
  libavcodec     60. 31.102 / 60. 31.102
  libavformat    60. 16.100 / 60. 16.100
  libavdevice    60.  3.100 / 60.  3.100
  libavfilter     9. 12.100 /  9. 12.100
  libswscale      7.  5.100 /  7.  5.100
  libswresample   4. 12.100 /  4. 12.100
  libpostproc    57.  3.100 / 57.  3.100
Input #0, mov,mp4,m4a,3gp,3g2,mj2, from 'https://github.com/Prembty12/premx-editor/releases/download/v1.0.87/Escape.from.Atlas.High.Security.Prison35.mp4':
  Metadata:
    major_brand     : isom
    minor_version   : 512
    compatible_brands: isomiso2avc1mp41
    title           : Escape.from.Atlas.High.Security.Prison35
    artist          : PremxGamer
    encoder         : Lavf60.16.100
  Duration: 00:00:56.40, start: 0.000000, bitrate: 12364 kb/s
  Stream #0:0[0x1](und): Video: h264 (High) (avc1 / 0x31637661), yuv420p(tv, unknown/bt709/bt709, progressive), 1080x1350 [SAR 1:1 DAR 4:5], 12160 kb/s, 30 fps, 30 tbr, 15360 tbn (default)
    Metadata:
      handler_name    : VideoHandler
      vendor_id       : [0][0][0][0]
      encoder         : Lavc60.31.102 libx264
  Stream #0:1[0x2](und): Audio: aac (LC) (mp4a / 0x6134706D), 48000 Hz, stereo, fltp, 195 kb/s (default)
    Metadata:
      handler_name    : SoundHandler
      vendor_id       : [0][0][0][0]
Stream mapping:
  Stream #0:0 -> #0:0 (h264 (native) -> mjpeg (native))
Press [q] to stop, [?] for help
[swscaler @ 0x55e856f887c0] deprecated pixel format used, make sure you did set range correctly
    Last message repeated 3 times
Output #0, image2, to 'temp_frames/frame_9.jpg':
  Metadata:
    major_brand     : isom
    minor_version   : 512
    compatible_brands: isomiso2avc1mp41
    title           : Escape.from.Atlas.High.Security.Prison35
    artist          : PremxGamer
    encoder         : Lavf60.16.100
  Stream #0:0(und): Video: mjpeg, yuvj420p(pc, unknown/bt709/bt709, progressive), 1080x1350 [SAR 1:1 DAR 4:5], q=2-31, 200 kb/s, 30 fps, 30 tbn (default)
    Metadata:
      handler_name    : VideoHandler
      vendor_id       : [0][0][0][0]
      encoder         : Lavc60.31.102 mjpeg
    Side data:
      cpb: bitrate max/min/avg: 0/0/200000 buffer size: 0 vbv_delay: N/A
frame=    0 fps=0.0 q=2.0 size=       0kB time=00:00:00.00 bitrate=N/A dup=1 drop=0 speed=   0x    [image2 @ 0x55e8570efec0] The specified filename 'temp_frames/frame_9.jpg' does not contain an image sequence pattern or a pattern is invalid.
[image2 @ 0x55e8570efec0] Use a pattern such as %03d for an image sequence or use the -update option (with -frames:v 1 if needed) to write a single image.
[out#0/image2 @ 0x55e856ec2c80] video:155kB audio:0kB subtitle:0kB other streams:0kB global headers:0kB muxing overhead: unknown
frame=    1 fps=0.0 q=2.0 Lsize=N/A time=00:00:00.00 bitrate=N/A dup=1 drop=0 speed=   0x    
ffmpeg version 6.1.1-3ubuntu5 Copyright (c) 2000-2023 the FFmpeg developers
  built with gcc 13 (Ubuntu 13.2.0-23ubuntu3)
  configuration: --prefix=/usr --extra-version=3ubuntu5 --toolchain=hardened --libdir=/usr/lib/x86_64-linux-gnu --incdir=/usr/include/x86_64-linux-gnu --arch=amd64 --enable-gpl --disable-stripping --disable-omx --enable-gnutls --enable-libaom --enable-libass --enable-libbs2b --enable-libcaca --enable-libcdio --enable-libcodec2 --enable-libdav1d --enable-libflite --enable-libfontconfig --enable-libfreetype --enable-libfribidi --enable-libglslang --enable-libgme --enable-libgsm --enable-libharfbuzz --enable-libmp3lame --enable-libmysofa --enable-libopenjpeg --enable-libopenmpt --enable-libopus --enable-librubberband --enable-libshine --enable-libsnappy --enable-libsoxr --enable-libspeex --enable-libtheora --enable-libtwolame --enable-libvidstab --enable-libvorbis --enable-libvpx --enable-libwebp --enable-libx265 --enable-libxml2 --enable-libxvid --enable-libzimg --enable-openal --enable-opencl --enable-opengl --disable-sndio --enable-libvpl --disable-libmfx --enable-libdc1394 --enable-libdrm --enable-libiec61883 --enable-chromaprint --enable-frei0r --enable-ladspa --enable-libbluray --enable-libjack --enable-libpulse --enable-librabbitmq --enable-librist --enable-libsrt --enable-libssh --enable-libsvtav1 --enable-libx264 --enable-libzmq --enable-libzvbi --enable-lv2 --enable-sdl2 --enable-libplacebo --enable-librav1e --enable-pocketsphinx --enable-librsvg --enable-libjxl --enable-shared
  libavutil      58. 29.100 / 58. 29.100
  libavcodec     60. 31.102 / 60. 31.102
  libavformat    60. 16.100 / 60. 16.100
  libavdevice    60.  3.100 / 60.  3.100
  libavfilter     9. 12.100 /  9. 12.100
  libswscale      7.  5.100 /  7.  5.100
  libswresample   4. 12.100 /  4. 12.100
  libpostproc    57.  3.100 / 57.  3.100
Input #0, mov,mp4,m4a,3gp,3g2,mj2, from 'https://github.com/Prembty12/premx-editor/releases/download/v1.0.87/Escape.from.Atlas.High.Security.Prison35.mp4':
  Metadata:
    major_brand     : isom
    minor_version   : 512
    compatible_brands: isomiso2avc1mp41
    title           : Escape.from.Atlas.High.Security.Prison35
    artist          : PremxGamer
    encoder         : Lavf60.16.100
  Duration: 00:00:56.40, start: 0.000000, bitrate: 12364 kb/s
  Stream #0:0[0x1](und): Video: h264 (High) (avc1 / 0x31637661), yuv420p(tv, unknown/bt709/bt709, progressive), 1080x1350 [SAR 1:1 DAR 4:5], 12160 kb/s, 30 fps, 30 tbr, 15360 tbn (default)
    Metadata:
      handler_name    : VideoHandler
      vendor_id       : [0][0][0][0]
      encoder         : Lavc60.31.102 libx264
  Stream #0:1[0x2](und): Audio: aac (LC) (mp4a / 0x6134706D), 48000 Hz, stereo, fltp, 195 kb/s (default)
    Metadata:
      handler_name    : SoundHandler
      vendor_id       : [0][0][0][0]
Stream mapping:
  Stream #0:0 -> #0:0 (h264 (native) -> mjpeg (native))
Press [q] to stop, [?] for help
[swscaler @ 0x55a93e04c7c0] deprecated pixel format used, make sure you did set range correctly
    Last message repeated 3 times
Output #0, image2, to 'temp_frames/frame_10.jpg':
  Metadata:
    major_brand     : isom
    minor_version   : 512
    compatible_brands: isomiso2avc1mp41
    title           : Escape.from.Atlas.High.Security.Prison35
    artist          : PremxGamer
    encoder         : Lavf60.16.100
  Stream #0:0(und): Video: mjpeg, yuvj420p(pc, unknown/bt709/bt709, progressive), 1080x1350 [SAR 1:1 DAR 4:5], q=2-31, 200 kb/s, 30 fps, 30 tbn (default)
    Metadata:
      handler_name    : VideoHandler
      vendor_id       : [0][0][0][0]
      encoder         : Lavc60.31.102 mjpeg
    Side data:
      cpb: bitrate max/min/avg: 0/0/200000 buffer size: 0 vbv_delay: N/A
frame=    0 fps=0.0 q=2.0 size=       0kB time=00:00:00.00 bitrate=N/A speed=   0x    [image2 @ 0x55a93e1b3ec0] The specified filename 'temp_frames/frame_10.jpg' does not contain an image sequence pattern or a pattern is invalid.
[image2 @ 0x55a93e1b3ec0] Use a pattern such as %03d for an image sequence or use the -update option (with -frames:v 1 if needed) to write a single image.
[out#0/image2 @ 0x55a93df86c80] video:208kB audio:0kB subtitle:0kB other streams:0kB global headers:0kB muxing overhead: unknown
frame=    1 fps=0.0 q=2.0 Lsize=N/A time=00:00:00.00 bitrate=N/A speed=   0x    
ffmpeg version 6.1.1-3ubuntu5 Copyright (c) 2000-2023 the FFmpeg developers
  built with gcc 13 (Ubuntu 13.2.0-23ubuntu3)
  configuration: --prefix=/usr --extra-version=3ubuntu5 --toolchain=hardened --libdir=/usr/lib/x86_64-linux-gnu --incdir=/usr/include/x86_64-linux-gnu --arch=amd64 --enable-gpl --disable-stripping --disable-omx --enable-gnutls --enable-libaom --enable-libass --enable-libbs2b --enable-libcaca --enable-libcdio --enable-libcodec2 --enable-libdav1d --enable-libflite --enable-libfontconfig --enable-libfreetype --enable-libfribidi --enable-libglslang --enable-libgme --enable-libgsm --enable-libharfbuzz --enable-libmp3lame --enable-libmysofa --enable-libopenjpeg --enable-libopenmpt --enable-libopus --enable-librubberband --enable-libshine --enable-libsnappy --enable-libsoxr --enable-libspeex --enable-libtheora --enable-libtwolame --enable-libvidstab --enable-libvorbis --enable-libvpx --enable-libwebp --enable-libx265 --enable-libxml2 --enable-libxvid --enable-libzimg --enable-openal --enable-opencl --enable-opengl --disable-sndio --enable-libvpl --disable-libmfx --enable-libdc1394 --enable-libdrm --enable-libiec61883 --enable-chromaprint --enable-frei0r --enable-ladspa --enable-libbluray --enable-libjack --enable-libpulse --enable-librabbitmq --enable-librist --enable-libsrt --enable-libssh --enable-libsvtav1 --enable-libx264 --enable-libzmq --enable-libzvbi --enable-lv2 --enable-sdl2 --enable-libplacebo --enable-librav1e --enable-pocketsphinx --enable-librsvg --enable-libjxl --enable-shared
  libavutil      58. 29.100 / 58. 29.100
  libavcodec     60. 31.102 / 60. 31.102
  libavformat    60. 16.100 / 60. 16.100
  libavdevice    60.  3.100 / 60.  3.100
  libavfilter     9. 12.100 /  9. 12.100
  libswscale      7.  5.100 /  7.  5.100
  libswresample   4. 12.100 /  4. 12.100
  libpostproc    57.  3.100 / 57.  3.100
Input #0, mov,mp4,m4a,3gp,3g2,mj2, from 'https://github.com/Prembty12/premx-editor/releases/download/v1.0.87/Escape.from.Atlas.High.Security.Prison35.mp4':
  Metadata:
    major_brand     : isom
    minor_version   : 512
    compatible_brands: isomiso2avc1mp41
    title           : Escape.from.Atlas.High.Security.Prison35
    artist          : PremxGamer
    encoder         : Lavf60.16.100
  Duration: 00:00:56.40, start: 0.000000, bitrate: 12364 kb/s
  Stream #0:0[0x1](und): Video: h264 (High) (avc1 / 0x31637661), yuv420p(tv, unknown/bt709/bt709, progressive), 1080x1350 [SAR 1:1 DAR 4:5], 12160 kb/s, 30 fps, 30 tbr, 15360 tbn (default)
    Metadata:
      handler_name    : VideoHandler
      vendor_id       : [0][0][0][0]
      encoder         : Lavc60.31.102 libx264
  Stream #0:1[0x2](und): Audio: aac (LC) (mp4a / 0x6134706D), 48000 Hz, stereo, fltp, 195 kb/s (default)
    Metadata:
      handler_name    : SoundHandler
      vendor_id       : [0][0][0][0]
Stream mapping:
  Stream #0:0 -> #0:0 (h264 (native) -> mjpeg (native))
Press [q] to stop, [?] for help
[swscaler @ 0x55deba0617c0] deprecated pixel format used, make sure you did set range correctly
    Last message repeated 3 times
Output #0, image2, to 'temp_frames/frame_11.jpg':
  Metadata:
    major_brand     : isom
    minor_version   : 512
    compatible_brands: isomiso2avc1mp41
    title           : Escape.from.Atlas.High.Security.Prison35
    artist          : PremxGamer
    encoder         : Lavf60.16.100
  Stream #0:0(und): Video: mjpeg, yuvj420p(pc, unknown/bt709/bt709, progressive), 1080x1350 [SAR 1:1 DAR 4:5], q=2-31, 200 kb/s, 30 fps, 30 tbn (default)
    Metadata:
      handler_name    : VideoHandler
      vendor_id       : [0][0][0][0]
      encoder         : Lavc60.31.102 mjpeg
    Side data:
      cpb: bitrate max/min/avg: 0/0/200000 buffer size: 0 vbv_delay: N/A
frame=    0 fps=0.0 q=2.0 size=       0kB time=00:00:00.00 bitrate=N/A speed=   0x    [image2 @ 0x55deba1c8ec0] The specified filename 'temp_frames/frame_11.jpg' does not contain an image sequence pattern or a pattern is invalid.
[image2 @ 0x55deba1c8ec0] Use a pattern such as %03d for an image sequence or use the -update option (with -frames:v 1 if needed) to write a single image.
[out#0/image2 @ 0x55deb9f9bc80] video:198kB audio:0kB subtitle:0kB other streams:0kB global headers:0kB muxing overhead: unknown
frame=    1 fps=0.0 q=2.0 Lsize=N/A time=00:00:00.00 bitrate=N/A speed=   0x    
ffmpeg version 6.1.1-3ubuntu5 Copyright (c) 2000-2023 the FFmpeg developers
  built with gcc 13 (Ubuntu 13.2.0-23ubuntu3)
  configuration: --prefix=/usr --extra-version=3ubuntu5 --toolchain=hardened --libdir=/usr/lib/x86_64-linux-gnu --incdir=/usr/include/x86_64-linux-gnu --arch=amd64 --enable-gpl --disable-stripping --disable-omx --enable-gnutls --enable-libaom --enable-libass --enable-libbs2b --enable-libcaca --enable-libcdio --enable-libcodec2 --enable-libdav1d --enable-libflite --enable-libfontconfig --enable-libfreetype --enable-libfribidi --enable-libglslang --enable-libgme --enable-libgsm --enable-libharfbuzz --enable-libmp3lame --enable-libmysofa --enable-libopenjpeg --enable-libopenmpt --enable-libopus --enable-librubberband --enable-libshine --enable-libsnappy --enable-libsoxr --enable-libspeex --enable-libtheora --enable-libtwolame --enable-libvidstab --enable-libvorbis --enable-libvpx --enable-libwebp --enable-libx265 --enable-libxml2 --enable-libxvid --enable-libzimg --enable-openal --enable-opencl --enable-opengl --disable-sndio --enable-libvpl --disable-libmfx --enable-libdc1394 --enable-libdrm --enable-libiec61883 --enable-chromaprint --enable-frei0r --enable-ladspa --enable-libbluray --enable-libjack --enable-libpulse --enable-librabbitmq --enable-librist --enable-libsrt --enable-libssh --enable-libsvtav1 --enable-libx264 --enable-libzmq --enable-libzvbi --enable-lv2 --enable-sdl2 --enable-libplacebo --enable-librav1e --enable-pocketsphinx --enable-librsvg --enable-libjxl --enable-shared
  libavutil      58. 29.100 / 58. 29.100
  libavcodec     60. 31.102 / 60. 31.102
  libavformat    60. 16.100 / 60. 16.100
  libavdevice    60.  3.100 / 60.  3.100
  libavfilter     9. 12.100 /  9. 12.100
  libswscale      7.  5.100 /  7.  5.100
  libswresample   4. 12.100 /  4. 12.100
  libpostproc    57.  3.100 / 57.  3.100
Input #0, mov,mp4,m4a,3gp,3g2,mj2, from 'https://github.com/Prembty12/premx-editor/releases/download/v1.0.87/Escape.from.Atlas.High.Security.Prison35.mp4':
  Metadata:
    major_brand     : isom
    minor_version   : 512
    compatible_brands: isomiso2avc1mp41
    title           : Escape.from.Atlas.High.Security.Prison35
    artist          : PremxGamer
    encoder         : Lavf60.16.100
  Duration: 00:00:56.40, start: 0.000000, bitrate: 12364 kb/s
  Stream #0:0[0x1](und): Video: h264 (High) (avc1 / 0x31637661), yuv420p(tv, unknown/bt709/bt709, progressive), 1080x1350 [SAR 1:1 DAR 4:5], 12160 kb/s, 30 fps, 30 tbr, 15360 tbn (default)
    Metadata:
      handler_name    : VideoHandler
      vendor_id       : [0][0][0][0]
      encoder         : Lavc60.31.102 libx264
  Stream #0:1[0x2](und): Audio: aac (LC) (mp4a / 0x6134706D), 48000 Hz, stereo, fltp, 195 kb/s (default)
    Metadata:
      handler_name    : SoundHandler
      vendor_id       : [0][0][0][0]
Stream mapping:
  Stream #0:0 -> #0:0 (h264 (native) -> mjpeg (native))
Press [q] to stop, [?] for help
[swscaler @ 0x557553eb37c0] deprecated pixel format used, make sure you did set range correctly
    Last message repeated 3 times
Output #0, image2, to 'temp_frames/frame_12.jpg':
  Metadata:
    major_brand     : isom
    minor_version   : 512
    compatible_brands: isomiso2avc1mp41
    title           : Escape.from.Atlas.High.Security.Prison35
    artist          : PremxGamer
    encoder         : Lavf60.16.100
  Stream #0:0(und): Video: mjpeg, yuvj420p(pc, unknown/bt709/bt709, progressive), 1080x1350 [SAR 1:1 DAR 4:5], q=2-31, 200 kb/s, 30 fps, 30 tbn (default)
    Metadata:
      handler_name    : VideoHandler
      vendor_id       : [0][0][0][0]
      encoder         : Lavc60.31.102 mjpeg
    Side data:
      cpb: bitrate max/min/avg: 0/0/200000 buffer size: 0 vbv_delay: N/A
[image2 @ 0x55755401aec0] The specified filename 'temp_frames/frame_12.jpg' does not contain an image sequence pattern or a pattern is invalid.
[image2 @ 0x55755401aec0] Use a pattern such as %03d for an image sequence or use the -update option (with -frames:v 1 if needed) to write a single image.
frame=    1 fps=0.0 q=2.0 size=N/A time=00:00:00.00 bitrate=N/A dup=1 drop=0 speed=   0x    [out#0/image2 @ 0x557553dedc80] video:192kB audio:0kB subtitle:0kB other streams:0kB global headers:0kB muxing overhead: unknown
frame=    1 fps=0.0 q=2.0 Lsize=N/A time=00:00:00.00 bitrate=N/A dup=1 drop=0 speed=   0x    
ffmpeg version 6.1.1-3ubuntu5 Copyright (c) 2000-2023 the FFmpeg developers
  built with gcc 13 (Ubuntu 13.2.0-23ubuntu3)
  configuration: --prefix=/usr --extra-version=3ubuntu5 --toolchain=hardened --libdir=/usr/lib/x86_64-linux-gnu --incdir=/usr/include/x86_64-linux-gnu --arch=amd64 --enable-gpl --disable-stripping --disable-omx --enable-gnutls --enable-libaom --enable-libass --enable-libbs2b --enable-libcaca --enable-libcdio --enable-libcodec2 --enable-libdav1d --enable-libflite --enable-libfontconfig --enable-libfreetype --enable-libfribidi --enable-libglslang --enable-libgme --enable-libgsm --enable-libharfbuzz --enable-libmp3lame --enable-libmysofa --enable-libopenjpeg --enable-libopenmpt --enable-libopus --enable-librubberband --enable-libshine --enable-libsnappy --enable-libsoxr --enable-libspeex --enable-libtheora --enable-libtwolame --enable-libvidstab --enable-libvorbis --enable-libvpx --enable-libwebp --enable-libx265 --enable-libxml2 --enable-libxvid --enable-libzimg --enable-openal --enable-opencl --enable-opengl --disable-sndio --enable-libvpl --disable-libmfx --enable-libdc1394 --enable-libdrm --enable-libiec61883 --enable-chromaprint --enable-frei0r --enable-ladspa --enable-libbluray --enable-libjack --enable-libpulse --enable-librabbitmq --enable-librist --enable-libsrt --enable-libssh --enable-libsvtav1 --enable-libx264 --enable-libzmq --enable-libzvbi --enable-lv2 --enable-sdl2 --enable-libplacebo --enable-librav1e --enable-pocketsphinx --enable-librsvg --enable-libjxl --enable-shared
  libavutil      58. 29.100 / 58. 29.100
  libavcodec     60. 31.102 / 60. 31.102
  libavformat    60. 16.100 / 60. 16.100
  libavdevice    60.  3.100 / 60.  3.100
  libavfilter     9. 12.100 /  9. 12.100
  libswscale      7.  5.100 /  7.  5.100
  libswresample   4. 12.100 /  4. 12.100
  libpostproc    57.  3.100 / 57.  3.100
Input #0, mov,mp4,m4a,3gp,3g2,mj2, from 'https://github.com/Prembty12/premx-editor/releases/download/v1.0.87/Escape.from.Atlas.High.Security.Prison35.mp4':
  Metadata:
    major_brand     : isom
    minor_version   : 512
    compatible_brands: isomiso2avc1mp41
    title           : Escape.from.Atlas.High.Security.Prison35
    artist          : PremxGamer
    encoder         : Lavf60.16.100
  Duration: 00:00:56.40, start: 0.000000, bitrate: 12364 kb/s
  Stream #0:0[0x1](und): Video: h264 (High) (avc1 / 0x31637661), yuv420p(tv, unknown/bt709/bt709, progressive), 1080x1350 [SAR 1:1 DAR 4:5], 12160 kb/s, 30 fps, 30 tbr, 15360 tbn (default)
    Metadata:
      handler_name    : VideoHandler
      vendor_id       : [0][0][0][0]
      encoder         : Lavc60.31.102 libx264
  Stream #0:1[0x2](und): Audio: aac (LC) (mp4a / 0x6134706D), 48000 Hz, stereo, fltp, 195 kb/s (default)
    Metadata:
      handler_name    : SoundHandler
      vendor_id       : [0][0][0][0]
Stream mapping:
  Stream #0:0 -> #0:0 (h264 (native) -> mjpeg (native))
Press [q] to stop, [?] for help
[swscaler @ 0x55b026b8b7c0] deprecated pixel format used, make sure you did set range correctly
    Last message repeated 3 times
Output #0, image2, to 'temp_frames/frame_13.jpg':
  Metadata:
    major_brand     : isom
    minor_version   : 512
    compatible_brands: isomiso2avc1mp41
    title           : Escape.from.Atlas.High.Security.Prison35
    artist          : PremxGamer
    encoder         : Lavf60.16.100
  Stream #0:0(und): Video: mjpeg, yuvj420p(pc, unknown/bt709/bt709, progressive), 1080x1350 [SAR 1:1 DAR 4:5], q=2-31, 200 kb/s, 30 fps, 30 tbn (default)
    Metadata:
      handler_name    : VideoHandler
      vendor_id       : [0][0][0][0]
      encoder         : Lavc60.31.102 mjpeg
    Side data:
      cpb: bitrate max/min/avg: 0/0/200000 buffer size: 0 vbv_delay: N/A
frame=    0 fps=0.0 q=2.0 size=       0kB time=00:00:00.00 bitrate=N/A dup=1 drop=0 speed=   0x    [image2 @ 0x55b026cf2ec0] The specified filename 'temp_frames/frame_13.jpg' does not contain an image sequence pattern or a pattern is invalid.
[image2 @ 0x55b026cf2ec0] Use a pattern such as %03d for an image sequence or use the -update option (with -frames:v 1 if needed) to write a single image.
[out#0/image2 @ 0x55b026ac5c80] video:199kB audio:0kB subtitle:0kB other streams:0kB global headers:0kB muxing overhead: unknown
frame=    1 fps=0.0 q=2.0 Lsize=N/A time=00:00:00.00 bitrate=N/A dup=1 drop=0 speed=   0x    
ffmpeg version 6.1.1-3ubuntu5 Copyright (c) 2000-2023 the FFmpeg developers
  built with gcc 13 (Ubuntu 13.2.0-23ubuntu3)
  configuration: --prefix=/usr --extra-version=3ubuntu5 --toolchain=hardened --libdir=/usr/lib/x86_64-linux-gnu --incdir=/usr/include/x86_64-linux-gnu --arch=amd64 --enable-gpl --disable-stripping --disable-omx --enable-gnutls --enable-libaom --enable-libass --enable-libbs2b --enable-libcaca --enable-libcdio --enable-libcodec2 --enable-libdav1d --enable-libflite --enable-libfontconfig --enable-libfreetype --enable-libfribidi --enable-libglslang --enable-libgme --enable-libgsm --enable-libharfbuzz --enable-libmp3lame --enable-libmysofa --enable-libopenjpeg --enable-libopenmpt --enable-libopus --enable-librubberband --enable-libshine --enable-libsnappy --enable-libsoxr --enable-libspeex --enable-libtheora --enable-libtwolame --enable-libvidstab --enable-libvorbis --enable-libvpx --enable-libwebp --enable-libx265 --enable-libxml2 --enable-libxvid --enable-libzimg --enable-openal --enable-opencl --enable-opengl --disable-sndio --enable-libvpl --disable-libmfx --enable-libdc1394 --enable-libdrm --enable-libiec61883 --enable-chromaprint --enable-frei0r --enable-ladspa --enable-libbluray --enable-libjack --enable-libpulse --enable-librabbitmq --enable-librist --enable-libsrt --enable-libssh --enable-libsvtav1 --enable-libx264 --enable-libzmq --enable-libzvbi --enable-lv2 --enable-sdl2 --enable-libplacebo --enable-librav1e --enable-pocketsphinx --enable-librsvg --enable-libjxl --enable-shared
  libavutil      58. 29.100 / 58. 29.100
  libavcodec     60. 31.102 / 60. 31.102
  libavformat    60. 16.100 / 60. 16.100
  libavdevice    60.  3.100 / 60.  3.100
  libavfilter     9. 12.100 /  9. 12.100
  libswscale      7.  5.100 /  7.  5.100
  libswresample   4. 12.100 /  4. 12.100
  libpostproc    57.  3.100 / 57.  3.100
Input #0, mov,mp4,m4a,3gp,3g2,mj2, from 'https://github.com/Prembty12/premx-editor/releases/download/v1.0.87/Escape.from.Atlas.High.Security.Prison35.mp4':
  Metadata:
    major_brand     : isom
    minor_version   : 512
    compatible_brands: isomiso2avc1mp41
    title           : Escape.from.Atlas.High.Security.Prison35
    artist          : PremxGamer
    encoder         : Lavf60.16.100
  Duration: 00:00:56.40, start: 0.000000, bitrate: 12364 kb/s
  Stream #0:0[0x1](und): Video: h264 (High) (avc1 / 0x31637661), yuv420p(tv, unknown/bt709/bt709, progressive), 1080x1350 [SAR 1:1 DAR 4:5], 12160 kb/s, 30 fps, 30 tbr, 15360 tbn (default)
    Metadata:
      handler_name    : VideoHandler
      vendor_id       : [0][0][0][0]
      encoder         : Lavc60.31.102 libx264
  Stream #0:1[0x2](und): Audio: aac (LC) (mp4a / 0x6134706D), 48000 Hz, stereo, fltp, 195 kb/s (default)
    Metadata:
      handler_name    : SoundHandler
      vendor_id       : [0][0][0][0]
Stream mapping:
  Stream #0:0 -> #0:0 (h264 (native) -> mjpeg (native))
Press [q] to stop, [?] for help
[swscaler @ 0x55ebe1e627c0] deprecated pixel format used, make sure you did set range correctly
    Last message repeated 3 times
Output #0, image2, to 'temp_frames/frame_14.jpg':
  Metadata:
    major_brand     : isom
    minor_version   : 512
    compatible_brands: isomiso2avc1mp41
    title           : Escape.from.Atlas.High.Security.Prison35
    artist          : PremxGamer
    encoder         : Lavf60.16.100
  Stream #0:0(und): Video: mjpeg, yuvj420p(pc, unknown/bt709/bt709, progressive), 1080x1350 [SAR 1:1 DAR 4:5], q=2-31, 200 kb/s, 30 fps, 30 tbn (default)
    Metadata:
      handler_name    : VideoHandler
      vendor_id       : [0][0][0][0]
      encoder         : Lavc60.31.102 mjpeg
    Side data:
      cpb: bitrate max/min/avg: 0/0/200000 buffer size: 0 vbv_delay: N/A
frame=    0 fps=0.0 q=2.0 size=       0kB time=00:00:00.00 bitrate=N/A speed=   0x    [image2 @ 0x55ebe1fc9ec0] The specified filename 'temp_frames/frame_14.jpg' does not contain an image sequence pattern or a pattern is invalid.
[image2 @ 0x55ebe1fc9ec0] Use a pattern such as %03d for an image sequence or use the -update option (with -frames:v 1 if needed) to write a single image.
[out#0/image2 @ 0x55ebe1d9cc80] video:213kB audio:0kB subtitle:0kB other streams:0kB global headers:0kB muxing overhead: unknown
frame=    1 fps=0.0 q=2.0 Lsize=N/A time=00:00:00.00 bitrate=N/A speed=   0x    
ffmpeg version 6.1.1-3ubuntu5 Copyright (c) 2000-2023 the FFmpeg developers
  built with gcc 13 (Ubuntu 13.2.0-23ubuntu3)
  configuration: --prefix=/usr --extra-version=3ubuntu5 --toolchain=hardened --libdir=/usr/lib/x86_64-linux-gnu --incdir=/usr/include/x86_64-linux-gnu --arch=amd64 --enable-gpl --disable-stripping --disable-omx --enable-gnutls --enable-libaom --enable-libass --enable-libbs2b --enable-libcaca --enable-libcdio --enable-libcodec2 --enable-libdav1d --enable-libflite --enable-libfontconfig --enable-libfreetype --enable-libfribidi --enable-libglslang --enable-libgme --enable-libgsm --enable-libharfbuzz --enable-libmp3lame --enable-libmysofa --enable-libopenjpeg --enable-libopenmpt --enable-libopus --enable-librubberband --enable-libshine --enable-libsnappy --enable-libsoxr --enable-libspeex --enable-libtheora --enable-libtwolame --enable-libvidstab --enable-libvorbis --enable-libvpx --enable-libwebp --enable-libx265 --enable-libxml2 --enable-libxvid --enable-libzimg --enable-openal --enable-opencl --enable-opengl --disable-sndio --enable-libvpl --disable-libmfx --enable-libdc1394 --enable-libdrm --enable-libiec61883 --enable-chromaprint --enable-frei0r --enable-ladspa --enable-libbluray --enable-libjack --enable-libpulse --enable-librabbitmq --enable-librist --enable-libsrt --enable-libssh --enable-libsvtav1 --enable-libx264 --enable-libzmq --enable-libzvbi --enable-lv2 --enable-sdl2 --enable-libplacebo --enable-librav1e --enable-pocketsphinx --enable-librsvg --enable-libjxl --enable-shared
  libavutil      58. 29.100 / 58. 29.100
  libavcodec     60. 31.102 / 60. 31.102
  libavformat    60. 16.100 / 60. 16.100
  libavdevice    60.  3.100 / 60.  3.100
  libavfilter     9. 12.100 /  9. 12.100
  libswscale      7.  5.100 /  7.  5.100
  libswresample   4. 12.100 /  4. 12.100
  libpostproc    57.  3.100 / 57.  3.100
Input #0, mov,mp4,m4a,3gp,3g2,mj2, from 'https://github.com/Prembty12/premx-editor/releases/download/v1.0.87/Escape.from.Atlas.High.Security.Prison35.mp4':
  Metadata:
    major_brand     : isom
    minor_version   : 512
    compatible_brands: isomiso2avc1mp41
    title           : Escape.from.Atlas.High.Security.Prison35
    artist          : PremxGamer
    encoder         : Lavf60.16.100
  Duration: 00:00:56.40, start: 0.000000, bitrate: 12364 kb/s
  Stream #0:0[0x1](und): Video: h264 (High) (avc1 / 0x31637661), yuv420p(tv, unknown/bt709/bt709, progressive), 1080x1350 [SAR 1:1 DAR 4:5], 12160 kb/s, 30 fps, 30 tbr, 15360 tbn (default)
    Metadata:
      handler_name    : VideoHandler
      vendor_id       : [0][0][0][0]
      encoder         : Lavc60.31.102 libx264
  Stream #0:1[0x2](und): Audio: aac (LC) (mp4a / 0x6134706D), 48000 Hz, stereo, fltp, 195 kb/s (default)
    Metadata:
      handler_name    : SoundHandler
      vendor_id       : [0][0][0][0]
Stream mapping:
  Stream #0:0 -> #0:0 (h264 (native) -> mjpeg (native))
Press [q] to stop, [?] for help
[swscaler @ 0x562a7a4e77c0] deprecated pixel format used, make sure you did set range correctly
    Last message repeated 3 times
Output #0, image2, to 'temp_frames/frame_15.jpg':
  Metadata:
    major_brand     : isom
    minor_version   : 512
    compatible_brands: isomiso2avc1mp41
    title           : Escape.from.Atlas.High.Security.Prison35
    artist          : PremxGamer
    encoder         : Lavf60.16.100
  Stream #0:0(und): Video: mjpeg, yuvj420p(pc, unknown/bt709/bt709, progressive), 1080x1350 [SAR 1:1 DAR 4:5], q=2-31, 200 kb/s, 30 fps, 30 tbn (default)
    Metadata:
      handler_name    : VideoHandler
      vendor_id       : [0][0][0][0]
      encoder         : Lavc60.31.102 mjpeg
    Side data:
      cpb: bitrate max/min/avg: 0/0/200000 buffer size: 0 vbv_delay: N/A
[image2 @ 0x562a7a64eec0] The specified filename 'temp_frames/frame_15.jpg' does not contain an image sequence pattern or a pattern is invalid.
[image2 @ 0x562a7a64eec0] Use a pattern such as %03d for an image sequence or use the -update option (with -frames:v 1 if needed) to write a single image.
frame=    0 fps=0.0 q=2.0 size=       0kB time=00:00:00.00 bitrate=N/A dup=1 drop=0 speed=   0x    [out#0/image2 @ 0x562a7a421c80] video:200kB audio:0kB subtitle:0kB other streams:0kB global headers:0kB muxing overhead: unknown
frame=    1 fps=0.0 q=2.0 Lsize=N/A time=00:00:00.00 bitrate=N/A dup=1 drop=0 speed=   0x    
ffmpeg version 6.1.1-3ubuntu5 Copyright (c) 2000-2023 the FFmpeg developers
  built with gcc 13 (Ubuntu 13.2.0-23ubuntu3)
  configuration: --prefix=/usr --extra-version=3ubuntu5 --toolchain=hardened --libdir=/usr/lib/x86_64-linux-gnu --incdir=/usr/include/x86_64-linux-gnu --arch=amd64 --enable-gpl --disable-stripping --disable-omx --enable-gnutls --enable-libaom --enable-libass --enable-libbs2b --enable-libcaca --enable-libcdio --enable-libcodec2 --enable-libdav1d --enable-libflite --enable-libfontconfig --enable-libfreetype --enable-libfribidi --enable-libglslang --enable-libgme --enable-libgsm --enable-libharfbuzz --enable-libmp3lame --enable-libmysofa --enable-libopenjpeg --enable-libopenmpt --enable-libopus --enable-librubberband --enable-libshine --enable-libsnappy --enable-libsoxr --enable-libspeex --enable-libtheora --enable-libtwolame --enable-libvidstab --enable-libvorbis --enable-libvpx --enable-libwebp --enable-libx265 --enable-libxml2 --enable-libxvid --enable-libzimg --enable-openal --enable-opencl --enable-opengl --disable-sndio --enable-libvpl --disable-libmfx --enable-libdc1394 --enable-libdrm --enable-libiec61883 --enable-chromaprint --enable-frei0r --enable-ladspa --enable-libbluray --enable-libjack --enable-libpulse --enable-librabbitmq --enable-librist --enable-libsrt --enable-libssh --enable-libsvtav1 --enable-libx264 --enable-libzmq --enable-libzvbi --enable-lv2 --enable-sdl2 --enable-libplacebo --enable-librav1e --enable-pocketsphinx --enable-librsvg --enable-libjxl --enable-shared
  libavutil      58. 29.100 / 58. 29.100
  libavcodec     60. 31.102 / 60. 31.102
  libavformat    60. 16.100 / 60. 16.100
  libavdevice    60.  3.100 / 60.  3.100
  libavfilter     9. 12.100 /  9. 12.100
  libswscale      7.  5.100 /  7.  5.100
  libswresample   4. 12.100 /  4. 12.100
  libpostproc    57.  3.100 / 57.  3.100
Input #0, mov,mp4,m4a,3gp,3g2,mj2, from 'https://github.com/Prembty12/premx-editor/releases/download/v1.0.87/Escape.from.Atlas.High.Security.Prison35.mp4':
  Metadata:
    major_brand     : isom
    minor_version   : 512
    compatible_brands: isomiso2avc1mp41
    title           : Escape.from.Atlas.High.Security.Prison35
    artist          : PremxGamer
    encoder         : Lavf60.16.100
  Duration: 00:00:56.40, start: 0.000000, bitrate: 12364 kb/s
  Stream #0:0[0x1](und): Video: h264 (High) (avc1 / 0x31637661), yuv420p(tv, unknown/bt709/bt709, progressive), 1080x1350 [SAR 1:1 DAR 4:5], 12160 kb/s, 30 fps, 30 tbr, 15360 tbn (default)
    Metadata:
      handler_name    : VideoHandler
      vendor_id       : [0][0][0][0]
      encoder         : Lavc60.31.102 libx264
  Stream #0:1[0x2](und): Audio: aac (LC) (mp4a / 0x6134706D), 48000 Hz, stereo, fltp, 195 kb/s (default)
    Metadata:
      handler_name    : SoundHandler
      vendor_id       : [0][0][0][0]
Stream mapping:
  Stream #0:0 -> #0:0 (h264 (native) -> mjpeg (native))
Press [q] to stop, [?] for help
[swscaler @ 0x5649f0d277c0] deprecated pixel format used, make sure you did set range correctly
    Last message repeated 3 times
Output #0, image2, to 'temp_frames/frame_16.jpg':
  Metadata:
    major_brand     : isom
    minor_version   : 512
    compatible_brands: isomiso2avc1mp41
    title           : Escape.from.Atlas.High.Security.Prison35
    artist          : PremxGamer
    encoder         : Lavf60.16.100
  Stream #0:0(und): Video: mjpeg, yuvj420p(pc, unknown/bt709/bt709, progressive), 1080x1350 [SAR 1:1 DAR 4:5], q=2-31, 200 kb/s, 30 fps, 30 tbn (default)
    Metadata:
      handler_name    : VideoHandler
      vendor_id       : [0][0][0][0]
      encoder         : Lavc60.31.102 mjpeg
    Side data:
      cpb: bitrate max/min/avg: 0/0/200000 buffer size: 0 vbv_delay: N/A
frame=    0 fps=0.0 q=2.0 size=       0kB time=00:00:00.00 bitrate=N/A speed=   0x    [image2 @ 0x5649f0e8eec0] The specified filename 'temp_frames/frame_16.jpg' does not contain an image sequence pattern or a pattern is invalid.
[image2 @ 0x5649f0e8eec0] Use a pattern such as %03d for an image sequence or use the -update option (with -frames:v 1 if needed) to write a single image.
[out#0/image2 @ 0x5649f0c61c80] video:223kB audio:0kB subtitle:0kB other streams:0kB global headers:0kB muxing overhead: unknown
frame=    1 fps=0.0 q=2.0 Lsize=N/A time=00:00:00.00 bitrate=N/A speed=   0x    
ffmpeg version 6.1.1-3ubuntu5 Copyright (c) 2000-2023 the FFmpeg developers
  built with gcc 13 (Ubuntu 13.2.0-23ubuntu3)
  configuration: --prefix=/usr --extra-version=3ubuntu5 --toolchain=hardened --libdir=/usr/lib/x86_64-linux-gnu --incdir=/usr/include/x86_64-linux-gnu --arch=amd64 --enable-gpl --disable-stripping --disable-omx --enable-gnutls --enable-libaom --enable-libass --enable-libbs2b --enable-libcaca --enable-libcdio --enable-libcodec2 --enable-libdav1d --enable-libflite --enable-libfontconfig --enable-libfreetype --enable-libfribidi --enable-libglslang --enable-libgme --enable-libgsm --enable-libharfbuzz --enable-libmp3lame --enable-libmysofa --enable-libopenjpeg --enable-libopenmpt --enable-libopus --enable-librubberband --enable-libshine --enable-libsnappy --enable-libsoxr --enable-libspeex --enable-libtheora --enable-libtwolame --enable-libvidstab --enable-libvorbis --enable-libvpx --enable-libwebp --enable-libx265 --enable-libxml2 --enable-libxvid --enable-libzimg --enable-openal --enable-opencl --enable-opengl --disable-sndio --enable-libvpl --disable-libmfx --enable-libdc1394 --enable-libdrm --enable-libiec61883 --enable-chromaprint --enable-frei0r --enable-ladspa --enable-libbluray --enable-libjack --enable-libpulse --enable-librabbitmq --enable-librist --enable-libsrt --enable-libssh --enable-libsvtav1 --enable-libx264 --enable-libzmq --enable-libzvbi --enable-lv2 --enable-sdl2 --enable-libplacebo --enable-librav1e --enable-pocketsphinx --enable-librsvg --enable-libjxl --enable-shared
  libavutil      58. 29.100 / 58. 29.100
  libavcodec     60. 31.102 / 60. 31.102
  libavformat    60. 16.100 / 60. 16.100
  libavdevice    60.  3.100 / 60.  3.100
  libavfilter     9. 12.100 /  9. 12.100
  libswscale      7.  5.100 /  7.  5.100
  libswresample   4. 12.100 /  4. 12.100
  libpostproc    57.  3.100 / 57.  3.100
Input #0, mov,mp4,m4a,3gp,3g2,mj2, from 'https://github.com/Prembty12/premx-editor/releases/download/v1.0.87/Escape.from.Atlas.High.Security.Prison35.mp4':
  Metadata:
    major_brand     : isom
    minor_version   : 512
    compatible_brands: isomiso2avc1mp41
    title           : Escape.from.Atlas.High.Security.Prison35
    artist          : PremxGamer
    encoder         : Lavf60.16.100
  Duration: 00:00:56.40, start: 0.000000, bitrate: 12364 kb/s
  Stream #0:0[0x1](und): Video: h264 (High) (avc1 / 0x31637661), yuv420p(tv, unknown/bt709/bt709, progressive), 1080x1350 [SAR 1:1 DAR 4:5], 12160 kb/s, 30 fps, 30 tbr, 15360 tbn (default)
    Metadata:
      handler_name    : VideoHandler
      vendor_id       : [0][0][0][0]
      encoder         : Lavc60.31.102 libx264
  Stream #0:1[0x2](und): Audio: aac (LC) (mp4a / 0x6134706D), 48000 Hz, stereo, fltp, 195 kb/s (default)
    Metadata:
      handler_name    : SoundHandler
      vendor_id       : [0][0][0][0]
Stream mapping:
  Stream #0:0 -> #0:0 (h264 (native) -> mjpeg (native))
Press [q] to stop, [?] for help
[swscaler @ 0x55a2a74eb7c0] deprecated pixel format used, make sure you did set range correctly
    Last message repeated 3 times
Output #0, image2, to 'temp_frames/frame_17.jpg':
  Metadata:
    major_brand     : isom
    minor_version   : 512
    compatible_brands: isomiso2avc1mp41
    title           : Escape.from.Atlas.High.Security.Prison35
    artist          : PremxGamer
    encoder         : Lavf60.16.100
  Stream #0:0(und): Video: mjpeg, yuvj420p(pc, unknown/bt709/bt709, progressive), 1080x1350 [SAR 1:1 DAR 4:5], q=2-31, 200 kb/s, 30 fps, 30 tbn (default)
    Metadata:
      handler_name    : VideoHandler
      vendor_id       : [0][0][0][0]
      encoder         : Lavc60.31.102 mjpeg
    Side data:
      cpb: bitrate max/min/avg: 0/0/200000 buffer size: 0 vbv_delay: N/A
frame=    0 fps=0.0 q=2.0 size=       0kB time=00:00:00.00 bitrate=N/A speed=   0x    [image2 @ 0x55a2a7652ec0] The specified filename 'temp_frames/frame_17.jpg' does not contain an image sequence pattern or a pattern is invalid.
[image2 @ 0x55a2a7652ec0] Use a pattern such as %03d for an image sequence or use the -update option (with -frames:v 1 if needed) to write a single image.
[out#0/image2 @ 0x55a2a7425c80] video:208kB audio:0kB subtitle:0kB other streams:0kB global headers:0kB muxing overhead: unknown
frame=    1 fps=0.0 q=2.0 Lsize=N/A time=00:00:00.00 bitrate=N/A speed=   0x    
ffmpeg version 6.1.1-3ubuntu5 Copyright (c) 2000-2023 the FFmpeg developers
  built with gcc 13 (Ubuntu 13.2.0-23ubuntu3)
  configuration: --prefix=/usr --extra-version=3ubuntu5 --toolchain=hardened --libdir=/usr/lib/x86_64-linux-gnu --incdir=/usr/include/x86_64-linux-gnu --arch=amd64 --enable-gpl --disable-stripping --disable-omx --enable-gnutls --enable-libaom --enable-libass --enable-libbs2b --enable-libcaca --enable-libcdio --enable-libcodec2 --enable-libdav1d --enable-libflite --enable-libfontconfig --enable-libfreetype --enable-libfribidi --enable-libglslang --enable-libgme --enable-libgsm --enable-libharfbuzz --enable-libmp3lame --enable-libmysofa --enable-libopenjpeg --enable-libopenmpt --enable-libopus --enable-librubberband --enable-libshine --enable-libsnappy --enable-libsoxr --enable-libspeex --enable-libtheora --enable-libtwolame --enable-libvidstab --enable-libvorbis --enable-libvpx --enable-libwebp --enable-libx265 --enable-libxml2 --enable-libxvid --enable-libzimg --enable-openal --enable-opencl --enable-opengl --disable-sndio --enable-libvpl --disable-libmfx --enable-libdc1394 --enable-libdrm --enable-libiec61883 --enable-chromaprint --enable-frei0r --enable-ladspa --enable-libbluray --enable-libjack --enable-libpulse --enable-librabbitmq --enable-librist --enable-libsrt --enable-libssh --enable-libsvtav1 --enable-libx264 --enable-libzmq --enable-libzvbi --enable-lv2 --enable-sdl2 --enable-libplacebo --enable-librav1e --enable-pocketsphinx --enable-librsvg --enable-libjxl --enable-shared
  libavutil      58. 29.100 / 58. 29.100
  libavcodec     60. 31.102 / 60. 31.102
  libavformat    60. 16.100 / 60. 16.100
  libavdevice    60.  3.100 / 60.  3.100
  libavfilter     9. 12.100 /  9. 12.100
  libswscale      7.  5.100 /  7.  5.100
  libswresample   4. 12.100 /  4. 12.100
  libpostproc    57.  3.100 / 57.  3.100
Input #0, mov,mp4,m4a,3gp,3g2,mj2, from 'https://github.com/Prembty12/premx-editor/releases/download/v1.0.87/Escape.from.Atlas.High.Security.Prison35.mp4':
  Metadata:
    major_brand     : isom
    minor_version   : 512
    compatible_brands: isomiso2avc1mp41
    title           : Escape.from.Atlas.High.Security.Prison35
    artist          : PremxGamer
    encoder         : Lavf60.16.100
  Duration: 00:00:56.40, start: 0.000000, bitrate: 12364 kb/s
  Stream #0:0[0x1](und): Video: h264 (High) (avc1 / 0x31637661), yuv420p(tv, unknown/bt709/bt709, progressive), 1080x1350 [SAR 1:1 DAR 4:5], 12160 kb/s, 30 fps, 30 tbr, 15360 tbn (default)
    Metadata:
      handler_name    : VideoHandler
      vendor_id       : [0][0][0][0]
      encoder         : Lavc60.31.102 libx264
  Stream #0:1[0x2](und): Audio: aac (LC) (mp4a / 0x6134706D), 48000 Hz, stereo, fltp, 195 kb/s (default)
    Metadata:
      handler_name    : SoundHandler
      vendor_id       : [0][0][0][0]
Stream mapping:
  Stream #0:0 -> #0:0 (h264 (native) -> mjpeg (native))
Press [q] to stop, [?] for help
[swscaler @ 0x55a4ed0af7c0] deprecated pixel format used, make sure you did set range correctly
    Last message repeated 3 times
Output #0, image2, to 'temp_frames/frame_18.jpg':
  Metadata:
    major_brand     : isom
    minor_version   : 512
    compatible_brands: isomiso2avc1mp41
    title           : Escape.from.Atlas.High.Security.Prison35
    artist          : PremxGamer
    encoder         : Lavf60.16.100
  Stream #0:0(und): Video: mjpeg, yuvj420p(pc, unknown/bt709/bt709, progressive), 1080x1350 [SAR 1:1 DAR 4:5], q=2-31, 200 kb/s, 30 fps, 30 tbn (default)
    Metadata:
      handler_name    : VideoHandler
      vendor_id       : [0][0][0][0]
      encoder         : Lavc60.31.102 mjpeg
    Side data:
      cpb: bitrate max/min/avg: 0/0/200000 buffer size: 0 vbv_delay: N/A
frame=    0 fps=0.0 q=2.0 size=       0kB time=00:00:00.00 bitrate=N/A dup=1 drop=0 speed=   0x    [image2 @ 0x55a4ed216ec0] The specified filename 'temp_frames/frame_18.jpg' does not contain an image sequence pattern or a pattern is invalid.
[image2 @ 0x55a4ed216ec0] Use a pattern such as %03d for an image sequence or use the -update option (with -frames:v 1 if needed) to write a single image.
[out#0/image2 @ 0x55a4ecfe9c80] video:197kB audio:0kB subtitle:0kB other streams:0kB global headers:0kB muxing overhead: unknown
frame=    1 fps=0.0 q=2.0 Lsize=N/A time=00:00:00.00 bitrate=N/A dup=1 drop=0 speed=   0x    
ffmpeg version 6.1.1-3ubuntu5 Copyright (c) 2000-2023 the FFmpeg developers
  built with gcc 13 (Ubuntu 13.2.0-23ubuntu3)
  configuration: --prefix=/usr --extra-version=3ubuntu5 --toolchain=hardened --libdir=/usr/lib/x86_64-linux-gnu --incdir=/usr/include/x86_64-linux-gnu --arch=amd64 --enable-gpl --disable-stripping --disable-omx --enable-gnutls --enable-libaom --enable-libass --enable-libbs2b --enable-libcaca --enable-libcdio --enable-libcodec2 --enable-libdav1d --enable-libflite --enable-libfontconfig --enable-libfreetype --enable-libfribidi --enable-libglslang --enable-libgme --enable-libgsm --enable-libharfbuzz --enable-libmp3lame --enable-libmysofa --enable-libopenjpeg --enable-libopenmpt --enable-libopus --enable-librubberband --enable-libshine --enable-libsnappy --enable-libsoxr --enable-libspeex --enable-libtheora --enable-libtwolame --enable-libvidstab --enable-libvorbis --enable-libvpx --enable-libwebp --enable-libx265 --enable-libxml2 --enable-libxvid --enable-libzimg --enable-openal --enable-opencl --enable-opengl --disable-sndio --enable-libvpl --disable-libmfx --enable-libdc1394 --enable-libdrm --enable-libiec61883 --enable-chromaprint --enable-frei0r --enable-ladspa --enable-libbluray --enable-libjack --enable-libpulse --enable-librabbitmq --enable-librist --enable-libsrt --enable-libssh --enable-libsvtav1 --enable-libx264 --enable-libzmq --enable-libzvbi --enable-lv2 --enable-sdl2 --enable-libplacebo --enable-librav1e --enable-pocketsphinx --enable-librsvg --enable-libjxl --enable-shared
  libavutil      58. 29.100 / 58. 29.100
  libavcodec     60. 31.102 / 60. 31.102
  libavformat    60. 16.100 / 60. 16.100
  libavdevice    60.  3.100 / 60.  3.100
  libavfilter     9. 12.100 /  9. 12.100
  libswscale      7.  5.100 /  7.  5.100
  libswresample   4. 12.100 /  4. 12.100
  libpostproc    57.  3.100 / 57.  3.100
Input #0, mov,mp4,m4a,3gp,3g2,mj2, from 'https://github.com/Prembty12/premx-editor/releases/download/v1.0.87/Escape.from.Atlas.High.Security.Prison35.mp4':
  Metadata:
    major_brand     : isom
    minor_version   : 512
    compatible_brands: isomiso2avc1mp41
    title           : Escape.from.Atlas.High.Security.Prison35
    artist          : PremxGamer
    encoder         : Lavf60.16.100
  Duration: 00:00:56.40, start: 0.000000, bitrate: 12364 kb/s
  Stream #0:0[0x1](und): Video: h264 (High) (avc1 / 0x31637661), yuv420p(tv, unknown/bt709/bt709, progressive), 1080x1350 [SAR 1:1 DAR 4:5], 12160 kb/s, 30 fps, 30 tbr, 15360 tbn (default)
    Metadata:
      handler_name    : VideoHandler
      vendor_id       : [0][0][0][0]
      encoder         : Lavc60.31.102 libx264
  Stream #0:1[0x2](und): Audio: aac (LC) (mp4a / 0x6134706D), 48000 Hz, stereo, fltp, 195 kb/s (default)
    Metadata:
      handler_name    : SoundHandler
      vendor_id       : [0][0][0][0]
Stream mapping:
  Stream #0:0 -> #0:0 (h264 (native) -> mjpeg (native))
Press [q] to stop, [?] for help
[swscaler @ 0x55b1c18297c0] deprecated pixel format used, make sure you did set range correctly
    Last message repeated 3 times
Output #0, image2, to 'temp_frames/frame_19.jpg':
  Metadata:
    major_brand     : isom
    minor_version   : 512
    compatible_brands: isomiso2avc1mp41
    title           : Escape.from.Atlas.High.Security.Prison35
    artist          : PremxGamer
    encoder         : Lavf60.16.100
  Stream #0:0(und): Video: mjpeg, yuvj420p(pc, unknown/bt709/bt709, progressive), 1080x1350 [SAR 1:1 DAR 4:5], q=2-31, 200 kb/s, 30 fps, 30 tbn (default)
    Metadata:
      handler_name    : VideoHandler
      vendor_id       : [0][0][0][0]
      encoder         : Lavc60.31.102 mjpeg
    Side data:
      cpb: bitrate max/min/avg: 0/0/200000 buffer size: 0 vbv_delay: N/A
frame=    0 fps=0.0 q=2.0 size=       0kB time=00:00:00.00 bitrate=N/A speed=   0x    [image2 @ 0x55b1c1990ec0] The specified filename 'temp_frames/frame_19.jpg' does not contain an image sequence pattern or a pattern is invalid.
[image2 @ 0x55b1c1990ec0] Use a pattern such as %03d for an image sequence or use the -update option (with -frames:v 1 if needed) to write a single image.
[out#0/image2 @ 0x55b1c1763c80] video:221kB audio:0kB subtitle:0kB other streams:0kB global headers:0kB muxing overhead: unknown
frame=    1 fps=0.0 q=2.0 Lsize=N/A time=00:00:00.00 bitrate=N/A speed=   0x    
ffmpeg version 6.1.1-3ubuntu5 Copyright (c) 2000-2023 the FFmpeg developers
  built with gcc 13 (Ubuntu 13.2.0-23ubuntu3)
  configuration: --prefix=/usr --extra-version=3ubuntu5 --toolchain=hardened --libdir=/usr/lib/x86_64-linux-gnu --incdir=/usr/include/x86_64-linux-gnu --arch=amd64 --enable-gpl --disable-stripping --disable-omx --enable-gnutls --enable-libaom --enable-libass --enable-libbs2b --enable-libcaca --enable-libcdio --enable-libcodec2 --enable-libdav1d --enable-libflite --enable-libfontconfig --enable-libfreetype --enable-libfribidi --enable-libglslang --enable-libgme --enable-libgsm --enable-libharfbuzz --enable-libmp3lame --enable-libmysofa --enable-libopenjpeg --enable-libopenmpt --enable-libopus --enable-librubberband --enable-libshine --enable-libsnappy --enable-libsoxr --enable-libspeex --enable-libtheora --enable-libtwolame --enable-libvidstab --enable-libvorbis --enable-libvpx --enable-libwebp --enable-libx265 --enable-libxml2 --enable-libxvid --enable-libzimg --enable-openal --enable-opencl --enable-opengl --disable-sndio --enable-libvpl --disable-libmfx --enable-libdc1394 --enable-libdrm --enable-libiec61883 --enable-chromaprint --enable-frei0r --enable-ladspa --enable-libbluray --enable-libjack --enable-libpulse --enable-librabbitmq --enable-librist --enable-libsrt --enable-libssh --enable-libsvtav1 --enable-libx264 --enable-libzmq --enable-libzvbi --enable-lv2 --enable-sdl2 --enable-libplacebo --enable-librav1e --enable-pocketsphinx --enable-librsvg --enable-libjxl --enable-shared
  libavutil      58. 29.100 / 58. 29.100
  libavcodec     60. 31.102 / 60. 31.102
  libavformat    60. 16.100 / 60. 16.100
  libavdevice    60.  3.100 / 60.  3.100
  libavfilter     9. 12.100 /  9. 12.100
  libswscale      7.  5.100 /  7.  5.100
  libswresample   4. 12.100 /  4. 12.100
  libpostproc    57.  3.100 / 57.  3.100
Input #0, mov,mp4,m4a,3gp,3g2,mj2, from 'https://github.com/Prembty12/premx-editor/releases/download/v1.0.87/Escape.from.Atlas.High.Security.Prison35.mp4':
  Metadata:
    major_brand     : isom
    minor_version   : 512
    compatible_brands: isomiso2avc1mp41
    title           : Escape.from.Atlas.High.Security.Prison35
    artist          : PremxGamer
    encoder         : Lavf60.16.100
  Duration: 00:00:56.40, start: 0.000000, bitrate: 12364 kb/s
  Stream #0:0[0x1](und): Video: h264 (High) (avc1 / 0x31637661), yuv420p(tv, unknown/bt709/bt709, progressive), 1080x1350 [SAR 1:1 DAR 4:5], 12160 kb/s, 30 fps, 30 tbr, 15360 tbn (default)
    Metadata:
      handler_name    : VideoHandler
      vendor_id       : [0][0][0][0]
      encoder         : Lavc60.31.102 libx264
  Stream #0:1[0x2](und): Audio: aac (LC) (mp4a / 0x6134706D), 48000 Hz, stereo, fltp, 195 kb/s (default)
    Metadata:
      handler_name    : SoundHandler
      vendor_id       : [0][0][0][0]
Stream mapping:
  Stream #0:0 -> #0:0 (h264 (native) -> mjpeg (native))
Press [q] to stop, [?] for help
[swscaler @ 0x561139ccd7c0] deprecated pixel format used, make sure you did set range correctly
    Last message repeated 3 times
Output #0, image2, to 'temp_frames/frame_20.jpg':
  Metadata:
    major_brand     : isom
    minor_version   : 512
    compatible_brands: isomiso2avc1mp41
    title           : Escape.from.Atlas.High.Security.Prison35
    artist          : PremxGamer
    encoder         : Lavf60.16.100
  Stream #0:0(und): Video: mjpeg, yuvj420p(pc, unknown/bt709/bt709, progressive), 1080x1350 [SAR 1:1 DAR 4:5], q=2-31, 200 kb/s, 30 fps, 30 tbn (default)
    Metadata:
      handler_name    : VideoHandler
      vendor_id       : [0][0][0][0]
      encoder         : Lavc60.31.102 mjpeg
    Side data:
      cpb: bitrate max/min/avg: 0/0/200000 buffer size: 0 vbv_delay: N/A
frame=    0 fps=0.0 q=2.0 size=       0kB time=00:00:00.00 bitrate=N/A speed=   0x    [image2 @ 0x561139e34ec0] The specified filename 'temp_frames/frame_20.jpg' does not contain an image sequence pattern or a pattern is invalid.
[image2 @ 0x561139e34ec0] Use a pattern such as %03d for an image sequence or use the -update option (with -frames:v 1 if needed) to write a single image.
[out#0/image2 @ 0x561139c07c80] video:187kB audio:0kB subtitle:0kB other streams:0kB global headers:0kB muxing overhead: unknown
frame=    1 fps=0.0 q=2.0 Lsize=N/A time=00:00:00.00 bitrate=N/A speed=   0x    
ffmpeg version 6.1.1-3ubuntu5 Copyright (c) 2000-2023 the FFmpeg developers
  built with gcc 13 (Ubuntu 13.2.0-23ubuntu3)
  configuration: --prefix=/usr --extra-version=3ubuntu5 --toolchain=hardened --libdir=/usr/lib/x86_64-linux-gnu --incdir=/usr/include/x86_64-linux-gnu --arch=amd64 --enable-gpl --disable-stripping --disable-omx --enable-gnutls --enable-libaom --enable-libass --enable-libbs2b --enable-libcaca --enable-libcdio --enable-libcodec2 --enable-libdav1d --enable-libflite --enable-libfontconfig --enable-libfreetype --enable-libfribidi --enable-libglslang --enable-libgme --enable-libgsm --enable-libharfbuzz --enable-libmp3lame --enable-libmysofa --enable-libopenjpeg --enable-libopenmpt --enable-libopus --enable-librubberband --enable-libshine --enable-libsnappy --enable-libsoxr --enable-libspeex --enable-libtheora --enable-libtwolame --enable-libvidstab --enable-libvorbis --enable-libvpx --enable-libwebp --enable-libx265 --enable-libxml2 --enable-libxvid --enable-libzimg --enable-openal --enable-opencl --enable-opengl --disable-sndio --enable-libvpl --disable-libmfx --enable-libdc1394 --enable-libdrm --enable-libiec61883 --enable-chromaprint --enable-frei0r --enable-ladspa --enable-libbluray --enable-libjack --enable-libpulse --enable-librabbitmq --enable-librist --enable-libsrt --enable-libssh --enable-libsvtav1 --enable-libx264 --enable-libzmq --enable-libzvbi --enable-lv2 --enable-sdl2 --enable-libplacebo --enable-librav1e --enable-pocketsphinx --enable-librsvg --enable-libjxl --enable-shared
  libavutil      58. 29.100 / 58. 29.100
  libavcodec     60. 31.102 / 60. 31.102
  libavformat    60. 16.100 / 60. 16.100
  libavdevice    60.  3.100 / 60.  3.100
  libavfilter     9. 12.100 /  9. 12.100
  libswscale      7.  5.100 /  7.  5.100
  libswresample   4. 12.100 /  4. 12.100
  libpostproc    57.  3.100 / 57.  3.100
Input #0, mov,mp4,m4a,3gp,3g2,mj2, from 'https://github.com/Prembty12/premx-editor/releases/download/v1.0.87/Escape.from.Atlas.High.Security.Prison35.mp4':
  Metadata:
    major_brand     : isom
    minor_version   : 512
    compatible_brands: isomiso2avc1mp41
    title           : Escape.from.Atlas.High.Security.Prison35
    artist          : PremxGamer
    encoder         : Lavf60.16.100
  Duration: 00:00:56.40, start: 0.000000, bitrate: 12364 kb/s
  Stream #0:0[0x1](und): Video: h264 (High) (avc1 / 0x31637661), yuv420p(tv, unknown/bt709/bt709, progressive), 1080x1350 [SAR 1:1 DAR 4:5], 12160 kb/s, 30 fps, 30 tbr, 15360 tbn (default)
    Metadata:
      handler_name    : VideoHandler
      vendor_id       : [0][0][0][0]
      encoder         : Lavc60.31.102 libx264
  Stream #0:1[0x2](und): Audio: aac (LC) (mp4a / 0x6134706D), 48000 Hz, stereo, fltp, 195 kb/s (default)
    Metadata:
      handler_name    : SoundHandler
      vendor_id       : [0][0][0][0]
Stream mapping:
  Stream #0:0 -> #0:0 (h264 (native) -> mjpeg (native))
Press [q] to stop, [?] for help
[swscaler @ 0x55b3e89887c0] deprecated pixel format used, make sure you did set range correctly
    Last message repeated 3 times
Output #0, image2, to 'temp_frames/frame_21.jpg':
  Metadata:
    major_brand     : isom
    minor_version   : 512
    compatible_brands: isomiso2avc1mp41
    title           : Escape.from.Atlas.High.Security.Prison35
    artist          : PremxGamer
    encoder         : Lavf60.16.100
  Stream #0:0(und): Video: mjpeg, yuvj420p(pc, unknown/bt709/bt709, progressive), 1080x1350 [SAR 1:1 DAR 4:5], q=2-31, 200 kb/s, 30 fps, 30 tbn (default)
    Metadata:
      handler_name    : VideoHandler
      vendor_id       : [0][0][0][0]
      encoder         : Lavc60.31.102 mjpeg
    Side data:
      cpb: bitrate max/min/avg: 0/0/200000 buffer size: 0 vbv_delay: N/A
frame=    0 fps=0.0 q=2.0 size=       0kB time=00:00:00.00 bitrate=N/A dup=1 drop=0 speed=   0x    [image2 @ 0x55b3e8aefec0] The specified filename 'temp_frames/frame_21.jpg' does not contain an image sequence pattern or a pattern is invalid.
[image2 @ 0x55b3e8aefec0] Use a pattern such as %03d for an image sequence or use the -update option (with -frames:v 1 if needed) to write a single image.
[out#0/image2 @ 0x55b3e88c2c80] video:167kB audio:0kB subtitle:0kB other streams:0kB global headers:0kB muxing overhead: unknown
frame=    1 fps=0.0 q=2.0 Lsize=N/A time=00:00:00.00 bitrate=N/A dup=1 drop=0 speed=   0x    
ffmpeg version 6.1.1-3ubuntu5 Copyright (c) 2000-2023 the FFmpeg developers
  built with gcc 13 (Ubuntu 13.2.0-23ubuntu3)
  configuration: --prefix=/usr --extra-version=3ubuntu5 --toolchain=hardened --libdir=/usr/lib/x86_64-linux-gnu --incdir=/usr/include/x86_64-linux-gnu --arch=amd64 --enable-gpl --disable-stripping --disable-omx --enable-gnutls --enable-libaom --enable-libass --enable-libbs2b --enable-libcaca --enable-libcdio --enable-libcodec2 --enable-libdav1d --enable-libflite --enable-libfontconfig --enable-libfreetype --enable-libfribidi --enable-libglslang --enable-libgme --enable-libgsm --enable-libharfbuzz --enable-libmp3lame --enable-libmysofa --enable-libopenjpeg --enable-libopenmpt --enable-libopus --enable-librubberband --enable-libshine --enable-libsnappy --enable-libsoxr --enable-libspeex --enable-libtheora --enable-libtwolame --enable-libvidstab --enable-libvorbis --enable-libvpx --enable-libwebp --enable-libx265 --enable-libxml2 --enable-libxvid --enable-libzimg --enable-openal --enable-opencl --enable-opengl --disable-sndio --enable-libvpl --disable-libmfx --enable-libdc1394 --enable-libdrm --enable-libiec61883 --enable-chromaprint --enable-frei0r --enable-ladspa --enable-libbluray --enable-libjack --enable-libpulse --enable-librabbitmq --enable-librist --enable-libsrt --enable-libssh --enable-libsvtav1 --enable-libx264 --enable-libzmq --enable-libzvbi --enable-lv2 --enable-sdl2 --enable-libplacebo --enable-librav1e --enable-pocketsphinx --enable-librsvg --enable-libjxl --enable-shared
  libavutil      58. 29.100 / 58. 29.100
  libavcodec     60. 31.102 / 60. 31.102
  libavformat    60. 16.100 / 60. 16.100
  libavdevice    60.  3.100 / 60.  3.100
  libavfilter     9. 12.100 /  9. 12.100
  libswscale      7.  5.100 /  7.  5.100
  libswresample   4. 12.100 /  4. 12.100
  libpostproc    57.  3.100 / 57.  3.100
Input #0, mov,mp4,m4a,3gp,3g2,mj2, from 'https://github.com/Prembty12/premx-editor/releases/download/v1.0.87/Escape.from.Atlas.High.Security.Prison35.mp4':
  Metadata:
    major_brand     : isom
    minor_version   : 512
    compatible_brands: isomiso2avc1mp41
    title           : Escape.from.Atlas.High.Security.Prison35
    artist          : PremxGamer
    encoder         : Lavf60.16.100
  Duration: 00:00:56.40, start: 0.000000, bitrate: 12364 kb/s
  Stream #0:0[0x1](und): Video: h264 (High) (avc1 / 0x31637661), yuv420p(tv, unknown/bt709/bt709, progressive), 1080x1350 [SAR 1:1 DAR 4:5], 12160 kb/s, 30 fps, 30 tbr, 15360 tbn (default)
    Metadata:
      handler_name    : VideoHandler
      vendor_id       : [0][0][0][0]
      encoder         : Lavc60.31.102 libx264
  Stream #0:1[0x2](und): Audio: aac (LC) (mp4a / 0x6134706D), 48000 Hz, stereo, fltp, 195 kb/s (default)
    Metadata:
      handler_name    : SoundHandler
      vendor_id       : [0][0][0][0]
Stream mapping:
  Stream #0:0 -> #0:0 (h264 (native) -> mjpeg (native))
Press [q] to stop, [?] for help
[swscaler @ 0x55c67a84f7c0] deprecated pixel format used, make sure you did set range correctly
    Last message repeated 3 times
Output #0, image2, to 'temp_frames/frame_22.jpg':
  Metadata:
    major_brand     : isom
    minor_version   : 512
    compatible_brands: isomiso2avc1mp41
    title           : Escape.from.Atlas.High.Security.Prison35
    artist          : PremxGamer
    encoder         : Lavf60.16.100
  Stream #0:0(und): Video: mjpeg, yuvj420p(pc, unknown/bt709/bt709, progressive), 1080x1350 [SAR 1:1 DAR 4:5], q=2-31, 200 kb/s, 30 fps, 30 tbn (default)
    Metadata:
      handler_name    : VideoHandler
      vendor_id       : [0][0][0][0]
      encoder         : Lavc60.31.102 mjpeg
    Side data:
      cpb: bitrate max/min/avg: 0/0/200000 buffer size: 0 vbv_delay: N/A
[image2 @ 0x55c67a9b6ec0] The specified filename 'temp_frames/frame_22.jpg' does not contain an image sequence pattern or a pattern is invalid.
[image2 @ 0x55c67a9b6ec0] Use a pattern such as %03d for an image sequence or use the -update option (with -frames:v 1 if needed) to write a single image.
frame=    1 fps=0.0 q=2.0 size=N/A time=00:00:00.00 bitrate=N/A dup=1 drop=0 speed=   0x    [out#0/image2 @ 0x55c67a789c80] video:165kB audio:0kB subtitle:0kB other streams:0kB global headers:0kB muxing overhead: unknown
frame=    1 fps=0.0 q=2.0 Lsize=N/A time=00:00:00.00 bitrate=N/A dup=1 drop=0 speed=   0x    
ffmpeg version 6.1.1-3ubuntu5 Copyright (c) 2000-2023 the FFmpeg developers
  built with gcc 13 (Ubuntu 13.2.0-23ubuntu3)
  configuration: --prefix=/usr --extra-version=3ubuntu5 --toolchain=hardened --libdir=/usr/lib/x86_64-linux-gnu --incdir=/usr/include/x86_64-linux-gnu --arch=amd64 --enable-gpl --disable-stripping --disable-omx --enable-gnutls --enable-libaom --enable-libass --enable-libbs2b --enable-libcaca --enable-libcdio --enable-libcodec2 --enable-libdav1d --enable-libflite --enable-libfontconfig --enable-libfreetype --enable-libfribidi --enable-libglslang --enable-libgme --enable-libgsm --enable-libharfbuzz --enable-libmp3lame --enable-libmysofa --enable-libopenjpeg --enable-libopenmpt --enable-libopus --enable-librubberband --enable-libshine --enable-libsnappy --enable-libsoxr --enable-libspeex --enable-libtheora --enable-libtwolame --enable-libvidstab --enable-libvorbis --enable-libvpx --enable-libwebp --enable-libx265 --enable-libxml2 --enable-libxvid --enable-libzimg --enable-openal --enable-opencl --enable-opengl --disable-sndio --enable-libvpl --disable-libmfx --enable-libdc1394 --enable-libdrm --enable-libiec61883 --enable-chromaprint --enable-frei0r --enable-ladspa --enable-libbluray --enable-libjack --enable-libpulse --enable-librabbitmq --enable-librist --enable-libsrt --enable-libssh --enable-libsvtav1 --enable-libx264 --enable-libzmq --enable-libzvbi --enable-lv2 --enable-sdl2 --enable-libplacebo --enable-librav1e --enable-pocketsphinx --enable-librsvg --enable-libjxl --enable-shared
  libavutil      58. 29.100 / 58. 29.100
  libavcodec     60. 31.102 / 60. 31.102
  libavformat    60. 16.100 / 60. 16.100
  libavdevice    60.  3.100 / 60.  3.100
  libavfilter     9. 12.100 /  9. 12.100
  libswscale      7.  5.100 /  7.  5.100
  libswresample   4. 12.100 /  4. 12.100
  libpostproc    57.  3.100 / 57.  3.100
Input #0, mov,mp4,m4a,3gp,3g2,mj2, from 'https://github.com/Prembty12/premx-editor/releases/download/v1.0.87/Escape.from.Atlas.High.Security.Prison35.mp4':
  Metadata:
    major_brand     : isom
    minor_version   : 512
    compatible_brands: isomiso2avc1mp41
    title           : Escape.from.Atlas.High.Security.Prison35
    artist          : PremxGamer
    encoder         : Lavf60.16.100
  Duration: 00:00:56.40, start: 0.000000, bitrate: 12364 kb/s
  Stream #0:0[0x1](und): Video: h264 (High) (avc1 / 0x31637661), yuv420p(tv, unknown/bt709/bt709, progressive), 1080x1350 [SAR 1:1 DAR 4:5], 12160 kb/s, 30 fps, 30 tbr, 15360 tbn (default)
    Metadata:
      handler_name    : VideoHandler
      vendor_id       : [0][0][0][0]
      encoder         : Lavc60.31.102 libx264
  Stream #0:1[0x2](und): Audio: aac (LC) (mp4a / 0x6134706D), 48000 Hz, stereo, fltp, 195 kb/s (default)
    Metadata:
      handler_name    : SoundHandler
      vendor_id       : [0][0][0][0]
Stream mapping:
  Stream #0:0 -> #0:0 (h264 (native) -> mjpeg (native))
Press [q] to stop, [?] for help
[swscaler @ 0x55889a2677c0] deprecated pixel format used, make sure you did set range correctly
    Last message repeated 3 times
Output #0, image2, to 'temp_frames/frame_23.jpg':
  Metadata:
    major_brand     : isom
    minor_version   : 512
    compatible_brands: isomiso2avc1mp41
    title           : Escape.from.Atlas.High.Security.Prison35
    artist          : PremxGamer
    encoder         : Lavf60.16.100
  Stream #0:0(und): Video: mjpeg, yuvj420p(pc, unknown/bt709/bt709, progressive), 1080x1350 [SAR 1:1 DAR 4:5], q=2-31, 200 kb/s, 30 fps, 30 tbn (default)
    Metadata:
      handler_name    : VideoHandler
      vendor_id       : [0][0][0][0]
      encoder         : Lavc60.31.102 mjpeg
    Side data:
      cpb: bitrate max/min/avg: 0/0/200000 buffer size: 0 vbv_delay: N/A
[image2 @ 0x55889a3ceec0] The specified filename 'temp_frames/frame_23.jpg' does not contain an image sequence pattern or a pattern is invalid.
[image2 @ 0x55889a3ceec0] Use a pattern such as %03d for an image sequence or use the -update option (with -frames:v 1 if needed) to write a single image.
frame=    1 fps=0.0 q=2.0 size=N/A time=00:00:00.00 bitrate=N/A speed=   0x    [out#0/image2 @ 0x55889a1a1c80] video:166kB audio:0kB subtitle:0kB other streams:0kB global headers:0kB muxing overhead: unknown
frame=    1 fps=0.0 q=2.0 Lsize=N/A time=00:00:00.00 bitrate=N/A speed=   0x    
ffmpeg version 6.1.1-3ubuntu5 Copyright (c) 2000-2023 the FFmpeg developers
  built with gcc 13 (Ubuntu 13.2.0-23ubuntu3)
  configuration: --prefix=/usr --extra-version=3ubuntu5 --toolchain=hardened --libdir=/usr/lib/x86_64-linux-gnu --incdir=/usr/include/x86_64-linux-gnu --arch=amd64 --enable-gpl --disable-stripping --disable-omx --enable-gnutls --enable-libaom --enable-libass --enable-libbs2b --enable-libcaca --enable-libcdio --enable-libcodec2 --enable-libdav1d --enable-libflite --enable-libfontconfig --enable-libfreetype --enable-libfribidi --enable-libglslang --enable-libgme --enable-libgsm --enable-libharfbuzz --enable-libmp3lame --enable-libmysofa --enable-libopenjpeg --enable-libopenmpt --enable-libopus --enable-librubberband --enable-libshine --enable-libsnappy --enable-libsoxr --enable-libspeex --enable-libtheora --enable-libtwolame --enable-libvidstab --enable-libvorbis --enable-libvpx --enable-libwebp --enable-libx265 --enable-libxml2 --enable-libxvid --enable-libzimg --enable-openal --enable-opencl --enable-opengl --disable-sndio --enable-libvpl --disable-libmfx --enable-libdc1394 --enable-libdrm --enable-libiec61883 --enable-chromaprint --enable-frei0r --enable-ladspa --enable-libbluray --enable-libjack --enable-libpulse --enable-librabbitmq --enable-librist --enable-libsrt --enable-libssh --enable-libsvtav1 --enable-libx264 --enable-libzmq --enable-libzvbi --enable-lv2 --enable-sdl2 --enable-libplacebo --enable-librav1e --enable-pocketsphinx --enable-librsvg --enable-libjxl --enable-shared
  libavutil      58. 29.100 / 58. 29.100
  libavcodec     60. 31.102 / 60. 31.102
  libavformat    60. 16.100 / 60. 16.100
  libavdevice    60.  3.100 / 60.  3.100
  libavfilter     9. 12.100 /  9. 12.100
  libswscale      7.  5.100 /  7.  5.100
  libswresample   4. 12.100 /  4. 12.100
  libpostproc    57.  3.100 / 57.  3.100
Input #0, mov,mp4,m4a,3gp,3g2,mj2, from 'https://github.com/Prembty12/premx-editor/releases/download/v1.0.87/Escape.from.Atlas.High.Security.Prison35.mp4':
  Metadata:
    major_brand     : isom
    minor_version   : 512
    compatible_brands: isomiso2avc1mp41
    title           : Escape.from.Atlas.High.Security.Prison35
    artist          : PremxGamer
    encoder         : Lavf60.16.100
  Duration: 00:00:56.40, start: 0.000000, bitrate: 12364 kb/s
  Stream #0:0[0x1](und): Video: h264 (High) (avc1 / 0x31637661), yuv420p(tv, unknown/bt709/bt709, progressive), 1080x1350 [SAR 1:1 DAR 4:5], 12160 kb/s, 30 fps, 30 tbr, 15360 tbn (default)
    Metadata:
      handler_name    : VideoHandler
      vendor_id       : [0][0][0][0]
      encoder         : Lavc60.31.102 libx264
  Stream #0:1[0x2](und): Audio: aac (LC) (mp4a / 0x6134706D), 48000 Hz, stereo, fltp, 195 kb/s (default)
    Metadata:
      handler_name    : SoundHandler
      vendor_id       : [0][0][0][0]
Stream mapping:
  Stream #0:0 -> #0:0 (h264 (native) -> mjpeg (native))
Press [q] to stop, [?] for help
[swscaler @ 0x55fea32ce7c0] deprecated pixel format used, make sure you did set range correctly
    Last message repeated 3 times
Output #0, image2, to 'temp_frames/frame_24.jpg':
  Metadata:
    major_brand     : isom
    minor_version   : 512
    compatible_brands: isomiso2avc1mp41
    title           : Escape.from.Atlas.High.Security.Prison35
    artist          : PremxGamer
    encoder         : Lavf60.16.100
  Stream #0:0(und): Video: mjpeg, yuvj420p(pc, unknown/bt709/bt709, progressive), 1080x1350 [SAR 1:1 DAR 4:5], q=2-31, 200 kb/s, 30 fps, 30 tbn (default)
    Metadata:
      handler_name    : VideoHandler
      vendor_id       : [0][0][0][0]
      encoder         : Lavc60.31.102 mjpeg
    Side data:
      cpb: bitrate max/min/avg: 0/0/200000 buffer size: 0 vbv_delay: N/A
frame=    0 fps=0.0 q=2.0 size=       0kB time=00:00:00.00 bitrate=N/A dup=1 drop=0 speed=   0x    [image2 @ 0x55fea3435ec0] The specified filename 'temp_frames/frame_24.jpg' does not contain an image sequence pattern or a pattern is invalid.
[image2 @ 0x55fea3435ec0] Use a pattern such as %03d for an image sequence or use the -update option (with -frames:v 1 if needed) to write a single image.
[out#0/image2 @ 0x55fea3208c80] video:174kB audio:0kB subtitle:0kB other streams:0kB global headers:0kB muxing overhead: unknown
frame=    1 fps=0.0 q=2.0 Lsize=N/A time=00:00:00.00 bitrate=N/A dup=1 drop=0 speed=   0x    
ffmpeg version 6.1.1-3ubuntu5 Copyright (c) 2000-2023 the FFmpeg developers
  built with gcc 13 (Ubuntu 13.2.0-23ubuntu3)
  configuration: --prefix=/usr --extra-version=3ubuntu5 --toolchain=hardened --libdir=/usr/lib/x86_64-linux-gnu --incdir=/usr/include/x86_64-linux-gnu --arch=amd64 --enable-gpl --disable-stripping --disable-omx --enable-gnutls --enable-libaom --enable-libass --enable-libbs2b --enable-libcaca --enable-libcdio --enable-libcodec2 --enable-libdav1d --enable-libflite --enable-libfontconfig --enable-libfreetype --enable-libfribidi --enable-libglslang --enable-libgme --enable-libgsm --enable-libharfbuzz --enable-libmp3lame --enable-libmysofa --enable-libopenjpeg --enable-libopenmpt --enable-libopus --enable-librubberband --enable-libshine --enable-libsnappy --enable-libsoxr --enable-libspeex --enable-libtheora --enable-libtwolame --enable-libvidstab --enable-libvorbis --enable-libvpx --enable-libwebp --enable-libx265 --enable-libxml2 --enable-libxvid --enable-libzimg --enable-openal --enable-opencl --enable-opengl --disable-sndio --enable-libvpl --disable-libmfx --enable-libdc1394 --enable-libdrm --enable-libiec61883 --enable-chromaprint --enable-frei0r --enable-ladspa --enable-libbluray --enable-libjack --enable-libpulse --enable-librabbitmq --enable-librist --enable-libsrt --enable-libssh --enable-libsvtav1 --enable-libx264 --enable-libzmq --enable-libzvbi --enable-lv2 --enable-sdl2 --enable-libplacebo --enable-librav1e --enable-pocketsphinx --enable-librsvg --enable-libjxl --enable-shared
  libavutil      58. 29.100 / 58. 29.100
  libavcodec     60. 31.102 / 60. 31.102
  libavformat    60. 16.100 / 60. 16.100
  libavdevice    60.  3.100 / 60.  3.100
  libavfilter     9. 12.100 /  9. 12.100
  libswscale      7.  5.100 /  7.  5.100
  libswresample   4. 12.100 /  4. 12.100
  libpostproc    57.  3.100 / 57.  3.100
Input #0, mov,mp4,m4a,3gp,3g2,mj2, from 'https://github.com/Prembty12/premx-editor/releases/download/v1.0.87/Escape.from.Atlas.High.Security.Prison35.mp4':
  Metadata:
    major_brand     : isom
    minor_version   : 512
    compatible_brands: isomiso2avc1mp41
    title           : Escape.from.Atlas.High.Security.Prison35
    artist          : PremxGamer
    encoder         : Lavf60.16.100
  Duration: 00:00:56.40, start: 0.000000, bitrate: 12364 kb/s
  Stream #0:0[0x1](und): Video: h264 (High) (avc1 / 0x31637661), yuv420p(tv, unknown/bt709/bt709, progressive), 1080x1350 [SAR 1:1 DAR 4:5], 12160 kb/s, 30 fps, 30 tbr, 15360 tbn (default)
    Metadata:
      handler_name    : VideoHandler
      vendor_id       : [0][0][0][0]
      encoder         : Lavc60.31.102 libx264
  Stream #0:1[0x2](und): Audio: aac (LC) (mp4a / 0x6134706D), 48000 Hz, stereo, fltp, 195 kb/s (default)
    Metadata:
      handler_name    : SoundHandler
      vendor_id       : [0][0][0][0]
Stream mapping:
  Stream #0:0 -> #0:0 (h264 (native) -> mjpeg (native))
Press [q] to stop, [?] for help
[swscaler @ 0x5646b3ed97c0] deprecated pixel format used, make sure you did set range correctly
    Last message repeated 3 times
Output #0, image2, to 'temp_frames/frame_25.jpg':
  Metadata:
    major_brand     : isom
    minor_version   : 512
    compatible_brands: isomiso2avc1mp41
    title           : Escape.from.Atlas.High.Security.Prison35
    artist          : PremxGamer
    encoder         : Lavf60.16.100
  Stream #0:0(und): Video: mjpeg, yuvj420p(pc, unknown/bt709/bt709, progressive), 1080x1350 [SAR 1:1 DAR 4:5], q=2-31, 200 kb/s, 30 fps, 30 tbn (default)
    Metadata:
      handler_name    : VideoHandler
      vendor_id       : [0][0][0][0]
      encoder         : Lavc60.31.102 mjpeg
    Side data:
      cpb: bitrate max/min/avg: 0/0/200000 buffer size: 0 vbv_delay: N/A
frame=    0 fps=0.0 q=2.0 size=       0kB time=00:00:00.00 bitrate=N/A speed=   0x    [image2 @ 0x5646b4040ec0] The specified filename 'temp_frames/frame_25.jpg' does not contain an image sequence pattern or a pattern is invalid.
[image2 @ 0x5646b4040ec0] Use a pattern such as %03d for an image sequence or use the -update option (with -frames:v 1 if needed) to write a single image.
[out#0/image2 @ 0x5646b3e13c80] video:198kB audio:0kB subtitle:0kB other streams:0kB global headers:0kB muxing overhead: unknown
frame=    1 fps=0.0 q=2.0 Lsize=N/A time=00:00:00.00 bitrate=N/A speed=   0x    
ffmpeg version 6.1.1-3ubuntu5 Copyright (c) 2000-2023 the FFmpeg developers
  built with gcc 13 (Ubuntu 13.2.0-23ubuntu3)
  configuration: --prefix=/usr --extra-version=3ubuntu5 --toolchain=hardened --libdir=/usr/lib/x86_64-linux-gnu --incdir=/usr/include/x86_64-linux-gnu --arch=amd64 --enable-gpl --disable-stripping --disable-omx --enable-gnutls --enable-libaom --enable-libass --enable-libbs2b --enable-libcaca --enable-libcdio --enable-libcodec2 --enable-libdav1d --enable-libflite --enable-libfontconfig --enable-libfreetype --enable-libfribidi --enable-libglslang --enable-libgme --enable-libgsm --enable-libharfbuzz --enable-libmp3lame --enable-libmysofa --enable-libopenjpeg --enable-libopenmpt --enable-libopus --enable-librubberband --enable-libshine --enable-libsnappy --enable-libsoxr --enable-libspeex --enable-libtheora --enable-libtwolame --enable-libvidstab --enable-libvorbis --enable-libvpx --enable-libwebp --enable-libx265 --enable-libxml2 --enable-libxvid --enable-libzimg --enable-openal --enable-opencl --enable-opengl --disable-sndio --enable-libvpl --disable-libmfx --enable-libdc1394 --enable-libdrm --enable-libiec61883 --enable-chromaprint --enable-frei0r --enable-ladspa --enable-libbluray --enable-libjack --enable-libpulse --enable-librabbitmq --enable-librist --enable-libsrt --enable-libssh --enable-libsvtav1 --enable-libx264 --enable-libzmq --enable-libzvbi --enable-lv2 --enable-sdl2 --enable-libplacebo --enable-librav1e --enable-pocketsphinx --enable-librsvg --enable-libjxl --enable-shared
  libavutil      58. 29.100 / 58. 29.100
  libavcodec     60. 31.102 / 60. 31.102
  libavformat    60. 16.100 / 60. 16.100
  libavdevice    60.  3.100 / 60.  3.100
  libavfilter     9. 12.100 /  9. 12.100
  libswscale      7.  5.100 /  7.  5.100
  libswresample   4. 12.100 /  4. 12.100
  libpostproc    57.  3.100 / 57.  3.100
Input #0, mov,mp4,m4a,3gp,3g2,mj2, from 'https://github.com/Prembty12/premx-editor/releases/download/v1.0.87/Escape.from.Atlas.High.Security.Prison35.mp4':
  Metadata:
    major_brand     : isom
    minor_version   : 512
    compatible_brands: isomiso2avc1mp41
    title           : Escape.from.Atlas.High.Security.Prison35
    artist          : PremxGamer
    encoder         : Lavf60.16.100
  Duration: 00:00:56.40, start: 0.000000, bitrate: 12364 kb/s
  Stream #0:0[0x1](und): Video: h264 (High) (avc1 / 0x31637661), yuv420p(tv, unknown/bt709/bt709, progressive), 1080x1350 [SAR 1:1 DAR 4:5], 12160 kb/s, 30 fps, 30 tbr, 15360 tbn (default)
    Metadata:
      handler_name    : VideoHandler
      vendor_id       : [0][0][0][0]
      encoder         : Lavc60.31.102 libx264
  Stream #0:1[0x2](und): Audio: aac (LC) (mp4a / 0x6134706D), 48000 Hz, stereo, fltp, 195 kb/s (default)
    Metadata:
      handler_name    : SoundHandler
      vendor_id       : [0][0][0][0]
Stream mapping:
  Stream #0:0 -> #0:0 (h264 (native) -> mjpeg (native))
Press [q] to stop, [?] for help
[swscaler @ 0x559a11dea7c0] deprecated pixel format used, make sure you did set range correctly
    Last message repeated 3 times
Output #0, image2, to 'temp_frames/frame_26.jpg':
  Metadata:
    major_brand     : isom
    minor_version   : 512
    compatible_brands: isomiso2avc1mp41
    title           : Escape.from.Atlas.High.Security.Prison35
    artist          : PremxGamer
    encoder         : Lavf60.16.100
  Stream #0:0(und): Video: mjpeg, yuvj420p(pc, unknown/bt709/bt709, progressive), 1080x1350 [SAR 1:1 DAR 4:5], q=2-31, 200 kb/s, 30 fps, 30 tbn (default)
    Metadata:
      handler_name    : VideoHandler
      vendor_id       : [0][0][0][0]
      encoder         : Lavc60.31.102 mjpeg
    Side data:
      cpb: bitrate max/min/avg: 0/0/200000 buffer size: 0 vbv_delay: N/A
frame=    0 fps=0.0 q=2.0 size=       0kB time=00:00:00.00 bitrate=N/A speed=   0x    [image2 @ 0x559a11f51ec0] The specified filename 'temp_frames/frame_26.jpg' does not contain an image sequence pattern or a pattern is invalid.
[image2 @ 0x559a11f51ec0] Use a pattern such as %03d for an image sequence or use the -update option (with -frames:v 1 if needed) to write a single image.
[out#0/image2 @ 0x559a11d24c80] video:168kB audio:0kB subtitle:0kB other streams:0kB global headers:0kB muxing overhead: unknown
frame=    1 fps=0.0 q=2.0 Lsize=N/A time=00:00:00.00 bitrate=N/A speed=   0x    
ffmpeg version 6.1.1-3ubuntu5 Copyright (c) 2000-2023 the FFmpeg developers
  built with gcc 13 (Ubuntu 13.2.0-23ubuntu3)
  configuration: --prefix=/usr --extra-version=3ubuntu5 --toolchain=hardened --libdir=/usr/lib/x86_64-linux-gnu --incdir=/usr/include/x86_64-linux-gnu --arch=amd64 --enable-gpl --disable-stripping --disable-omx --enable-gnutls --enable-libaom --enable-libass --enable-libbs2b --enable-libcaca --enable-libcdio --enable-libcodec2 --enable-libdav1d --enable-libflite --enable-libfontconfig --enable-libfreetype --enable-libfribidi --enable-libglslang --enable-libgme --enable-libgsm --enable-libharfbuzz --enable-libmp3lame --enable-libmysofa --enable-libopenjpeg --enable-libopenmpt --enable-libopus --enable-librubberband --enable-libshine --enable-libsnappy --enable-libsoxr --enable-libspeex --enable-libtheora --enable-libtwolame --enable-libvidstab --enable-libvorbis --enable-libvpx --enable-libwebp --enable-libx265 --enable-libxml2 --enable-libxvid --enable-libzimg --enable-openal --enable-opencl --enable-opengl --disable-sndio --enable-libvpl --disable-libmfx --enable-libdc1394 --enable-libdrm --enable-libiec61883 --enable-chromaprint --enable-frei0r --enable-ladspa --enable-libbluray --enable-libjack --enable-libpulse --enable-librabbitmq --enable-librist --enable-libsrt --enable-libssh --enable-libsvtav1 --enable-libx264 --enable-libzmq --enable-libzvbi --enable-lv2 --enable-sdl2 --enable-libplacebo --enable-librav1e --enable-pocketsphinx --enable-librsvg --enable-libjxl --enable-shared
  libavutil      58. 29.100 / 58. 29.100
  libavcodec     60. 31.102 / 60. 31.102
  libavformat    60. 16.100 / 60. 16.100
  libavdevice    60.  3.100 / 60.  3.100
  libavfilter     9. 12.100 /  9. 12.100
  libswscale      7.  5.100 /  7.  5.100
  libswresample   4. 12.100 /  4. 12.100
  libpostproc    57.  3.100 / 57.  3.100
Input #0, mov,mp4,m4a,3gp,3g2,mj2, from 'https://github.com/Prembty12/premx-editor/releases/download/v1.0.87/Escape.from.Atlas.High.Security.Prison35.mp4':
  Metadata:
    major_brand     : isom
    minor_version   : 512
    compatible_brands: isomiso2avc1mp41
    title           : Escape.from.Atlas.High.Security.Prison35
    artist          : PremxGamer
    encoder         : Lavf60.16.100
  Duration: 00:00:56.40, start: 0.000000, bitrate: 12364 kb/s
  Stream #0:0[0x1](und): Video: h264 (High) (avc1 / 0x31637661), yuv420p(tv, unknown/bt709/bt709, progressive), 1080x1350 [SAR 1:1 DAR 4:5], 12160 kb/s, 30 fps, 30 tbr, 15360 tbn (default)
    Metadata:
      handler_name    : VideoHandler
      vendor_id       : [0][0][0][0]
      encoder         : Lavc60.31.102 libx264
  Stream #0:1[0x2](und): Audio: aac (LC) (mp4a / 0x6134706D), 48000 Hz, stereo, fltp, 195 kb/s (default)
    Metadata:
      handler_name    : SoundHandler
      vendor_id       : [0][0][0][0]
Stream mapping:
  Stream #0:0 -> #0:0 (h264 (native) -> mjpeg (native))
Press [q] to stop, [?] for help
[swscaler @ 0x5610566fa7c0] deprecated pixel format used, make sure you did set range correctly
    Last message repeated 3 times
Output #0, image2, to 'temp_frames/frame_27.jpg':
  Metadata:
    major_brand     : isom
    minor_version   : 512
    compatible_brands: isomiso2avc1mp41
    title           : Escape.from.Atlas.High.Security.Prison35
    artist          : PremxGamer
    encoder         : Lavf60.16.100
  Stream #0:0(und): Video: mjpeg, yuvj420p(pc, unknown/bt709/bt709, progressive), 1080x1350 [SAR 1:1 DAR 4:5], q=2-31, 200 kb/s, 30 fps, 30 tbn (default)
    Metadata:
      handler_name    : VideoHandler
      vendor_id       : [0][0][0][0]
      encoder         : Lavc60.31.102 mjpeg
    Side data:
      cpb: bitrate max/min/avg: 0/0/200000 buffer size: 0 vbv_delay: N/A
frame=    0 fps=0.0 q=2.0 size=       0kB time=00:00:00.00 bitrate=N/A dup=1 drop=0 speed=   0x    [image2 @ 0x561056861ec0] The specified filename 'temp_frames/frame_27.jpg' does not contain an image sequence pattern or a pattern is invalid.
[image2 @ 0x561056861ec0] Use a pattern such as %03d for an image sequence or use the -update option (with -frames:v 1 if needed) to write a single image.
[out#0/image2 @ 0x561056634c80] video:112kB audio:0kB subtitle:0kB other streams:0kB global headers:0kB muxing overhead: unknown
frame=    1 fps=0.0 q=2.0 Lsize=N/A time=00:00:00.00 bitrate=N/A dup=1 drop=0 speed=   0x    
ffmpeg version 6.1.1-3ubuntu5 Copyright (c) 2000-2023 the FFmpeg developers
  built with gcc 13 (Ubuntu 13.2.0-23ubuntu3)
  configuration: --prefix=/usr --extra-version=3ubuntu5 --toolchain=hardened --libdir=/usr/lib/x86_64-linux-gnu --incdir=/usr/include/x86_64-linux-gnu --arch=amd64 --enable-gpl --disable-stripping --disable-omx --enable-gnutls --enable-libaom --enable-libass --enable-libbs2b --enable-libcaca --enable-libcdio --enable-libcodec2 --enable-libdav1d --enable-libflite --enable-libfontconfig --enable-libfreetype --enable-libfribidi --enable-libglslang --enable-libgme --enable-libgsm --enable-libharfbuzz --enable-libmp3lame --enable-libmysofa --enable-libopenjpeg --enable-libopenmpt --enable-libopus --enable-librubberband --enable-libshine --enable-libsnappy --enable-libsoxr --enable-libspeex --enable-libtheora --enable-libtwolame --enable-libvidstab --enable-libvorbis --enable-libvpx --enable-libwebp --enable-libx265 --enable-libxml2 --enable-libxvid --enable-libzimg --enable-openal --enable-opencl --enable-opengl --disable-sndio --enable-libvpl --disable-libmfx --enable-libdc1394 --enable-libdrm --enable-libiec61883 --enable-chromaprint --enable-frei0r --enable-ladspa --enable-libbluray --enable-libjack --enable-libpulse --enable-librabbitmq --enable-librist --enable-libsrt --enable-libssh --enable-libsvtav1 --enable-libx264 --enable-libzmq --enable-libzvbi --enable-lv2 --enable-sdl2 --enable-libplacebo --enable-librav1e --enable-pocketsphinx --enable-librsvg --enable-libjxl --enable-shared
  libavutil      58. 29.100 / 58. 29.100
  libavcodec     60. 31.102 / 60. 31.102
  libavformat    60. 16.100 / 60. 16.100
  libavdevice    60.  3.100 / 60.  3.100
  libavfilter     9. 12.100 /  9. 12.100
  libswscale      7.  5.100 /  7.  5.100
  libswresample   4. 12.100 /  4. 12.100
  libpostproc    57.  3.100 / 57.  3.100
Input #0, mov,mp4,m4a,3gp,3g2,mj2, from 'https://github.com/Prembty12/premx-editor/releases/download/v1.0.87/Escape.from.Atlas.High.Security.Prison35.mp4':
  Metadata:
    major_brand     : isom
    minor_version   : 512
    compatible_brands: isomiso2avc1mp41
    title           : Escape.from.Atlas.High.Security.Prison35
    artist          : PremxGamer
    encoder         : Lavf60.16.100
  Duration: 00:00:56.40, start: 0.000000, bitrate: 12364 kb/s
  Stream #0:0[0x1](und): Video: h264 (High) (avc1 / 0x31637661), yuv420p(tv, unknown/bt709/bt709, progressive), 1080x1350 [SAR 1:1 DAR 4:5], 12160 kb/s, 30 fps, 30 tbr, 15360 tbn (default)
    Metadata:
      handler_name    : VideoHandler
      vendor_id       : [0][0][0][0]
      encoder         : Lavc60.31.102 libx264
  Stream #0:1[0x2](und): Audio: aac (LC) (mp4a / 0x6134706D), 48000 Hz, stereo, fltp, 195 kb/s (default)
    Metadata:
      handler_name    : SoundHandler
      vendor_id       : [0][0][0][0]
Stream mapping:
  Stream #0:0 -> #0:0 (h264 (native) -> mjpeg (native))
Press [q] to stop, [?] for help
[swscaler @ 0x5599cc5ab7c0] deprecated pixel format used, make sure you did set range correctly
    Last message repeated 3 times
Output #0, image2, to 'temp_frames/frame_28.jpg':
  Metadata:
    major_brand     : isom
    minor_version   : 512
    compatible_brands: isomiso2avc1mp41
    title           : Escape.from.Atlas.High.Security.Prison35
    artist          : PremxGamer
    encoder         : Lavf60.16.100
  Stream #0:0(und): Video: mjpeg, yuvj420p(pc, unknown/bt709/bt709, progressive), 1080x1350 [SAR 1:1 DAR 4:5], q=2-31, 200 kb/s, 30 fps, 30 tbn (default)
    Metadata:
      handler_name    : VideoHandler
      vendor_id       : [0][0][0][0]
      encoder         : Lavc60.31.102 mjpeg
    Side data:
      cpb: bitrate max/min/avg: 0/0/200000 buffer size: 0 vbv_delay: N/A
frame=    0 fps=0.0 q=2.0 size=       0kB time=00:00:00.00 bitrate=N/A speed=   0x    [image2 @ 0x5599cc712ec0] The specified filename 'temp_frames/frame_28.jpg' does not contain an image sequence pattern or a pattern is invalid.
[image2 @ 0x5599cc712ec0] Use a pattern such as %03d for an image sequence or use the -update option (with -frames:v 1 if needed) to write a single image.
[out#0/image2 @ 0x5599cc4e5c80] video:175kB audio:0kB subtitle:0kB other streams:0kB global headers:0kB muxing overhead: unknown
frame=    1 fps=0.0 q=2.0 Lsize=N/A time=00:00:00.00 bitrate=N/A speed=   0x    
ffmpeg version 6.1.1-3ubuntu5 Copyright (c) 2000-2023 the FFmpeg developers
  built with gcc 13 (Ubuntu 13.2.0-23ubuntu3)
  configuration: --prefix=/usr --extra-version=3ubuntu5 --toolchain=hardened --libdir=/usr/lib/x86_64-linux-gnu --incdir=/usr/include/x86_64-linux-gnu --arch=amd64 --enable-gpl --disable-stripping --disable-omx --enable-gnutls --enable-libaom --enable-libass --enable-libbs2b --enable-libcaca --enable-libcdio --enable-libcodec2 --enable-libdav1d --enable-libflite --enable-libfontconfig --enable-libfreetype --enable-libfribidi --enable-libglslang --enable-libgme --enable-libgsm --enable-libharfbuzz --enable-libmp3lame --enable-libmysofa --enable-libopenjpeg --enable-libopenmpt --enable-libopus --enable-librubberband --enable-libshine --enable-libsnappy --enable-libsoxr --enable-libspeex --enable-libtheora --enable-libtwolame --enable-libvidstab --enable-libvorbis --enable-libvpx --enable-libwebp --enable-libx265 --enable-libxml2 --enable-libxvid --enable-libzimg --enable-openal --enable-opencl --enable-opengl --disable-sndio --enable-libvpl --disable-libmfx --enable-libdc1394 --enable-libdrm --enable-libiec61883 --enable-chromaprint --enable-frei0r --enable-ladspa --enable-libbluray --enable-libjack --enable-libpulse --enable-librabbitmq --enable-librist --enable-libsrt --enable-libssh --enable-libsvtav1 --enable-libx264 --enable-libzmq --enable-libzvbi --enable-lv2 --enable-sdl2 --enable-libplacebo --enable-librav1e --enable-pocketsphinx --enable-librsvg --enable-libjxl --enable-shared
  libavutil      58. 29.100 / 58. 29.100
  libavcodec     60. 31.102 / 60. 31.102
  libavformat    60. 16.100 / 60. 16.100
  libavdevice    60.  3.100 / 60.  3.100
  libavfilter     9. 12.100 /  9. 12.100
  libswscale      7.  5.100 /  7.  5.100
  libswresample   4. 12.100 /  4. 12.100
  libpostproc    57.  3.100 / 57.  3.100
Input #0, mov,mp4,m4a,3gp,3g2,mj2, from 'https://github.com/Prembty12/premx-editor/releases/download/v1.0.87/Escape.from.Atlas.High.Security.Prison35.mp4':
  Metadata:
    major_brand     : isom
    minor_version   : 512
    compatible_brands: isomiso2avc1mp41
    title           : Escape.from.Atlas.High.Security.Prison35
    artist          : PremxGamer
    encoder         : Lavf60.16.100
  Duration: 00:00:56.40, start: 0.000000, bitrate: 12364 kb/s
  Stream #0:0[0x1](und): Video: h264 (High) (avc1 / 0x31637661), yuv420p(tv, unknown/bt709/bt709, progressive), 1080x1350 [SAR 1:1 DAR 4:5], 12160 kb/s, 30 fps, 30 tbr, 15360 tbn (default)
    Metadata:
      handler_name    : VideoHandler
      vendor_id       : [0][0][0][0]
      encoder         : Lavc60.31.102 libx264
  Stream #0:1[0x2](und): Audio: aac (LC) (mp4a / 0x6134706D), 48000 Hz, stereo, fltp, 195 kb/s (default)
    Metadata:
      handler_name    : SoundHandler
      vendor_id       : [0][0][0][0]
Stream mapping:
  Stream #0:0 -> #0:0 (h264 (native) -> mjpeg (native))
Press [q] to stop, [?] for help
[swscaler @ 0x55e772eba7c0] deprecated pixel format used, make sure you did set range correctly
    Last message repeated 3 times
Output #0, image2, to 'temp_frames/frame_29.jpg':
  Metadata:
    major_brand     : isom
    minor_version   : 512
    compatible_brands: isomiso2avc1mp41
    title           : Escape.from.Atlas.High.Security.Prison35
    artist          : PremxGamer
    encoder         : Lavf60.16.100
  Stream #0:0(und): Video: mjpeg, yuvj420p(pc, unknown/bt709/bt709, progressive), 1080x1350 [SAR 1:1 DAR 4:5], q=2-31, 200 kb/s, 30 fps, 30 tbn (default)
    Metadata:
      handler_name    : VideoHandler
      vendor_id       : [0][0][0][0]
      encoder         : Lavc60.31.102 mjpeg
    Side data:
      cpb: bitrate max/min/avg: 0/0/200000 buffer size: 0 vbv_delay: N/A
frame=    0 fps=0.0 q=2.0 size=       0kB time=00:00:00.00 bitrate=N/A speed=   0x    [image2 @ 0x55e773021ec0] The specified filename 'temp_frames/frame_29.jpg' does not contain an image sequence pattern or a pattern is invalid.
[image2 @ 0x55e773021ec0] Use a pattern such as %03d for an image sequence or use the -update option (with -frames:v 1 if needed) to write a single image.
[out#0/image2 @ 0x55e772df4c80] video:163kB audio:0kB subtitle:0kB other streams:0kB global headers:0kB muxing overhead: unknown
frame=    1 fps=0.0 q=2.0 Lsize=N/A time=00:00:00.00 bitrate=N/A speed=   0x    
ffmpeg version 6.1.1-3ubuntu5 Copyright (c) 2000-2023 the FFmpeg developers
  built with gcc 13 (Ubuntu 13.2.0-23ubuntu3)
  configuration: --prefix=/usr --extra-version=3ubuntu5 --toolchain=hardened --libdir=/usr/lib/x86_64-linux-gnu --incdir=/usr/include/x86_64-linux-gnu --arch=amd64 --enable-gpl --disable-stripping --disable-omx --enable-gnutls --enable-libaom --enable-libass --enable-libbs2b --enable-libcaca --enable-libcdio --enable-libcodec2 --enable-libdav1d --enable-libflite --enable-libfontconfig --enable-libfreetype --enable-libfribidi --enable-libglslang --enable-libgme --enable-libgsm --enable-libharfbuzz --enable-libmp3lame --enable-libmysofa --enable-libopenjpeg --enable-libopenmpt --enable-libopus --enable-librubberband --enable-libshine --enable-libsnappy --enable-libsoxr --enable-libspeex --enable-libtheora --enable-libtwolame --enable-libvidstab --enable-libvorbis --enable-libvpx --enable-libwebp --enable-libx265 --enable-libxml2 --enable-libxvid --enable-libzimg --enable-openal --enable-opencl --enable-opengl --disable-sndio --enable-libvpl --disable-libmfx --enable-libdc1394 --enable-libdrm --enable-libiec61883 --enable-chromaprint --enable-frei0r --enable-ladspa --enable-libbluray --enable-libjack --enable-libpulse --enable-librabbitmq --enable-librist --enable-libsrt --enable-libssh --enable-libsvtav1 --enable-libx264 --enable-libzmq --enable-libzvbi --enable-lv2 --enable-sdl2 --enable-libplacebo --enable-librav1e --enable-pocketsphinx --enable-librsvg --enable-libjxl --enable-shared
  libavutil      58. 29.100 / 58. 29.100
  libavcodec     60. 31.102 / 60. 31.102
  libavformat    60. 16.100 / 60. 16.100
  libavdevice    60.  3.100 / 60.  3.100
  libavfilter     9. 12.100 /  9. 12.100
  libswscale      7.  5.100 /  7.  5.100
  libswresample   4. 12.100 /  4. 12.100
  libpostproc    57.  3.100 / 57.  3.100
Input #0, mov,mp4,m4a,3gp,3g2,mj2, from 'https://github.com/Prembty12/premx-editor/releases/download/v1.0.87/Escape.from.Atlas.High.Security.Prison35.mp4':
  Metadata:
    major_brand     : isom
    minor_version   : 512
    compatible_brands: isomiso2avc1mp41
    title           : Escape.from.Atlas.High.Security.Prison35
    artist          : PremxGamer
    encoder         : Lavf60.16.100
  Duration: 00:00:56.40, start: 0.000000, bitrate: 12364 kb/s
  Stream #0:0[0x1](und): Video: h264 (High) (avc1 / 0x31637661), yuv420p(tv, unknown/bt709/bt709, progressive), 1080x1350 [SAR 1:1 DAR 4:5], 12160 kb/s, 30 fps, 30 tbr, 15360 tbn (default)
    Metadata:
      handler_name    : VideoHandler
      vendor_id       : [0][0][0][0]
      encoder         : Lavc60.31.102 libx264
  Stream #0:1[0x2](und): Audio: aac (LC) (mp4a / 0x6134706D), 48000 Hz, stereo, fltp, 195 kb/s (default)
    Metadata:
      handler_name    : SoundHandler
      vendor_id       : [0][0][0][0]
Stream mapping:
  Stream #0:0 -> #0:0 (h264 (native) -> mjpeg (native))
Press [q] to stop, [?] for help
[swscaler @ 0x55ce24d1c7c0] deprecated pixel format used, make sure you did set range correctly
    Last message repeated 3 times
Output #0, image2, to 'temp_frames/frame_30.jpg':
  Metadata:
    major_brand     : isom
    minor_version   : 512
    compatible_brands: isomiso2avc1mp41
    title           : Escape.from.Atlas.High.Security.Prison35
    artist          : PremxGamer
    encoder         : Lavf60.16.100
  Stream #0:0(und): Video: mjpeg, yuvj420p(pc, unknown/bt709/bt709, progressive), 1080x1350 [SAR 1:1 DAR 4:5], q=2-31, 200 kb/s, 30 fps, 30 tbn (default)
    Metadata:
      handler_name    : VideoHandler
      vendor_id       : [0][0][0][0]
      encoder         : Lavc60.31.102 mjpeg
    Side data:
      cpb: bitrate max/min/avg: 0/0/200000 buffer size: 0 vbv_delay: N/A
[image2 @ 0x55ce24e83ec0] The specified filename 'temp_frames/frame_30.jpg' does not contain an image sequence pattern or a pattern is invalid.
[image2 @ 0x55ce24e83ec0] Use a pattern such as %03d for an image sequence or use the -update option (with -frames:v 1 if needed) to write a single image.
frame=    1 fps=0.0 q=2.0 size=N/A time=00:00:00.00 bitrate=N/A dup=1 drop=0 speed=   0x    [out#0/image2 @ 0x55ce24c56c80] video:176kB audio:0kB subtitle:0kB other streams:0kB global headers:0kB muxing overhead: unknown
frame=    1 fps=0.0 q=2.0 Lsize=N/A time=00:00:00.00 bitrate=N/A dup=1 drop=0 speed=   0x    
ffmpeg version 6.1.1-3ubuntu5 Copyright (c) 2000-2023 the FFmpeg developers
  built with gcc 13 (Ubuntu 13.2.0-23ubuntu3)
  configuration: --prefix=/usr --extra-version=3ubuntu5 --toolchain=hardened --libdir=/usr/lib/x86_64-linux-gnu --incdir=/usr/include/x86_64-linux-gnu --arch=amd64 --enable-gpl --disable-stripping --disable-omx --enable-gnutls --enable-libaom --enable-libass --enable-libbs2b --enable-libcaca --enable-libcdio --enable-libcodec2 --enable-libdav1d --enable-libflite --enable-libfontconfig --enable-libfreetype --enable-libfribidi --enable-libglslang --enable-libgme --enable-libgsm --enable-libharfbuzz --enable-libmp3lame --enable-libmysofa --enable-libopenjpeg --enable-libopenmpt --enable-libopus --enable-librubberband --enable-libshine --enable-libsnappy --enable-libsoxr --enable-libspeex --enable-libtheora --enable-libtwolame --enable-libvidstab --enable-libvorbis --enable-libvpx --enable-libwebp --enable-libx265 --enable-libxml2 --enable-libxvid --enable-libzimg --enable-openal --enable-opencl --enable-opengl --disable-sndio --enable-libvpl --disable-libmfx --enable-libdc1394 --enable-libdrm --enable-libiec61883 --enable-chromaprint --enable-frei0r --enable-ladspa --enable-libbluray --enable-libjack --enable-libpulse --enable-librabbitmq --enable-librist --enable-libsrt --enable-libssh --enable-libsvtav1 --enable-libx264 --enable-libzmq --enable-libzvbi --enable-lv2 --enable-sdl2 --enable-libplacebo --enable-librav1e --enable-pocketsphinx --enable-librsvg --enable-libjxl --enable-shared
  libavutil      58. 29.100 / 58. 29.100
  libavcodec     60. 31.102 / 60. 31.102
  libavformat    60. 16.100 / 60. 16.100
  libavdevice    60.  3.100 / 60.  3.100
  libavfilter     9. 12.100 /  9. 12.100
  libswscale      7.  5.100 /  7.  5.100
  libswresample   4. 12.100 /  4. 12.100
  libpostproc    57.  3.100 / 57.  3.100
Input #0, mov,mp4,m4a,3gp,3g2,mj2, from 'https://github.com/Prembty12/premx-editor/releases/download/v1.0.87/Escape.from.Atlas.High.Security.Prison35.mp4':
  Metadata:
    major_brand     : isom
    minor_version   : 512
    compatible_brands: isomiso2avc1mp41
    title           : Escape.from.Atlas.High.Security.Prison35
    artist          : PremxGamer
    encoder         : Lavf60.16.100
  Duration: 00:00:56.40, start: 0.000000, bitrate: 12364 kb/s
  Stream #0:0[0x1](und): Video: h264 (High) (avc1 / 0x31637661), yuv420p(tv, unknown/bt709/bt709, progressive), 1080x1350 [SAR 1:1 DAR 4:5], 12160 kb/s, 30 fps, 30 tbr, 15360 tbn (default)
    Metadata:
      handler_name    : VideoHandler
      vendor_id       : [0][0][0][0]
      encoder         : Lavc60.31.102 libx264
  Stream #0:1[0x2](und): Audio: aac (LC) (mp4a / 0x6134706D), 48000 Hz, stereo, fltp, 195 kb/s (default)
    Metadata:
      handler_name    : SoundHandler
      vendor_id       : [0][0][0][0]
Stream mapping:
  Stream #0:0 -> #0:0 (h264 (native) -> mjpeg (native))
Press [q] to stop, [?] for help
[swscaler @ 0x56502c9ec7c0] deprecated pixel format used, make sure you did set range correctly
    Last message repeated 3 times
Output #0, image2, to 'temp_frames/frame_31.jpg':
  Metadata:
    major_brand     : isom
    minor_version   : 512
    compatible_brands: isomiso2avc1mp41
    title           : Escape.from.Atlas.High.Security.Prison35
    artist          : PremxGamer
    encoder         : Lavf60.16.100
  Stream #0:0(und): Video: mjpeg, yuvj420p(pc, unknown/bt709/bt709, progressive), 1080x1350 [SAR 1:1 DAR 4:5], q=2-31, 200 kb/s, 30 fps, 30 tbn (default)
    Metadata:
      handler_name    : VideoHandler
      vendor_id       : [0][0][0][0]
      encoder         : Lavc60.31.102 mjpeg
    Side data:
      cpb: bitrate max/min/avg: 0/0/200000 buffer size: 0 vbv_delay: N/A
frame=    0 fps=0.0 q=2.0 size=       0kB time=00:00:00.00 bitrate=N/A dup=1 drop=0 speed=   0x    [image2 @ 0x56502cb53ec0] The specified filename 'temp_frames/frame_31.jpg' does not contain an image sequence pattern or a pattern is invalid.
[image2 @ 0x56502cb53ec0] Use a pattern such as %03d for an image sequence or use the -update option (with -frames:v 1 if needed) to write a single image.
[out#0/image2 @ 0x56502c926c80] video:170kB audio:0kB subtitle:0kB other streams:0kB global headers:0kB muxing overhead: unknown
frame=    1 fps=0.0 q=2.0 Lsize=N/A time=00:00:00.00 bitrate=N/A dup=1 drop=0 speed=   0x    
ffmpeg version 6.1.1-3ubuntu5 Copyright (c) 2000-2023 the FFmpeg developers
  built with gcc 13 (Ubuntu 13.2.0-23ubuntu3)
  configuration: --prefix=/usr --extra-version=3ubuntu5 --toolchain=hardened --libdir=/usr/lib/x86_64-linux-gnu --incdir=/usr/include/x86_64-linux-gnu --arch=amd64 --enable-gpl --disable-stripping --disable-omx --enable-gnutls --enable-libaom --enable-libass --enable-libbs2b --enable-libcaca --enable-libcdio --enable-libcodec2 --enable-libdav1d --enable-libflite --enable-libfontconfig --enable-libfreetype --enable-libfribidi --enable-libglslang --enable-libgme --enable-libgsm --enable-libharfbuzz --enable-libmp3lame --enable-libmysofa --enable-libopenjpeg --enable-libopenmpt --enable-libopus --enable-librubberband --enable-libshine --enable-libsnappy --enable-libsoxr --enable-libspeex --enable-libtheora --enable-libtwolame --enable-libvidstab --enable-libvorbis --enable-libvpx --enable-libwebp --enable-libx265 --enable-libxml2 --enable-libxvid --enable-libzimg --enable-openal --enable-opencl --enable-opengl --disable-sndio --enable-libvpl --disable-libmfx --enable-libdc1394 --enable-libdrm --enable-libiec61883 --enable-chromaprint --enable-frei0r --enable-ladspa --enable-libbluray --enable-libjack --enable-libpulse --enable-librabbitmq --enable-librist --enable-libsrt --enable-libssh --enable-libsvtav1 --enable-libx264 --enable-libzmq --enable-libzvbi --enable-lv2 --enable-sdl2 --enable-libplacebo --enable-librav1e --enable-pocketsphinx --enable-librsvg --enable-libjxl --enable-shared
  libavutil      58. 29.100 / 58. 29.100
  libavcodec     60. 31.102 / 60. 31.102
  libavformat    60. 16.100 / 60. 16.100
  libavdevice    60.  3.100 / 60.  3.100
  libavfilter     9. 12.100 /  9. 12.100
  libswscale      7.  5.100 /  7.  5.100
  libswresample   4. 12.100 /  4. 12.100
  libpostproc    57.  3.100 / 57.  3.100
Input #0, mov,mp4,m4a,3gp,3g2,mj2, from 'https://github.com/Prembty12/premx-editor/releases/download/v1.0.87/Escape.from.Atlas.High.Security.Prison35.mp4':
  Metadata:
    major_brand     : isom
    minor_version   : 512
    compatible_brands: isomiso2avc1mp41
    title           : Escape.from.Atlas.High.Security.Prison35
    artist          : PremxGamer
    encoder         : Lavf60.16.100
  Duration: 00:00:56.40, start: 0.000000, bitrate: 12364 kb/s
  Stream #0:0[0x1](und): Video: h264 (High) (avc1 / 0x31637661), yuv420p(tv, unknown/bt709/bt709, progressive), 1080x1350 [SAR 1:1 DAR 4:5], 12160 kb/s, 30 fps, 30 tbr, 15360 tbn (default)
    Metadata:
      handler_name    : VideoHandler
      vendor_id       : [0][0][0][0]
      encoder         : Lavc60.31.102 libx264
  Stream #0:1[0x2](und): Audio: aac (LC) (mp4a / 0x6134706D), 48000 Hz, stereo, fltp, 195 kb/s (default)
    Metadata:
      handler_name    : SoundHandler
      vendor_id       : [0][0][0][0]
Stream mapping:
  Stream #0:0 -> #0:0 (h264 (native) -> mjpeg (native))
Press [q] to stop, [?] for help
[swscaler @ 0x55efabe927c0] deprecated pixel format used, make sure you did set range correctly
    Last message repeated 3 times
Output #0, image2, to 'temp_frames/frame_32.jpg':
  Metadata:
    major_brand     : isom
    minor_version   : 512
    compatible_brands: isomiso2avc1mp41
    title           : Escape.from.Atlas.High.Security.Prison35
    artist          : PremxGamer
    encoder         : Lavf60.16.100
  Stream #0:0(und): Video: mjpeg, yuvj420p(pc, unknown/bt709/bt709, progressive), 1080x1350 [SAR 1:1 DAR 4:5], q=2-31, 200 kb/s, 30 fps, 30 tbn (default)
    Metadata:
      handler_name    : VideoHandler
      vendor_id       : [0][0][0][0]
      encoder         : Lavc60.31.102 mjpeg
    Side data:
      cpb: bitrate max/min/avg: 0/0/200000 buffer size: 0 vbv_delay: N/A
frame=    0 fps=0.0 q=2.0 size=       0kB time=00:00:00.00 bitrate=N/A speed=   0x    [image2 @ 0x55efabff9ec0] The specified filename 'temp_frames/frame_32.jpg' does not contain an image sequence pattern or a pattern is invalid.
[image2 @ 0x55efabff9ec0] Use a pattern such as %03d for an image sequence or use the -update option (with -frames:v 1 if needed) to write a single image.
[out#0/image2 @ 0x55efabdccc80] video:160kB audio:0kB subtitle:0kB other streams:0kB global headers:0kB muxing overhead: unknown
frame=    1 fps=0.0 q=2.0 Lsize=N/A time=00:00:00.00 bitrate=N/A speed=   0x    
ffmpeg version 6.1.1-3ubuntu5 Copyright (c) 2000-2023 the FFmpeg developers
  built with gcc 13 (Ubuntu 13.2.0-23ubuntu3)
  configuration: --prefix=/usr --extra-version=3ubuntu5 --toolchain=hardened --libdir=/usr/lib/x86_64-linux-gnu --incdir=/usr/include/x86_64-linux-gnu --arch=amd64 --enable-gpl --disable-stripping --disable-omx --enable-gnutls --enable-libaom --enable-libass --enable-libbs2b --enable-libcaca --enable-libcdio --enable-libcodec2 --enable-libdav1d --enable-libflite --enable-libfontconfig --enable-libfreetype --enable-libfribidi --enable-libglslang --enable-libgme --enable-libgsm --enable-libharfbuzz --enable-libmp3lame --enable-libmysofa --enable-libopenjpeg --enable-libopenmpt --enable-libopus --enable-librubberband --enable-libshine --enable-libsnappy --enable-libsoxr --enable-libspeex --enable-libtheora --enable-libtwolame --enable-libvidstab --enable-libvorbis --enable-libvpx --enable-libwebp --enable-libx265 --enable-libxml2 --enable-libxvid --enable-libzimg --enable-openal --enable-opencl --enable-opengl --disable-sndio --enable-libvpl --disable-libmfx --enable-libdc1394 --enable-libdrm --enable-libiec61883 --enable-chromaprint --enable-frei0r --enable-ladspa --enable-libbluray --enable-libjack --enable-libpulse --enable-librabbitmq --enable-librist --enable-libsrt --enable-libssh --enable-libsvtav1 --enable-libx264 --enable-libzmq --enable-libzvbi --enable-lv2 --enable-sdl2 --enable-libplacebo --enable-librav1e --enable-pocketsphinx --enable-librsvg --enable-libjxl --enable-shared
  libavutil      58. 29.100 / 58. 29.100
  libavcodec     60. 31.102 / 60. 31.102
  libavformat    60. 16.100 / 60. 16.100
  libavdevice    60.  3.100 / 60.  3.100
  libavfilter     9. 12.100 /  9. 12.100
  libswscale      7.  5.100 /  7.  5.100
  libswresample   4. 12.100 /  4. 12.100
  libpostproc    57.  3.100 / 57.  3.100
Input #0, mov,mp4,m4a,3gp,3g2,mj2, from 'https://github.com/Prembty12/premx-editor/releases/download/v1.0.87/Escape.from.Atlas.High.Security.Prison35.mp4':
  Metadata:
    major_brand     : isom
    minor_version   : 512
    compatible_brands: isomiso2avc1mp41
    title           : Escape.from.Atlas.High.Security.Prison35
    artist          : PremxGamer
    encoder         : Lavf60.16.100
  Duration: 00:00:56.40, start: 0.000000, bitrate: 12364 kb/s
  Stream #0:0[0x1](und): Video: h264 (High) (avc1 / 0x31637661), yuv420p(tv, unknown/bt709/bt709, progressive), 1080x1350 [SAR 1:1 DAR 4:5], 12160 kb/s, 30 fps, 30 tbr, 15360 tbn (default)
    Metadata:
      handler_name    : VideoHandler
      vendor_id       : [0][0][0][0]
      encoder         : Lavc60.31.102 libx264
  Stream #0:1[0x2](und): Audio: aac (LC) (mp4a / 0x6134706D), 48000 Hz, stereo, fltp, 195 kb/s (default)
    Metadata:
      handler_name    : SoundHandler
      vendor_id       : [0][0][0][0]
Stream mapping:
  Stream #0:0 -> #0:0 (h264 (native) -> mjpeg (native))
Press [q] to stop, [?] for help
[swscaler @ 0x55af114137c0] deprecated pixel format used, make sure you did set range correctly
    Last message repeated 3 times
Output #0, image2, to 'temp_frames/frame_33.jpg':
  Metadata:
    major_brand     : isom
    minor_version   : 512
    compatible_brands: isomiso2avc1mp41
    title           : Escape.from.Atlas.High.Security.Prison35
    artist          : PremxGamer
    encoder         : Lavf60.16.100
  Stream #0:0(und): Video: mjpeg, yuvj420p(pc, unknown/bt709/bt709, progressive), 1080x1350 [SAR 1:1 DAR 4:5], q=2-31, 200 kb/s, 30 fps, 30 tbn (default)
    Metadata:
      handler_name    : VideoHandler
      vendor_id       : [0][0][0][0]
      encoder         : Lavc60.31.102 mjpeg
    Side data:
      cpb: bitrate max/min/avg: 0/0/200000 buffer size: 0 vbv_delay: N/A
frame=    0 fps=0.0 q=2.0 size=       0kB time=00:00:00.00 bitrate=N/A dup=1 drop=0 speed=   0x    [image2 @ 0x55af1157aec0] The specified filename 'temp_frames/frame_33.jpg' does not contain an image sequence pattern or a pattern is invalid.
[image2 @ 0x55af1157aec0] Use a pattern such as %03d for an image sequence or use the -update option (with -frames:v 1 if needed) to write a single image.
[out#0/image2 @ 0x55af1134dc80] video:161kB audio:0kB subtitle:0kB other streams:0kB global headers:0kB muxing overhead: unknown
frame=    1 fps=0.0 q=2.0 Lsize=N/A time=00:00:00.00 bitrate=N/A dup=1 drop=0 speed=   0x    
ffmpeg version 6.1.1-3ubuntu5 Copyright (c) 2000-2023 the FFmpeg developers
  built with gcc 13 (Ubuntu 13.2.0-23ubuntu3)
  configuration: --prefix=/usr --extra-version=3ubuntu5 --toolchain=hardened --libdir=/usr/lib/x86_64-linux-gnu --incdir=/usr/include/x86_64-linux-gnu --arch=amd64 --enable-gpl --disable-stripping --disable-omx --enable-gnutls --enable-libaom --enable-libass --enable-libbs2b --enable-libcaca --enable-libcdio --enable-libcodec2 --enable-libdav1d --enable-libflite --enable-libfontconfig --enable-libfreetype --enable-libfribidi --enable-libglslang --enable-libgme --enable-libgsm --enable-libharfbuzz --enable-libmp3lame --enable-libmysofa --enable-libopenjpeg --enable-libopenmpt --enable-libopus --enable-librubberband --enable-libshine --enable-libsnappy --enable-libsoxr --enable-libspeex --enable-libtheora --enable-libtwolame --enable-libvidstab --enable-libvorbis --enable-libvpx --enable-libwebp --enable-libx265 --enable-libxml2 --enable-libxvid --enable-libzimg --enable-openal --enable-opencl --enable-opengl --disable-sndio --enable-libvpl --disable-libmfx --enable-libdc1394 --enable-libdrm --enable-libiec61883 --enable-chromaprint --enable-frei0r --enable-ladspa --enable-libbluray --enable-libjack --enable-libpulse --enable-librabbitmq --enable-librist --enable-libsrt --enable-libssh --enable-libsvtav1 --enable-libx264 --enable-libzmq --enable-libzvbi --enable-lv2 --enable-sdl2 --enable-libplacebo --enable-librav1e --enable-pocketsphinx --enable-librsvg --enable-libjxl --enable-shared
  libavutil      58. 29.100 / 58. 29.100
  libavcodec     60. 31.102 / 60. 31.102
  libavformat    60. 16.100 / 60. 16.100
  libavdevice    60.  3.100 / 60.  3.100
  libavfilter     9. 12.100 /  9. 12.100
  libswscale      7.  5.100 /  7.  5.100
  libswresample   4. 12.100 /  4. 12.100
  libpostproc    57.  3.100 / 57.  3.100
Input #0, mov,mp4,m4a,3gp,3g2,mj2, from 'https://github.com/Prembty12/premx-editor/releases/download/v1.0.87/Escape.from.Atlas.High.Security.Prison35.mp4':
  Metadata:
    major_brand     : isom
    minor_version   : 512
    compatible_brands: isomiso2avc1mp41
    title           : Escape.from.Atlas.High.Security.Prison35
    artist          : PremxGamer
    encoder         : Lavf60.16.100
  Duration: 00:00:56.40, start: 0.000000, bitrate: 12364 kb/s
  Stream #0:0[0x1](und): Video: h264 (High) (avc1 / 0x31637661), yuv420p(tv, unknown/bt709/bt709, progressive), 1080x1350 [SAR 1:1 DAR 4:5], 12160 kb/s, 30 fps, 30 tbr, 15360 tbn (default)
    Metadata:
      handler_name    : VideoHandler
      vendor_id       : [0][0][0][0]
      encoder         : Lavc60.31.102 libx264
  Stream #0:1[0x2](und): Audio: aac (LC) (mp4a / 0x6134706D), 48000 Hz, stereo, fltp, 195 kb/s (default)
    Metadata:
      handler_name    : SoundHandler
      vendor_id       : [0][0][0][0]
Stream mapping:
  Stream #0:0 -> #0:0 (h264 (native) -> mjpeg (native))
Press [q] to stop, [?] for help
[swscaler @ 0x55feb8f467c0] deprecated pixel format used, make sure you did set range correctly
    Last message repeated 3 times
Output #0, image2, to 'temp_frames/frame_34.jpg':
  Metadata:
    major_brand     : isom
    minor_version   : 512
    compatible_brands: isomiso2avc1mp41
    title           : Escape.from.Atlas.High.Security.Prison35
    artist          : PremxGamer
    encoder         : Lavf60.16.100
  Stream #0:0(und): Video: mjpeg, yuvj420p(pc, unknown/bt709/bt709, progressive), 1080x1350 [SAR 1:1 DAR 4:5], q=2-31, 200 kb/s, 30 fps, 30 tbn (default)
    Metadata:
      handler_name    : VideoHandler
      vendor_id       : [0][0][0][0]
      encoder         : Lavc60.31.102 mjpeg
    Side data:
      cpb: bitrate max/min/avg: 0/0/200000 buffer size: 0 vbv_delay: N/A
frame=    0 fps=0.0 q=2.0 size=       0kB time=00:00:00.00 bitrate=N/A speed=   0x    [image2 @ 0x55feb90adec0] The specified filename 'temp_frames/frame_34.jpg' does not contain an image sequence pattern or a pattern is invalid.
[image2 @ 0x55feb90adec0] Use a pattern such as %03d for an image sequence or use the -update option (with -frames:v 1 if needed) to write a single image.
[out#0/image2 @ 0x55feb8e80c80] video:193kB audio:0kB subtitle:0kB other streams:0kB global headers:0kB muxing overhead: unknown
frame=    1 fps=0.0 q=2.0 Lsize=N/A time=00:00:00.00 bitrate=N/A speed=   0x    
ffmpeg version 6.1.1-3ubuntu5 Copyright (c) 2000-2023 the FFmpeg developers
  built with gcc 13 (Ubuntu 13.2.0-23ubuntu3)
  configuration: --prefix=/usr --extra-version=3ubuntu5 --toolchain=hardened --libdir=/usr/lib/x86_64-linux-gnu --incdir=/usr/include/x86_64-linux-gnu --arch=amd64 --enable-gpl --disable-stripping --disable-omx --enable-gnutls --enable-libaom --enable-libass --enable-libbs2b --enable-libcaca --enable-libcdio --enable-libcodec2 --enable-libdav1d --enable-libflite --enable-libfontconfig --enable-libfreetype --enable-libfribidi --enable-libglslang --enable-libgme --enable-libgsm --enable-libharfbuzz --enable-libmp3lame --enable-libmysofa --enable-libopenjpeg --enable-libopenmpt --enable-libopus --enable-librubberband --enable-libshine --enable-libsnappy --enable-libsoxr --enable-libspeex --enable-libtheora --enable-libtwolame --enable-libvidstab --enable-libvorbis --enable-libvpx --enable-libwebp --enable-libx265 --enable-libxml2 --enable-libxvid --enable-libzimg --enable-openal --enable-opencl --enable-opengl --disable-sndio --enable-libvpl --disable-libmfx --enable-libdc1394 --enable-libdrm --enable-libiec61883 --enable-chromaprint --enable-frei0r --enable-ladspa --enable-libbluray --enable-libjack --enable-libpulse --enable-librabbitmq --enable-librist --enable-libsrt --enable-libssh --enable-libsvtav1 --enable-libx264 --enable-libzmq --enable-libzvbi --enable-lv2 --enable-sdl2 --enable-libplacebo --enable-librav1e --enable-pocketsphinx --enable-librsvg --enable-libjxl --enable-shared
  libavutil      58. 29.100 / 58. 29.100
  libavcodec     60. 31.102 / 60. 31.102
  libavformat    60. 16.100 / 60. 16.100
  libavdevice    60.  3.100 / 60.  3.100
  libavfilter     9. 12.100 /  9. 12.100
  libswscale      7.  5.100 /  7.  5.100
  libswresample   4. 12.100 /  4. 12.100
  libpostproc    57.  3.100 / 57.  3.100
Input #0, mov,mp4,m4a,3gp,3g2,mj2, from 'https://github.com/Prembty12/premx-editor/releases/download/v1.0.87/Escape.from.Atlas.High.Security.Prison35.mp4':
  Metadata:
    major_brand     : isom
    minor_version   : 512
    compatible_brands: isomiso2avc1mp41
    title           : Escape.from.Atlas.High.Security.Prison35
    artist          : PremxGamer
    encoder         : Lavf60.16.100
  Duration: 00:00:56.40, start: 0.000000, bitrate: 12364 kb/s
  Stream #0:0[0x1](und): Video: h264 (High) (avc1 / 0x31637661), yuv420p(tv, unknown/bt709/bt709, progressive), 1080x1350 [SAR 1:1 DAR 4:5], 12160 kb/s, 30 fps, 30 tbr, 15360 tbn (default)
    Metadata:
      handler_name    : VideoHandler
      vendor_id       : [0][0][0][0]
      encoder         : Lavc60.31.102 libx264
  Stream #0:1[0x2](und): Audio: aac (LC) (mp4a / 0x6134706D), 48000 Hz, stereo, fltp, 195 kb/s (default)
    Metadata:
      handler_name    : SoundHandler
      vendor_id       : [0][0][0][0]
Stream mapping:
  Stream #0:0 -> #0:0 (h264 (native) -> mjpeg (native))
Press [q] to stop, [?] for help
[swscaler @ 0x5558efe8d7c0] deprecated pixel format used, make sure you did set range correctly
    Last message repeated 3 times
Output #0, image2, to 'temp_frames/frame_35.jpg':
  Metadata:
    major_brand     : isom
    minor_version   : 512
    compatible_brands: isomiso2avc1mp41
    title           : Escape.from.Atlas.High.Security.Prison35
    artist          : PremxGamer
    encoder         : Lavf60.16.100
  Stream #0:0(und): Video: mjpeg, yuvj420p(pc, unknown/bt709/bt709, progressive), 1080x1350 [SAR 1:1 DAR 4:5], q=2-31, 200 kb/s, 30 fps, 30 tbn (default)
    Metadata:
      handler_name    : VideoHandler
      vendor_id       : [0][0][0][0]
      encoder         : Lavc60.31.102 mjpeg
    Side data:
      cpb: bitrate max/min/avg: 0/0/200000 buffer size: 0 vbv_delay: N/A
frame=    0 fps=0.0 q=2.0 size=       0kB time=00:00:00.00 bitrate=N/A speed=   0x    [image2 @ 0x5558efff4ec0] The specified filename 'temp_frames/frame_35.jpg' does not contain an image sequence pattern or a pattern is invalid.
[image2 @ 0x5558efff4ec0] Use a pattern such as %03d for an image sequence or use the -update option (with -frames:v 1 if needed) to write a single image.
[out#0/image2 @ 0x5558efdc7c80] video:159kB audio:0kB subtitle:0kB other streams:0kB global headers:0kB muxing overhead: unknown
frame=    1 fps=0.0 q=2.0 Lsize=N/A time=00:00:00.00 bitrate=N/A speed=   0x    
ffmpeg version 6.1.1-3ubuntu5 Copyright (c) 2000-2023 the FFmpeg developers
  built with gcc 13 (Ubuntu 13.2.0-23ubuntu3)
  configuration: --prefix=/usr --extra-version=3ubuntu5 --toolchain=hardened --libdir=/usr/lib/x86_64-linux-gnu --incdir=/usr/include/x86_64-linux-gnu --arch=amd64 --enable-gpl --disable-stripping --disable-omx --enable-gnutls --enable-libaom --enable-libass --enable-libbs2b --enable-libcaca --enable-libcdio --enable-libcodec2 --enable-libdav1d --enable-libflite --enable-libfontconfig --enable-libfreetype --enable-libfribidi --enable-libglslang --enable-libgme --enable-libgsm --enable-libharfbuzz --enable-libmp3lame --enable-libmysofa --enable-libopenjpeg --enable-libopenmpt --enable-libopus --enable-librubberband --enable-libshine --enable-libsnappy --enable-libsoxr --enable-libspeex --enable-libtheora --enable-libtwolame --enable-libvidstab --enable-libvorbis --enable-libvpx --enable-libwebp --enable-libx265 --enable-libxml2 --enable-libxvid --enable-libzimg --enable-openal --enable-opencl --enable-opengl --disable-sndio --enable-libvpl --disable-libmfx --enable-libdc1394 --enable-libdrm --enable-libiec61883 --enable-chromaprint --enable-frei0r --enable-ladspa --enable-libbluray --enable-libjack --enable-libpulse --enable-librabbitmq --enable-librist --enable-libsrt --enable-libssh --enable-libsvtav1 --enable-libx264 --enable-libzmq --enable-libzvbi --enable-lv2 --enable-sdl2 --enable-libplacebo --enable-librav1e --enable-pocketsphinx --enable-librsvg --enable-libjxl --enable-shared
  libavutil      58. 29.100 / 58. 29.100
  libavcodec     60. 31.102 / 60. 31.102
  libavformat    60. 16.100 / 60. 16.100
  libavdevice    60.  3.100 / 60.  3.100
  libavfilter     9. 12.100 /  9. 12.100
  libswscale      7.  5.100 /  7.  5.100
  libswresample   4. 12.100 /  4. 12.100
  libpostproc    57.  3.100 / 57.  3.100
Input #0, mov,mp4,m4a,3gp,3g2,mj2, from 'https://github.com/Prembty12/premx-editor/releases/download/v1.0.87/Escape.from.Atlas.High.Security.Prison35.mp4':
  Metadata:
    major_brand     : isom
    minor_version   : 512
    compatible_brands: isomiso2avc1mp41
    title           : Escape.from.Atlas.High.Security.Prison35
    artist          : PremxGamer
    encoder         : Lavf60.16.100
  Duration: 00:00:56.40, start: 0.000000, bitrate: 12364 kb/s
  Stream #0:0[0x1](und): Video: h264 (High) (avc1 / 0x31637661), yuv420p(tv, unknown/bt709/bt709, progressive), 1080x1350 [SAR 1:1 DAR 4:5], 12160 kb/s, 30 fps, 30 tbr, 15360 tbn (default)
    Metadata:
      handler_name    : VideoHandler
      vendor_id       : [0][0][0][0]
      encoder         : Lavc60.31.102 libx264
  Stream #0:1[0x2](und): Audio: aac (LC) (mp4a / 0x6134706D), 48000 Hz, stereo, fltp, 195 kb/s (default)
    Metadata:
      handler_name    : SoundHandler
      vendor_id       : [0][0][0][0]
Stream mapping:
  Stream #0:0 -> #0:0 (h264 (native) -> mjpeg (native))
Press [q] to stop, [?] for help
[swscaler @ 0x5605d23c27c0] deprecated pixel format used, make sure you did set range correctly
    Last message repeated 3 times
Output #0, image2, to 'temp_frames/frame_36.jpg':
  Metadata:
    major_brand     : isom
    minor_version   : 512
    compatible_brands: isomiso2avc1mp41
    title           : Escape.from.Atlas.High.Security.Prison35
    artist          : PremxGamer
    encoder         : Lavf60.16.100
  Stream #0:0(und): Video: mjpeg, yuvj420p(pc, unknown/bt709/bt709, progressive), 1080x1350 [SAR 1:1 DAR 4:5], q=2-31, 200 kb/s, 30 fps, 30 tbn (default)
    Metadata:
      handler_name    : VideoHandler
      vendor_id       : [0][0][0][0]
      encoder         : Lavc60.31.102 mjpeg
    Side data:
      cpb: bitrate max/min/avg: 0/0/200000 buffer size: 0 vbv_delay: N/A
frame=    0 fps=0.0 q=2.0 size=       0kB time=00:00:00.00 bitrate=N/A dup=1 drop=0 speed=   0x    [image2 @ 0x5605d2529ec0] The specified filename 'temp_frames/frame_36.jpg' does not contain an image sequence pattern or a pattern is invalid.
[image2 @ 0x5605d2529ec0] Use a pattern such as %03d for an image sequence or use the -update option (with -frames:v 1 if needed) to write a single image.
[out#0/image2 @ 0x5605d22fcc80] video:188kB audio:0kB subtitle:0kB other streams:0kB global headers:0kB muxing overhead: unknown
frame=    1 fps=0.0 q=2.0 Lsize=N/A time=00:00:00.00 bitrate=N/A dup=1 drop=0 speed=   0x    
ffmpeg version 6.1.1-3ubuntu5 Copyright (c) 2000-2023 the FFmpeg developers
  built with gcc 13 (Ubuntu 13.2.0-23ubuntu3)
  configuration: --prefix=/usr --extra-version=3ubuntu5 --toolchain=hardened --libdir=/usr/lib/x86_64-linux-gnu --incdir=/usr/include/x86_64-linux-gnu --arch=amd64 --enable-gpl --disable-stripping --disable-omx --enable-gnutls --enable-libaom --enable-libass --enable-libbs2b --enable-libcaca --enable-libcdio --enable-libcodec2 --enable-libdav1d --enable-libflite --enable-libfontconfig --enable-libfreetype --enable-libfribidi --enable-libglslang --enable-libgme --enable-libgsm --enable-libharfbuzz --enable-libmp3lame --enable-libmysofa --enable-libopenjpeg --enable-libopenmpt --enable-libopus --enable-librubberband --enable-libshine --enable-libsnappy --enable-libsoxr --enable-libspeex --enable-libtheora --enable-libtwolame --enable-libvidstab --enable-libvorbis --enable-libvpx --enable-libwebp --enable-libx265 --enable-libxml2 --enable-libxvid --enable-libzimg --enable-openal --enable-opencl --enable-opengl --disable-sndio --enable-libvpl --disable-libmfx --enable-libdc1394 --enable-libdrm --enable-libiec61883 --enable-chromaprint --enable-frei0r --enable-ladspa --enable-libbluray --enable-libjack --enable-libpulse --enable-librabbitmq --enable-librist --enable-libsrt --enable-libssh --enable-libsvtav1 --enable-libx264 --enable-libzmq --enable-libzvbi --enable-lv2 --enable-sdl2 --enable-libplacebo --enable-librav1e --enable-pocketsphinx --enable-librsvg --enable-libjxl --enable-shared
  libavutil      58. 29.100 / 58. 29.100
  libavcodec     60. 31.102 / 60. 31.102
  libavformat    60. 16.100 / 60. 16.100
  libavdevice    60.  3.100 / 60.  3.100
  libavfilter     9. 12.100 /  9. 12.100
  libswscale      7.  5.100 /  7.  5.100
  libswresample   4. 12.100 /  4. 12.100
  libpostproc    57.  3.100 / 57.  3.100
Input #0, mov,mp4,m4a,3gp,3g2,mj2, from 'https://github.com/Prembty12/premx-editor/releases/download/v1.0.87/Escape.from.Atlas.High.Security.Prison35.mp4':
  Metadata:
    major_brand     : isom
    minor_version   : 512
    compatible_brands: isomiso2avc1mp41
    title           : Escape.from.Atlas.High.Security.Prison35
    artist          : PremxGamer
    encoder         : Lavf60.16.100
  Duration: 00:00:56.40, start: 0.000000, bitrate: 12364 kb/s
  Stream #0:0[0x1](und): Video: h264 (High) (avc1 / 0x31637661), yuv420p(tv, unknown/bt709/bt709, progressive), 1080x1350 [SAR 1:1 DAR 4:5], 12160 kb/s, 30 fps, 30 tbr, 15360 tbn (default)
    Metadata:
      handler_name    : VideoHandler
      vendor_id       : [0][0][0][0]
      encoder         : Lavc60.31.102 libx264
  Stream #0:1[0x2](und): Audio: aac (LC) (mp4a / 0x6134706D), 48000 Hz, stereo, fltp, 195 kb/s (default)
    Metadata:
      handler_name    : SoundHandler
      vendor_id       : [0][0][0][0]
Stream mapping:
  Stream #0:0 -> #0:0 (h264 (native) -> mjpeg (native))
Press [q] to stop, [?] for help
[swscaler @ 0x5572536cc7c0] deprecated pixel format used, make sure you did set range correctly
    Last message repeated 3 times
Output #0, image2, to 'temp_frames/frame_37.jpg':
  Metadata:
    major_brand     : isom
    minor_version   : 512
    compatible_brands: isomiso2avc1mp41
    title           : Escape.from.Atlas.High.Security.Prison35
    artist          : PremxGamer
    encoder         : Lavf60.16.100
  Stream #0:0(und): Video: mjpeg, yuvj420p(pc, unknown/bt709/bt709, progressive), 1080x1350 [SAR 1:1 DAR 4:5], q=2-31, 200 kb/s, 30 fps, 30 tbn (default)
    Metadata:
      handler_name    : VideoHandler
      vendor_id       : [0][0][0][0]
      encoder         : Lavc60.31.102 mjpeg
    Side data:
      cpb: bitrate max/min/avg: 0/0/200000 buffer size: 0 vbv_delay: N/A
frame=    0 fps=0.0 q=2.0 size=       0kB time=00:00:00.00 bitrate=N/A speed=   0x    [image2 @ 0x557253833ec0] The specified filename 'temp_frames/frame_37.jpg' does not contain an image sequence pattern or a pattern is invalid.
[image2 @ 0x557253833ec0] Use a pattern such as %03d for an image sequence or use the -update option (with -frames:v 1 if needed) to write a single image.
[out#0/image2 @ 0x557253606c80] video:217kB audio:0kB subtitle:0kB other streams:0kB global headers:0kB muxing overhead: unknown
frame=    1 fps=0.0 q=2.0 Lsize=N/A time=00:00:00.00 bitrate=N/A speed=   0x    
ffmpeg version 6.1.1-3ubuntu5 Copyright (c) 2000-2023 the FFmpeg developers
  built with gcc 13 (Ubuntu 13.2.0-23ubuntu3)
  configuration: --prefix=/usr --extra-version=3ubuntu5 --toolchain=hardened --libdir=/usr/lib/x86_64-linux-gnu --incdir=/usr/include/x86_64-linux-gnu --arch=amd64 --enable-gpl --disable-stripping --disable-omx --enable-gnutls --enable-libaom --enable-libass --enable-libbs2b --enable-libcaca --enable-libcdio --enable-libcodec2 --enable-libdav1d --enable-libflite --enable-libfontconfig --enable-libfreetype --enable-libfribidi --enable-libglslang --enable-libgme --enable-libgsm --enable-libharfbuzz --enable-libmp3lame --enable-libmysofa --enable-libopenjpeg --enable-libopenmpt --enable-libopus --enable-librubberband --enable-libshine --enable-libsnappy --enable-libsoxr --enable-libspeex --enable-libtheora --enable-libtwolame --enable-libvidstab --enable-libvorbis --enable-libvpx --enable-libwebp --enable-libx265 --enable-libxml2 --enable-libxvid --enable-libzimg --enable-openal --enable-opencl --enable-opengl --disable-sndio --enable-libvpl --disable-libmfx --enable-libdc1394 --enable-libdrm --enable-libiec61883 --enable-chromaprint --enable-frei0r --enable-ladspa --enable-libbluray --enable-libjack --enable-libpulse --enable-librabbitmq --enable-librist --enable-libsrt --enable-libssh --enable-libsvtav1 --enable-libx264 --enable-libzmq --enable-libzvbi --enable-lv2 --enable-sdl2 --enable-libplacebo --enable-librav1e --enable-pocketsphinx --enable-librsvg --enable-libjxl --enable-shared
  libavutil      58. 29.100 / 58. 29.100
  libavcodec     60. 31.102 / 60. 31.102
  libavformat    60. 16.100 / 60. 16.100
  libavdevice    60.  3.100 / 60.  3.100
  libavfilter     9. 12.100 /  9. 12.100
  libswscale      7.  5.100 /  7.  5.100
  libswresample   4. 12.100 /  4. 12.100
  libpostproc    57.  3.100 / 57.  3.100
Input #0, mov,mp4,m4a,3gp,3g2,mj2, from 'https://github.com/Prembty12/premx-editor/releases/download/v1.0.87/Escape.from.Atlas.High.Security.Prison35.mp4':
  Metadata:
    major_brand     : isom
    minor_version   : 512
    compatible_brands: isomiso2avc1mp41
    title           : Escape.from.Atlas.High.Security.Prison35
    artist          : PremxGamer
    encoder         : Lavf60.16.100
  Duration: 00:00:56.40, start: 0.000000, bitrate: 12364 kb/s
  Stream #0:0[0x1](und): Video: h264 (High) (avc1 / 0x31637661), yuv420p(tv, unknown/bt709/bt709, progressive), 1080x1350 [SAR 1:1 DAR 4:5], 12160 kb/s, 30 fps, 30 tbr, 15360 tbn (default)
    Metadata:
      handler_name    : VideoHandler
      vendor_id       : [0][0][0][0]
      encoder         : Lavc60.31.102 libx264
  Stream #0:1[0x2](und): Audio: aac (LC) (mp4a / 0x6134706D), 48000 Hz, stereo, fltp, 195 kb/s (default)
    Metadata:
      handler_name    : SoundHandler
      vendor_id       : [0][0][0][0]
Stream mapping:
  Stream #0:0 -> #0:0 (h264 (native) -> mjpeg (native))
Press [q] to stop, [?] for help
[swscaler @ 0x55a9a26d67c0] deprecated pixel format used, make sure you did set range correctly
    Last message repeated 3 times
Output #0, image2, to 'temp_frames/frame_38.jpg':
  Metadata:
    major_brand     : isom
    minor_version   : 512
    compatible_brands: isomiso2avc1mp41
    title           : Escape.from.Atlas.High.Security.Prison35
    artist          : PremxGamer
    encoder         : Lavf60.16.100
  Stream #0:0(und): Video: mjpeg, yuvj420p(pc, unknown/bt709/bt709, progressive), 1080x1350 [SAR 1:1 DAR 4:5], q=2-31, 200 kb/s, 30 fps, 30 tbn (default)
    Metadata:
      handler_name    : VideoHandler
      vendor_id       : [0][0][0][0]
      encoder         : Lavc60.31.102 mjpeg
    Side data:
      cpb: bitrate max/min/avg: 0/0/200000 buffer size: 0 vbv_delay: N/A
frame=    0 fps=0.0 q=2.0 size=       0kB time=00:00:00.00 bitrate=N/A speed=   0x    [image2 @ 0x55a9a283dec0] The specified filename 'temp_frames/frame_38.jpg' does not contain an image sequence pattern or a pattern is invalid.
[image2 @ 0x55a9a283dec0] Use a pattern such as %03d for an image sequence or use the -update option (with -frames:v 1 if needed) to write a single image.
[out#0/image2 @ 0x55a9a2610c80] video:181kB audio:0kB subtitle:0kB other streams:0kB global headers:0kB muxing overhead: unknown
frame=    1 fps=0.0 q=2.0 Lsize=N/A time=00:00:00.00 bitrate=N/A speed=   0x    
ffmpeg version 6.1.1-3ubuntu5 Copyright (c) 2000-2023 the FFmpeg developers
  built with gcc 13 (Ubuntu 13.2.0-23ubuntu3)
  configuration: --prefix=/usr --extra-version=3ubuntu5 --toolchain=hardened --libdir=/usr/lib/x86_64-linux-gnu --incdir=/usr/include/x86_64-linux-gnu --arch=amd64 --enable-gpl --disable-stripping --disable-omx --enable-gnutls --enable-libaom --enable-libass --enable-libbs2b --enable-libcaca --enable-libcdio --enable-libcodec2 --enable-libdav1d --enable-libflite --enable-libfontconfig --enable-libfreetype --enable-libfribidi --enable-libglslang --enable-libgme --enable-libgsm --enable-libharfbuzz --enable-libmp3lame --enable-libmysofa --enable-libopenjpeg --enable-libopenmpt --enable-libopus --enable-librubberband --enable-libshine --enable-libsnappy --enable-libsoxr --enable-libspeex --enable-libtheora --enable-libtwolame --enable-libvidstab --enable-libvorbis --enable-libvpx --enable-libwebp --enable-libx265 --enable-libxml2 --enable-libxvid --enable-libzimg --enable-openal --enable-opencl --enable-opengl --disable-sndio --enable-libvpl --disable-libmfx --enable-libdc1394 --enable-libdrm --enable-libiec61883 --enable-chromaprint --enable-frei0r --enable-ladspa --enable-libbluray --enable-libjack --enable-libpulse --enable-librabbitmq --enable-librist --enable-libsrt --enable-libssh --enable-libsvtav1 --enable-libx264 --enable-libzmq --enable-libzvbi --enable-lv2 --enable-sdl2 --enable-libplacebo --enable-librav1e --enable-pocketsphinx --enable-librsvg --enable-libjxl --enable-shared
  libavutil      58. 29.100 / 58. 29.100
  libavcodec     60. 31.102 / 60. 31.102
  libavformat    60. 16.100 / 60. 16.100
  libavdevice    60.  3.100 / 60.  3.100
  libavfilter     9. 12.100 /  9. 12.100
  libswscale      7.  5.100 /  7.  5.100
  libswresample   4. 12.100 /  4. 12.100
  libpostproc    57.  3.100 / 57.  3.100
Input #0, mov,mp4,m4a,3gp,3g2,mj2, from 'https://github.com/Prembty12/premx-editor/releases/download/v1.0.87/Escape.from.Atlas.High.Security.Prison35.mp4':
  Metadata:
    major_brand     : isom
    minor_version   : 512
    compatible_brands: isomiso2avc1mp41
    title           : Escape.from.Atlas.High.Security.Prison35
    artist          : PremxGamer
    encoder         : Lavf60.16.100
  Duration: 00:00:56.40, start: 0.000000, bitrate: 12364 kb/s
  Stream #0:0[0x1](und): Video: h264 (High) (avc1 / 0x31637661), yuv420p(tv, unknown/bt709/bt709, progressive), 1080x1350 [SAR 1:1 DAR 4:5], 12160 kb/s, 30 fps, 30 tbr, 15360 tbn (default)
    Metadata:
      handler_name    : VideoHandler
      vendor_id       : [0][0][0][0]
      encoder         : Lavc60.31.102 libx264
  Stream #0:1[0x2](und): Audio: aac (LC) (mp4a / 0x6134706D), 48000 Hz, stereo, fltp, 195 kb/s (default)
    Metadata:
      handler_name    : SoundHandler
      vendor_id       : [0][0][0][0]
Stream mapping:
  Stream #0:0 -> #0:0 (h264 (native) -> mjpeg (native))
Press [q] to stop, [?] for help
[swscaler @ 0x55f9748d17c0] deprecated pixel format used, make sure you did set range correctly
    Last message repeated 3 times
Output #0, image2, to 'temp_frames/frame_39.jpg':
  Metadata:
    major_brand     : isom
    minor_version   : 512
    compatible_brands: isomiso2avc1mp41
    title           : Escape.from.Atlas.High.Security.Prison35
    artist          : PremxGamer
    encoder         : Lavf60.16.100
  Stream #0:0(und): Video: mjpeg, yuvj420p(pc, unknown/bt709/bt709, progressive), 1080x1350 [SAR 1:1 DAR 4:5], q=2-31, 200 kb/s, 30 fps, 30 tbn (default)
    Metadata:
      handler_name    : VideoHandler
      vendor_id       : [0][0][0][0]
      encoder         : Lavc60.31.102 mjpeg
    Side data:
      cpb: bitrate max/min/avg: 0/0/200000 buffer size: 0 vbv_delay: N/A
[image2 @ 0x55f974a38ec0] The specified filename 'temp_frames/frame_39.jpg' does not contain an image sequence pattern or a pattern is invalid.
[image2 @ 0x55f974a38ec0] Use a pattern such as %03d for an image sequence or use the -update option (with -frames:v 1 if needed) to write a single image.
frame=    0 fps=0.0 q=2.0 size=       0kB time=00:00:00.00 bitrate=N/A dup=1 drop=0 speed=   0x    [out#0/image2 @ 0x55f97480bc80] video:192kB audio:0kB subtitle:0kB other streams:0kB global headers:0kB muxing overhead: unknown
frame=    1 fps=0.0 q=2.0 Lsize=N/A time=00:00:00.00 bitrate=N/A dup=1 drop=0 speed=   0x    
ffmpeg version 6.1.1-3ubuntu5 Copyright (c) 2000-2023 the FFmpeg developers
  built with gcc 13 (Ubuntu 13.2.0-23ubuntu3)
  configuration: --prefix=/usr --extra-version=3ubuntu5 --toolchain=hardened --libdir=/usr/lib/x86_64-linux-gnu --incdir=/usr/include/x86_64-linux-gnu --arch=amd64 --enable-gpl --disable-stripping --disable-omx --enable-gnutls --enable-libaom --enable-libass --enable-libbs2b --enable-libcaca --enable-libcdio --enable-libcodec2 --enable-libdav1d --enable-libflite --enable-libfontconfig --enable-libfreetype --enable-libfribidi --enable-libglslang --enable-libgme --enable-libgsm --enable-libharfbuzz --enable-libmp3lame --enable-libmysofa --enable-libopenjpeg --enable-libopenmpt --enable-libopus --enable-librubberband --enable-libshine --enable-libsnappy --enable-libsoxr --enable-libspeex --enable-libtheora --enable-libtwolame --enable-libvidstab --enable-libvorbis --enable-libvpx --enable-libwebp --enable-libx265 --enable-libxml2 --enable-libxvid --enable-libzimg --enable-openal --enable-opencl --enable-opengl --disable-sndio --enable-libvpl --disable-libmfx --enable-libdc1394 --enable-libdrm --enable-libiec61883 --enable-chromaprint --enable-frei0r --enable-ladspa --enable-libbluray --enable-libjack --enable-libpulse --enable-librabbitmq --enable-librist --enable-libsrt --enable-libssh --enable-libsvtav1 --enable-libx264 --enable-libzmq --enable-libzvbi --enable-lv2 --enable-sdl2 --enable-libplacebo --enable-librav1e --enable-pocketsphinx --enable-librsvg --enable-libjxl --enable-shared
  libavutil      58. 29.100 / 58. 29.100
  libavcodec     60. 31.102 / 60. 31.102
  libavformat    60. 16.100 / 60. 16.100
  libavdevice    60.  3.100 / 60.  3.100
  libavfilter     9. 12.100 /  9. 12.100
  libswscale      7.  5.100 /  7.  5.100
  libswresample   4. 12.100 /  4. 12.100
  libpostproc    57.  3.100 / 57.  3.100
Input #0, mov,mp4,m4a,3gp,3g2,mj2, from 'https://github.com/Prembty12/premx-editor/releases/download/v1.0.87/Escape.from.Atlas.High.Security.Prison35.mp4':
  Metadata:
    major_brand     : isom
    minor_version   : 512
    compatible_brands: isomiso2avc1mp41
    title           : Escape.from.Atlas.High.Security.Prison35
    artist          : PremxGamer
    encoder         : Lavf60.16.100
  Duration: 00:00:56.40, start: 0.000000, bitrate: 12364 kb/s
  Stream #0:0[0x1](und): Video: h264 (High) (avc1 / 0x31637661), yuv420p(tv, unknown/bt709/bt709, progressive), 1080x1350 [SAR 1:1 DAR 4:5], 12160 kb/s, 30 fps, 30 tbr, 15360 tbn (default)
    Metadata:
      handler_name    : VideoHandler
      vendor_id       : [0][0][0][0]
      encoder         : Lavc60.31.102 libx264
  Stream #0:1[0x2](und): Audio: aac (LC) (mp4a / 0x6134706D), 48000 Hz, stereo, fltp, 195 kb/s (default)
    Metadata:
      handler_name    : SoundHandler
      vendor_id       : [0][0][0][0]
Stream mapping:
  Stream #0:0 -> #0:0 (h264 (native) -> mjpeg (native))
Press [q] to stop, [?] for help
[swscaler @ 0x5640f075d7c0] deprecated pixel format used, make sure you did set range correctly
    Last message repeated 3 times
Output #0, image2, to 'temp_frames/frame_40.jpg':
  Metadata:
    major_brand     : isom
    minor_version   : 512
    compatible_brands: isomiso2avc1mp41
    title           : Escape.from.Atlas.High.Security.Prison35
    artist          : PremxGamer
    encoder         : Lavf60.16.100
  Stream #0:0(und): Video: mjpeg, yuvj420p(pc, unknown/bt709/bt709, progressive), 1080x1350 [SAR 1:1 DAR 4:5], q=2-31, 200 kb/s, 30 fps, 30 tbn (default)
    Metadata:
      handler_name    : VideoHandler
      vendor_id       : [0][0][0][0]
      encoder         : Lavc60.31.102 mjpeg
    Side data:
      cpb: bitrate max/min/avg: 0/0/200000 buffer size: 0 vbv_delay: N/A
frame=    0 fps=0.0 q=2.0 size=       0kB time=00:00:00.00 bitrate=N/A dup=1 drop=0 speed=   0x    [image2 @ 0x5640f08c4ec0] The specified filename 'temp_frames/frame_40.jpg' does not contain an image sequence pattern or a pattern is invalid.
[image2 @ 0x5640f08c4ec0] Use a pattern such as %03d for an image sequence or use the -update option (with -frames:v 1 if needed) to write a single image.
[out#0/image2 @ 0x5640f0697c80] video:196kB audio:0kB subtitle:0kB other streams:0kB global headers:0kB muxing overhead: unknown
frame=    1 fps=0.0 q=2.0 Lsize=N/A time=00:00:00.00 bitrate=N/A dup=1 drop=0 speed=   0x    
ffmpeg version 6.1.1-3ubuntu5 Copyright (c) 2000-2023 the FFmpeg developers
  built with gcc 13 (Ubuntu 13.2.0-23ubuntu3)
  configuration: --prefix=/usr --extra-version=3ubuntu5 --toolchain=hardened --libdir=/usr/lib/x86_64-linux-gnu --incdir=/usr/include/x86_64-linux-gnu --arch=amd64 --enable-gpl --disable-stripping --disable-omx --enable-gnutls --enable-libaom --enable-libass --enable-libbs2b --enable-libcaca --enable-libcdio --enable-libcodec2 --enable-libdav1d --enable-libflite --enable-libfontconfig --enable-libfreetype --enable-libfribidi --enable-libglslang --enable-libgme --enable-libgsm --enable-libharfbuzz --enable-libmp3lame --enable-libmysofa --enable-libopenjpeg --enable-libopenmpt --enable-libopus --enable-librubberband --enable-libshine --enable-libsnappy --enable-libsoxr --enable-libspeex --enable-libtheora --enable-libtwolame --enable-libvidstab --enable-libvorbis --enable-libvpx --enable-libwebp --enable-libx265 --enable-libxml2 --enable-libxvid --enable-libzimg --enable-openal --enable-opencl --enable-opengl --disable-sndio --enable-libvpl --disable-libmfx --enable-libdc1394 --enable-libdrm --enable-libiec61883 --enable-chromaprint --enable-frei0r --enable-ladspa --enable-libbluray --enable-libjack --enable-libpulse --enable-librabbitmq --enable-librist --enable-libsrt --enable-libssh --enable-libsvtav1 --enable-libx264 --enable-libzmq --enable-libzvbi --enable-lv2 --enable-sdl2 --enable-libplacebo --enable-librav1e --enable-pocketsphinx --enable-librsvg --enable-libjxl --enable-shared
  libavutil      58. 29.100 / 58. 29.100
  libavcodec     60. 31.102 / 60. 31.102
  libavformat    60. 16.100 / 60. 16.100
  libavdevice    60.  3.100 / 60.  3.100
  libavfilter     9. 12.100 /  9. 12.100
  libswscale      7.  5.100 /  7.  5.100
  libswresample   4. 12.100 /  4. 12.100
  libpostproc    57.  3.100 / 57.  3.100
Input #0, mov,mp4,m4a,3gp,3g2,mj2, from 'https://github.com/Prembty12/premx-editor/releases/download/v1.0.87/Escape.from.Atlas.High.Security.Prison35.mp4':
  Metadata:
    major_brand     : isom
    minor_version   : 512
    compatible_brands: isomiso2avc1mp41
    title           : Escape.from.Atlas.High.Security.Prison35
    artist          : PremxGamer
    encoder         : Lavf60.16.100
  Duration: 00:00:56.40, start: 0.000000, bitrate: 12364 kb/s
  Stream #0:0[0x1](und): Video: h264 (High) (avc1 / 0x31637661), yuv420p(tv, unknown/bt709/bt709, progressive), 1080x1350 [SAR 1:1 DAR 4:5], 12160 kb/s, 30 fps, 30 tbr, 15360 tbn (default)
    Metadata:
      handler_name    : VideoHandler
      vendor_id       : [0][0][0][0]
      encoder         : Lavc60.31.102 libx264
  Stream #0:1[0x2](und): Audio: aac (LC) (mp4a / 0x6134706D), 48000 Hz, stereo, fltp, 195 kb/s (default)
    Metadata:
      handler_name    : SoundHandler
      vendor_id       : [0][0][0][0]
Stream mapping:
  Stream #0:0 -> #0:0 (h264 (native) -> mjpeg (native))
Press [q] to stop, [?] for help
[swscaler @ 0x55caa6aeb7c0] deprecated pixel format used, make sure you did set range correctly
    Last message repeated 3 times
Output #0, image2, to 'temp_frames/frame_41.jpg':
  Metadata:
    major_brand     : isom
    minor_version   : 512
    compatible_brands: isomiso2avc1mp41
    title           : Escape.from.Atlas.High.Security.Prison35
    artist          : PremxGamer
    encoder         : Lavf60.16.100
  Stream #0:0(und): Video: mjpeg, yuvj420p(pc, unknown/bt709/bt709, progressive), 1080x1350 [SAR 1:1 DAR 4:5], q=2-31, 200 kb/s, 30 fps, 30 tbn (default)
    Metadata:
      handler_name    : VideoHandler
      vendor_id       : [0][0][0][0]
      encoder         : Lavc60.31.102 mjpeg
    Side data:
      cpb: bitrate max/min/avg: 0/0/200000 buffer size: 0 vbv_delay: N/A
frame=    0 fps=0.0 q=2.0 size=       0kB time=00:00:00.00 bitrate=N/A speed=   0x    [image2 @ 0x55caa6c52ec0] The specified filename 'temp_frames/frame_41.jpg' does not contain an image sequence pattern or a pattern is invalid.
[image2 @ 0x55caa6c52ec0] Use a pattern such as %03d for an image sequence or use the -update option (with -frames:v 1 if needed) to write a single image.
[out#0/image2 @ 0x55caa6a25c80] video:186kB audio:0kB subtitle:0kB other streams:0kB global headers:0kB muxing overhead: unknown
frame=    1 fps=0.0 q=2.0 Lsize=N/A time=00:00:00.00 bitrate=N/A speed=   0x    
ffmpeg version 6.1.1-3ubuntu5 Copyright (c) 2000-2023 the FFmpeg developers
  built with gcc 13 (Ubuntu 13.2.0-23ubuntu3)
  configuration: --prefix=/usr --extra-version=3ubuntu5 --toolchain=hardened --libdir=/usr/lib/x86_64-linux-gnu --incdir=/usr/include/x86_64-linux-gnu --arch=amd64 --enable-gpl --disable-stripping --disable-omx --enable-gnutls --enable-libaom --enable-libass --enable-libbs2b --enable-libcaca --enable-libcdio --enable-libcodec2 --enable-libdav1d --enable-libflite --enable-libfontconfig --enable-libfreetype --enable-libfribidi --enable-libglslang --enable-libgme --enable-libgsm --enable-libharfbuzz --enable-libmp3lame --enable-libmysofa --enable-libopenjpeg --enable-libopenmpt --enable-libopus --enable-librubberband --enable-libshine --enable-libsnappy --enable-libsoxr --enable-libspeex --enable-libtheora --enable-libtwolame --enable-libvidstab --enable-libvorbis --enable-libvpx --enable-libwebp --enable-libx265 --enable-libxml2 --enable-libxvid --enable-libzimg --enable-openal --enable-opencl --enable-opengl --disable-sndio --enable-libvpl --disable-libmfx --enable-libdc1394 --enable-libdrm --enable-libiec61883 --enable-chromaprint --enable-frei0r --enable-ladspa --enable-libbluray --enable-libjack --enable-libpulse --enable-librabbitmq --enable-librist --enable-libsrt --enable-libssh --enable-libsvtav1 --enable-libx264 --enable-libzmq --enable-libzvbi --enable-lv2 --enable-sdl2 --enable-libplacebo --enable-librav1e --enable-pocketsphinx --enable-librsvg --enable-libjxl --enable-shared
  libavutil      58. 29.100 / 58. 29.100
  libavcodec     60. 31.102 / 60. 31.102
  libavformat    60. 16.100 / 60. 16.100
  libavdevice    60.  3.100 / 60.  3.100
  libavfilter     9. 12.100 /  9. 12.100
  libswscale      7.  5.100 /  7.  5.100
  libswresample   4. 12.100 /  4. 12.100
  libpostproc    57.  3.100 / 57.  3.100
Input #0, mov,mp4,m4a,3gp,3g2,mj2, from 'https://github.com/Prembty12/premx-editor/releases/download/v1.0.87/Escape.from.Atlas.High.Security.Prison35.mp4':
  Metadata:
    major_brand     : isom
    minor_version   : 512
    compatible_brands: isomiso2avc1mp41
    title           : Escape.from.Atlas.High.Security.Prison35
    artist          : PremxGamer
    encoder         : Lavf60.16.100
  Duration: 00:00:56.40, start: 0.000000, bitrate: 12364 kb/s
  Stream #0:0[0x1](und): Video: h264 (High) (avc1 / 0x31637661), yuv420p(tv, unknown/bt709/bt709, progressive), 1080x1350 [SAR 1:1 DAR 4:5], 12160 kb/s, 30 fps, 30 tbr, 15360 tbn (default)
    Metadata:
      handler_name    : VideoHandler
      vendor_id       : [0][0][0][0]
      encoder         : Lavc60.31.102 libx264
  Stream #0:1[0x2](und): Audio: aac (LC) (mp4a / 0x6134706D), 48000 Hz, stereo, fltp, 195 kb/s (default)
    Metadata:
      handler_name    : SoundHandler
      vendor_id       : [0][0][0][0]
Stream mapping:
  Stream #0:0 -> #0:0 (h264 (native) -> mjpeg (native))
Press [q] to stop, [?] for help
[swscaler @ 0x555e07b7e7c0] deprecated pixel format used, make sure you did set range correctly
    Last message repeated 3 times
Output #0, image2, to 'temp_frames/frame_42.jpg':
  Metadata:
    major_brand     : isom
    minor_version   : 512
    compatible_brands: isomiso2avc1mp41
    title           : Escape.from.Atlas.High.Security.Prison35
    artist          : PremxGamer
    encoder         : Lavf60.16.100
  Stream #0:0(und): Video: mjpeg, yuvj420p(pc, unknown/bt709/bt709, progressive), 1080x1350 [SAR 1:1 DAR 4:5], q=2-31, 200 kb/s, 30 fps, 30 tbn (default)
    Metadata:
      handler_name    : VideoHandler
      vendor_id       : [0][0][0][0]
      encoder         : Lavc60.31.102 mjpeg
    Side data:
      cpb: bitrate max/min/avg: 0/0/200000 buffer size: 0 vbv_delay: N/A
frame=    0 fps=0.0 q=2.0 size=       0kB time=00:00:00.00 bitrate=N/A dup=1 drop=0 speed=   0x    [image2 @ 0x555e07ce5ec0] The specified filename 'temp_frames/frame_42.jpg' does not contain an image sequence pattern or a pattern is invalid.
[image2 @ 0x555e07ce5ec0] Use a pattern such as %03d for an image sequence or use the -update option (with -frames:v 1 if needed) to write a single image.
[out#0/image2 @ 0x555e07ab8c80] video:179kB audio:0kB subtitle:0kB other streams:0kB global headers:0kB muxing overhead: unknown
frame=    1 fps=0.0 q=2.0 Lsize=N/A time=00:00:00.00 bitrate=N/A dup=1 drop=0 speed=   0x    
ffmpeg version 6.1.1-3ubuntu5 Copyright (c) 2000-2023 the FFmpeg developers
  built with gcc 13 (Ubuntu 13.2.0-23ubuntu3)
  configuration: --prefix=/usr --extra-version=3ubuntu5 --toolchain=hardened --libdir=/usr/lib/x86_64-linux-gnu --incdir=/usr/include/x86_64-linux-gnu --arch=amd64 --enable-gpl --disable-stripping --disable-omx --enable-gnutls --enable-libaom --enable-libass --enable-libbs2b --enable-libcaca --enable-libcdio --enable-libcodec2 --enable-libdav1d --enable-libflite --enable-libfontconfig --enable-libfreetype --enable-libfribidi --enable-libglslang --enable-libgme --enable-libgsm --enable-libharfbuzz --enable-libmp3lame --enable-libmysofa --enable-libopenjpeg --enable-libopenmpt --enable-libopus --enable-librubberband --enable-libshine --enable-libsnappy --enable-libsoxr --enable-libspeex --enable-libtheora --enable-libtwolame --enable-libvidstab --enable-libvorbis --enable-libvpx --enable-libwebp --enable-libx265 --enable-libxml2 --enable-libxvid --enable-libzimg --enable-openal --enable-opencl --enable-opengl --disable-sndio --enable-libvpl --disable-libmfx --enable-libdc1394 --enable-libdrm --enable-libiec61883 --enable-chromaprint --enable-frei0r --enable-ladspa --enable-libbluray --enable-libjack --enable-libpulse --enable-librabbitmq --enable-librist --enable-libsrt --enable-libssh --enable-libsvtav1 --enable-libx264 --enable-libzmq --enable-libzvbi --enable-lv2 --enable-sdl2 --enable-libplacebo --enable-librav1e --enable-pocketsphinx --enable-librsvg --enable-libjxl --enable-shared
  libavutil      58. 29.100 / 58. 29.100
  libavcodec     60. 31.102 / 60. 31.102
  libavformat    60. 16.100 / 60. 16.100
  libavdevice    60.  3.100 / 60.  3.100
  libavfilter     9. 12.100 /  9. 12.100
  libswscale      7.  5.100 /  7.  5.100
  libswresample   4. 12.100 /  4. 12.100
  libpostproc    57.  3.100 / 57.  3.100
Input #0, mov,mp4,m4a,3gp,3g2,mj2, from 'https://github.com/Prembty12/premx-editor/releases/download/v1.0.87/Escape.from.Atlas.High.Security.Prison35.mp4':
  Metadata:
    major_brand     : isom
    minor_version   : 512
    compatible_brands: isomiso2avc1mp41
    title           : Escape.from.Atlas.High.Security.Prison35
    artist          : PremxGamer
    encoder         : Lavf60.16.100
  Duration: 00:00:56.40, start: 0.000000, bitrate: 12364 kb/s
  Stream #0:0[0x1](und): Video: h264 (High) (avc1 / 0x31637661), yuv420p(tv, unknown/bt709/bt709, progressive), 1080x1350 [SAR 1:1 DAR 4:5], 12160 kb/s, 30 fps, 30 tbr, 15360 tbn (default)
    Metadata:
      handler_name    : VideoHandler
      vendor_id       : [0][0][0][0]
      encoder         : Lavc60.31.102 libx264
  Stream #0:1[0x2](und): Audio: aac (LC) (mp4a / 0x6134706D), 48000 Hz, stereo, fltp, 195 kb/s (default)
    Metadata:
      handler_name    : SoundHandler
      vendor_id       : [0][0][0][0]
Stream mapping:
  Stream #0:0 -> #0:0 (h264 (native) -> mjpeg (native))
Press [q] to stop, [?] for help
[swscaler @ 0x55df871897c0] deprecated pixel format used, make sure you did set range correctly
    Last message repeated 3 times
Output #0, image2, to 'temp_frames/frame_43.jpg':
  Metadata:
    major_brand     : isom
    minor_version   : 512
    compatible_brands: isomiso2avc1mp41
    title           : Escape.from.Atlas.High.Security.Prison35
    artist          : PremxGamer
    encoder         : Lavf60.16.100
  Stream #0:0(und): Video: mjpeg, yuvj420p(pc, unknown/bt709/bt709, progressive), 1080x1350 [SAR 1:1 DAR 4:5], q=2-31, 200 kb/s, 30 fps, 30 tbn (default)
    Metadata:
      handler_name    : VideoHandler
      vendor_id       : [0][0][0][0]
      encoder         : Lavc60.31.102 mjpeg
    Side data:
      cpb: bitrate max/min/avg: 0/0/200000 buffer size: 0 vbv_delay: N/A
frame=    0 fps=0.0 q=2.0 size=       0kB time=00:00:00.00 bitrate=N/A speed=   0x    [image2 @ 0x55df872f0ec0] The specified filename 'temp_frames/frame_43.jpg' does not contain an image sequence pattern or a pattern is invalid.
[image2 @ 0x55df872f0ec0] Use a pattern such as %03d for an image sequence or use the -update option (with -frames:v 1 if needed) to write a single image.
[out#0/image2 @ 0x55df870c3c80] video:212kB audio:0kB subtitle:0kB other streams:0kB global headers:0kB muxing overhead: unknown
frame=    1 fps=0.0 q=2.0 Lsize=N/A time=00:00:00.00 bitrate=N/A speed=   0x    
ffmpeg version 6.1.1-3ubuntu5 Copyright (c) 2000-2023 the FFmpeg developers
  built with gcc 13 (Ubuntu 13.2.0-23ubuntu3)
  configuration: --prefix=/usr --extra-version=3ubuntu5 --toolchain=hardened --libdir=/usr/lib/x86_64-linux-gnu --incdir=/usr/include/x86_64-linux-gnu --arch=amd64 --enable-gpl --disable-stripping --disable-omx --enable-gnutls --enable-libaom --enable-libass --enable-libbs2b --enable-libcaca --enable-libcdio --enable-libcodec2 --enable-libdav1d --enable-libflite --enable-libfontconfig --enable-libfreetype --enable-libfribidi --enable-libglslang --enable-libgme --enable-libgsm --enable-libharfbuzz --enable-libmp3lame --enable-libmysofa --enable-libopenjpeg --enable-libopenmpt --enable-libopus --enable-librubberband --enable-libshine --enable-libsnappy --enable-libsoxr --enable-libspeex --enable-libtheora --enable-libtwolame --enable-libvidstab --enable-libvorbis --enable-libvpx --enable-libwebp --enable-libx265 --enable-libxml2 --enable-libxvid --enable-libzimg --enable-openal --enable-opencl --enable-opengl --disable-sndio --enable-libvpl --disable-libmfx --enable-libdc1394 --enable-libdrm --enable-libiec61883 --enable-chromaprint --enable-frei0r --enable-ladspa --enable-libbluray --enable-libjack --enable-libpulse --enable-librabbitmq --enable-librist --enable-libsrt --enable-libssh --enable-libsvtav1 --enable-libx264 --enable-libzmq --enable-libzvbi --enable-lv2 --enable-sdl2 --enable-libplacebo --enable-librav1e --enable-pocketsphinx --enable-librsvg --enable-libjxl --enable-shared
  libavutil      58. 29.100 / 58. 29.100
  libavcodec     60. 31.102 / 60. 31.102
  libavformat    60. 16.100 / 60. 16.100
  libavdevice    60.  3.100 / 60.  3.100
  libavfilter     9. 12.100 /  9. 12.100
  libswscale      7.  5.100 /  7.  5.100
  libswresample   4. 12.100 /  4. 12.100
  libpostproc    57.  3.100 / 57.  3.100
Input #0, mov,mp4,m4a,3gp,3g2,mj2, from 'https://github.com/Prembty12/premx-editor/releases/download/v1.0.87/Escape.from.Atlas.High.Security.Prison35.mp4':
  Metadata:
    major_brand     : isom
    minor_version   : 512
    compatible_brands: isomiso2avc1mp41
    title           : Escape.from.Atlas.High.Security.Prison35
    artist          : PremxGamer
    encoder         : Lavf60.16.100
  Duration: 00:00:56.40, start: 0.000000, bitrate: 12364 kb/s
  Stream #0:0[0x1](und): Video: h264 (High) (avc1 / 0x31637661), yuv420p(tv, unknown/bt709/bt709, progressive), 1080x1350 [SAR 1:1 DAR 4:5], 12160 kb/s, 30 fps, 30 tbr, 15360 tbn (default)
    Metadata:
      handler_name    : VideoHandler
      vendor_id       : [0][0][0][0]
      encoder         : Lavc60.31.102 libx264
  Stream #0:1[0x2](und): Audio: aac (LC) (mp4a / 0x6134706D), 48000 Hz, stereo, fltp, 195 kb/s (default)
    Metadata:
      handler_name    : SoundHandler
      vendor_id       : [0][0][0][0]
Stream mapping:
  Stream #0:0 -> #0:0 (h264 (native) -> mjpeg (native))
Press [q] to stop, [?] for help
[swscaler @ 0x5616000597c0] deprecated pixel format used, make sure you did set range correctly
    Last message repeated 3 times
Output #0, image2, to 'temp_frames/frame_44.jpg':
  Metadata:
    major_brand     : isom
    minor_version   : 512
    compatible_brands: isomiso2avc1mp41
    title           : Escape.from.Atlas.High.Security.Prison35
    artist          : PremxGamer
    encoder         : Lavf60.16.100
  Stream #0:0(und): Video: mjpeg, yuvj420p(pc, unknown/bt709/bt709, progressive), 1080x1350 [SAR 1:1 DAR 4:5], q=2-31, 200 kb/s, 30 fps, 30 tbn (default)
    Metadata:
      handler_name    : VideoHandler
      vendor_id       : [0][0][0][0]
      encoder         : Lavc60.31.102 mjpeg
    Side data:
      cpb: bitrate max/min/avg: 0/0/200000 buffer size: 0 vbv_delay: N/A
frame=    0 fps=0.0 q=2.0 size=       0kB time=00:00:00.00 bitrate=N/A speed=   0x    [image2 @ 0x5616001c0ec0] The specified filename 'temp_frames/frame_44.jpg' does not contain an image sequence pattern or a pattern is invalid.
[image2 @ 0x5616001c0ec0] Use a pattern such as %03d for an image sequence or use the -update option (with -frames:v 1 if needed) to write a single image.
[out#0/image2 @ 0x5615fff93c80] video:179kB audio:0kB subtitle:0kB other streams:0kB global headers:0kB muxing overhead: unknown
frame=    1 fps=0.0 q=2.0 Lsize=N/A time=00:00:00.00 bitrate=N/A speed=   0x    
ffmpeg version 6.1.1-3ubuntu5 Copyright (c) 2000-2023 the FFmpeg developers
  built with gcc 13 (Ubuntu 13.2.0-23ubuntu3)
  configuration: --prefix=/usr --extra-version=3ubuntu5 --toolchain=hardened --libdir=/usr/lib/x86_64-linux-gnu --incdir=/usr/include/x86_64-linux-gnu --arch=amd64 --enable-gpl --disable-stripping --disable-omx --enable-gnutls --enable-libaom --enable-libass --enable-libbs2b --enable-libcaca --enable-libcdio --enable-libcodec2 --enable-libdav1d --enable-libflite --enable-libfontconfig --enable-libfreetype --enable-libfribidi --enable-libglslang --enable-libgme --enable-libgsm --enable-libharfbuzz --enable-libmp3lame --enable-libmysofa --enable-libopenjpeg --enable-libopenmpt --enable-libopus --enable-librubberband --enable-libshine --enable-libsnappy --enable-libsoxr --enable-libspeex --enable-libtheora --enable-libtwolame --enable-libvidstab --enable-libvorbis --enable-libvpx --enable-libwebp --enable-libx265 --enable-libxml2 --enable-libxvid --enable-libzimg --enable-openal --enable-opencl --enable-opengl --disable-sndio --enable-libvpl --disable-libmfx --enable-libdc1394 --enable-libdrm --enable-libiec61883 --enable-chromaprint --enable-frei0r --enable-ladspa --enable-libbluray --enable-libjack --enable-libpulse --enable-librabbitmq --enable-librist --enable-libsrt --enable-libssh --enable-libsvtav1 --enable-libx264 --enable-libzmq --enable-libzvbi --enable-lv2 --enable-sdl2 --enable-libplacebo --enable-librav1e --enable-pocketsphinx --enable-librsvg --enable-libjxl --enable-shared
  libavutil      58. 29.100 / 58. 29.100
  libavcodec     60. 31.102 / 60. 31.102
  libavformat    60. 16.100 / 60. 16.100
  libavdevice    60.  3.100 / 60.  3.100
  libavfilter     9. 12.100 /  9. 12.100
  libswscale      7.  5.100 /  7.  5.100
  libswresample   4. 12.100 /  4. 12.100
  libpostproc    57.  3.100 / 57.  3.100
Input #0, mov,mp4,m4a,3gp,3g2,mj2, from 'https://github.com/Prembty12/premx-editor/releases/download/v1.0.87/Escape.from.Atlas.High.Security.Prison35.mp4':
  Metadata:
    major_brand     : isom
    minor_version   : 512
    compatible_brands: isomiso2avc1mp41
    title           : Escape.from.Atlas.High.Security.Prison35
    artist          : PremxGamer
    encoder         : Lavf60.16.100
  Duration: 00:00:56.40, start: 0.000000, bitrate: 12364 kb/s
  Stream #0:0[0x1](und): Video: h264 (High) (avc1 / 0x31637661), yuv420p(tv, unknown/bt709/bt709, progressive), 1080x1350 [SAR 1:1 DAR 4:5], 12160 kb/s, 30 fps, 30 tbr, 15360 tbn (default)
    Metadata:
      handler_name    : VideoHandler
      vendor_id       : [0][0][0][0]
      encoder         : Lavc60.31.102 libx264
  Stream #0:1[0x2](und): Audio: aac (LC) (mp4a / 0x6134706D), 48000 Hz, stereo, fltp, 195 kb/s (default)
    Metadata:
      handler_name    : SoundHandler
      vendor_id       : [0][0][0][0]
Stream mapping:
  Stream #0:0 -> #0:0 (h264 (native) -> mjpeg (native))
Press [q] to stop, [?] for help
[swscaler @ 0x555d06f877c0] deprecated pixel format used, make sure you did set range correctly
    Last message repeated 3 times
Output #0, image2, to 'temp_frames/frame_45.jpg':
  Metadata:
    major_brand     : isom
    minor_version   : 512
    compatible_brands: isomiso2avc1mp41
    title           : Escape.from.Atlas.High.Security.Prison35
    artist          : PremxGamer
    encoder         : Lavf60.16.100
  Stream #0:0(und): Video: mjpeg, yuvj420p(pc, unknown/bt709/bt709, progressive), 1080x1350 [SAR 1:1 DAR 4:5], q=2-31, 200 kb/s, 30 fps, 30 tbn (default)
    Metadata:
      handler_name    : VideoHandler
      vendor_id       : [0][0][0][0]
      encoder         : Lavc60.31.102 mjpeg
    Side data:
      cpb: bitrate max/min/avg: 0/0/200000 buffer size: 0 vbv_delay: N/A
[image2 @ 0x555d070eeec0] The specified filename 'temp_frames/frame_45.jpg' does not contain an image sequence pattern or a pattern is invalid.
[image2 @ 0x555d070eeec0] Use a pattern such as %03d for an image sequence or use the -update option (with -frames:v 1 if needed) to write a single image.
frame=    0 fps=0.0 q=2.0 size=       0kB time=00:00:00.00 bitrate=N/A dup=1 drop=0 speed=   0x    [out#0/image2 @ 0x555d06ec1c80] video:181kB audio:0kB subtitle:0kB other streams:0kB global headers:0kB muxing overhead: unknown
frame=    1 fps=0.0 q=2.0 Lsize=N/A time=00:00:00.00 bitrate=N/A dup=1 drop=0 speed=   0x    
ffmpeg version 6.1.1-3ubuntu5 Copyright (c) 2000-2023 the FFmpeg developers
  built with gcc 13 (Ubuntu 13.2.0-23ubuntu3)
  configuration: --prefix=/usr --extra-version=3ubuntu5 --toolchain=hardened --libdir=/usr/lib/x86_64-linux-gnu --incdir=/usr/include/x86_64-linux-gnu --arch=amd64 --enable-gpl --disable-stripping --disable-omx --enable-gnutls --enable-libaom --enable-libass --enable-libbs2b --enable-libcaca --enable-libcdio --enable-libcodec2 --enable-libdav1d --enable-libflite --enable-libfontconfig --enable-libfreetype --enable-libfribidi --enable-libglslang --enable-libgme --enable-libgsm --enable-libharfbuzz --enable-libmp3lame --enable-libmysofa --enable-libopenjpeg --enable-libopenmpt --enable-libopus --enable-librubberband --enable-libshine --enable-libsnappy --enable-libsoxr --enable-libspeex --enable-libtheora --enable-libtwolame --enable-libvidstab --enable-libvorbis --enable-libvpx --enable-libwebp --enable-libx265 --enable-libxml2 --enable-libxvid --enable-libzimg --enable-openal --enable-opencl --enable-opengl --disable-sndio --enable-libvpl --disable-libmfx --enable-libdc1394 --enable-libdrm --enable-libiec61883 --enable-chromaprint --enable-frei0r --enable-ladspa --enable-libbluray --enable-libjack --enable-libpulse --enable-librabbitmq --enable-librist --enable-libsrt --enable-libssh --enable-libsvtav1 --enable-libx264 --enable-libzmq --enable-libzvbi --enable-lv2 --enable-sdl2 --enable-libplacebo --enable-librav1e --enable-pocketsphinx --enable-librsvg --enable-libjxl --enable-shared
  libavutil      58. 29.100 / 58. 29.100
  libavcodec     60. 31.102 / 60. 31.102
  libavformat    60. 16.100 / 60. 16.100
  libavdevice    60.  3.100 / 60.  3.100
  libavfilter     9. 12.100 /  9. 12.100
  libswscale      7.  5.100 /  7.  5.100
  libswresample   4. 12.100 /  4. 12.100
  libpostproc    57.  3.100 / 57.  3.100
Input #0, mov,mp4,m4a,3gp,3g2,mj2, from 'https://github.com/Prembty12/premx-editor/releases/download/v1.0.87/Escape.from.Atlas.High.Security.Prison35.mp4':
  Metadata:
    major_brand     : isom
    minor_version   : 512
    compatible_brands: isomiso2avc1mp41
    title           : Escape.from.Atlas.High.Security.Prison35
    artist          : PremxGamer
    encoder         : Lavf60.16.100
  Duration: 00:00:56.40, start: 0.000000, bitrate: 12364 kb/s
  Stream #0:0[0x1](und): Video: h264 (High) (avc1 / 0x31637661), yuv420p(tv, unknown/bt709/bt709, progressive), 1080x1350 [SAR 1:1 DAR 4:5], 12160 kb/s, 30 fps, 30 tbr, 15360 tbn (default)
    Metadata:
      handler_name    : VideoHandler
      vendor_id       : [0][0][0][0]
      encoder         : Lavc60.31.102 libx264
  Stream #0:1[0x2](und): Audio: aac (LC) (mp4a / 0x6134706D), 48000 Hz, stereo, fltp, 195 kb/s (default)
    Metadata:
      handler_name    : SoundHandler
      vendor_id       : [0][0][0][0]
Stream mapping:
  Stream #0:0 -> #0:0 (h264 (native) -> mjpeg (native))
Press [q] to stop, [?] for help
[swscaler @ 0x55b348c2d7c0] deprecated pixel format used, make sure you did set range correctly
    Last message repeated 3 times
Output #0, image2, to 'temp_frames/frame_46.jpg':
  Metadata:
    major_brand     : isom
    minor_version   : 512
    compatible_brands: isomiso2avc1mp41
    title           : Escape.from.Atlas.High.Security.Prison35
    artist          : PremxGamer
    encoder         : Lavf60.16.100
  Stream #0:0(und): Video: mjpeg, yuvj420p(pc, unknown/bt709/bt709, progressive), 1080x1350 [SAR 1:1 DAR 4:5], q=2-31, 200 kb/s, 30 fps, 30 tbn (default)
    Metadata:
      handler_name    : VideoHandler
      vendor_id       : [0][0][0][0]
      encoder         : Lavc60.31.102 mjpeg
    Side data:
      cpb: bitrate max/min/avg: 0/0/200000 buffer size: 0 vbv_delay: N/A
frame=    0 fps=0.0 q=2.0 size=       0kB time=00:00:00.00 bitrate=N/A speed=   0x    [image2 @ 0x55b348d94ec0] The specified filename 'temp_frames/frame_46.jpg' does not contain an image sequence pattern or a pattern is invalid.
[image2 @ 0x55b348d94ec0] Use a pattern such as %03d for an image sequence or use the -update option (with -frames:v 1 if needed) to write a single image.
[out#0/image2 @ 0x55b348b67c80] video:239kB audio:0kB subtitle:0kB other streams:0kB global headers:0kB muxing overhead: unknown
frame=    1 fps=0.0 q=2.0 Lsize=N/A time=00:00:00.00 bitrate=N/A speed=   0x    
ffmpeg version 6.1.1-3ubuntu5 Copyright (c) 2000-2023 the FFmpeg developers
  built with gcc 13 (Ubuntu 13.2.0-23ubuntu3)
  configuration: --prefix=/usr --extra-version=3ubuntu5 --toolchain=hardened --libdir=/usr/lib/x86_64-linux-gnu --incdir=/usr/include/x86_64-linux-gnu --arch=amd64 --enable-gpl --disable-stripping --disable-omx --enable-gnutls --enable-libaom --enable-libass --enable-libbs2b --enable-libcaca --enable-libcdio --enable-libcodec2 --enable-libdav1d --enable-libflite --enable-libfontconfig --enable-libfreetype --enable-libfribidi --enable-libglslang --enable-libgme --enable-libgsm --enable-libharfbuzz --enable-libmp3lame --enable-libmysofa --enable-libopenjpeg --enable-libopenmpt --enable-libopus --enable-librubberband --enable-libshine --enable-libsnappy --enable-libsoxr --enable-libspeex --enable-libtheora --enable-libtwolame --enable-libvidstab --enable-libvorbis --enable-libvpx --enable-libwebp --enable-libx265 --enable-libxml2 --enable-libxvid --enable-libzimg --enable-openal --enable-opencl --enable-opengl --disable-sndio --enable-libvpl --disable-libmfx --enable-libdc1394 --enable-libdrm --enable-libiec61883 --enable-chromaprint --enable-frei0r --enable-ladspa --enable-libbluray --enable-libjack --enable-libpulse --enable-librabbitmq --enable-librist --enable-libsrt --enable-libssh --enable-libsvtav1 --enable-libx264 --enable-libzmq --enable-libzvbi --enable-lv2 --enable-sdl2 --enable-libplacebo --enable-librav1e --enable-pocketsphinx --enable-librsvg --enable-libjxl --enable-shared
  libavutil      58. 29.100 / 58. 29.100
  libavcodec     60. 31.102 / 60. 31.102
  libavformat    60. 16.100 / 60. 16.100
  libavdevice    60.  3.100 / 60.  3.100
  libavfilter     9. 12.100 /  9. 12.100
  libswscale      7.  5.100 /  7.  5.100
  libswresample   4. 12.100 /  4. 12.100
  libpostproc    57.  3.100 / 57.  3.100
Input #0, mov,mp4,m4a,3gp,3g2,mj2, from 'https://github.com/Prembty12/premx-editor/releases/download/v1.0.87/Escape.from.Atlas.High.Security.Prison35.mp4':
  Metadata:
    major_brand     : isom
    minor_version   : 512
    compatible_brands: isomiso2avc1mp41
    title           : Escape.from.Atlas.High.Security.Prison35
    artist          : PremxGamer
    encoder         : Lavf60.16.100
  Duration: 00:00:56.40, start: 0.000000, bitrate: 12364 kb/s
  Stream #0:0[0x1](und): Video: h264 (High) (avc1 / 0x31637661), yuv420p(tv, unknown/bt709/bt709, progressive), 1080x1350 [SAR 1:1 DAR 4:5], 12160 kb/s, 30 fps, 30 tbr, 15360 tbn (default)
    Metadata:
      handler_name    : VideoHandler
      vendor_id       : [0][0][0][0]
      encoder         : Lavc60.31.102 libx264
  Stream #0:1[0x2](und): Audio: aac (LC) (mp4a / 0x6134706D), 48000 Hz, stereo, fltp, 195 kb/s (default)
    Metadata:
      handler_name    : SoundHandler
      vendor_id       : [0][0][0][0]
Stream mapping:
  Stream #0:0 -> #0:0 (h264 (native) -> mjpeg (native))
Press [q] to stop, [?] for help
[swscaler @ 0x564632c5b7c0] deprecated pixel format used, make sure you did set range correctly
    Last message repeated 3 times
Output #0, image2, to 'temp_frames/frame_47.jpg':
  Metadata:
    major_brand     : isom
    minor_version   : 512
    compatible_brands: isomiso2avc1mp41
    title           : Escape.from.Atlas.High.Security.Prison35
    artist          : PremxGamer
    encoder         : Lavf60.16.100
  Stream #0:0(und): Video: mjpeg, yuvj420p(pc, unknown/bt709/bt709, progressive), 1080x1350 [SAR 1:1 DAR 4:5], q=2-31, 200 kb/s, 30 fps, 30 tbn (default)
    Metadata:
      handler_name    : VideoHandler
      vendor_id       : [0][0][0][0]
      encoder         : Lavc60.31.102 mjpeg
    Side data:
      cpb: bitrate max/min/avg: 0/0/200000 buffer size: 0 vbv_delay: N/A
frame=    0 fps=0.0 q=2.0 size=       0kB time=00:00:00.00 bitrate=N/A speed=   0x    [image2 @ 0x564632dc2ec0] The specified filename 'temp_frames/frame_47.jpg' does not contain an image sequence pattern or a pattern is invalid.
[image2 @ 0x564632dc2ec0] Use a pattern such as %03d for an image sequence or use the -update option (with -frames:v 1 if needed) to write a single image.
[out#0/image2 @ 0x564632b95c80] video:170kB audio:0kB subtitle:0kB other streams:0kB global headers:0kB muxing overhead: unknown
frame=    1 fps=0.0 q=2.0 Lsize=N/A time=00:00:00.00 bitrate=N/A speed=   0x    
ffmpeg version 6.1.1-3ubuntu5 Copyright (c) 2000-2023 the FFmpeg developers
  built with gcc 13 (Ubuntu 13.2.0-23ubuntu3)
  configuration: --prefix=/usr --extra-version=3ubuntu5 --toolchain=hardened --libdir=/usr/lib/x86_64-linux-gnu --incdir=/usr/include/x86_64-linux-gnu --arch=amd64 --enable-gpl --disable-stripping --disable-omx --enable-gnutls --enable-libaom --enable-libass --enable-libbs2b --enable-libcaca --enable-libcdio --enable-libcodec2 --enable-libdav1d --enable-libflite --enable-libfontconfig --enable-libfreetype --enable-libfribidi --enable-libglslang --enable-libgme --enable-libgsm --enable-libharfbuzz --enable-libmp3lame --enable-libmysofa --enable-libopenjpeg --enable-libopenmpt --enable-libopus --enable-librubberband --enable-libshine --enable-libsnappy --enable-libsoxr --enable-libspeex --enable-libtheora --enable-libtwolame --enable-libvidstab --enable-libvorbis --enable-libvpx --enable-libwebp --enable-libx265 --enable-libxml2 --enable-libxvid --enable-libzimg --enable-openal --enable-opencl --enable-opengl --disable-sndio --enable-libvpl --disable-libmfx --enable-libdc1394 --enable-libdrm --enable-libiec61883 --enable-chromaprint --enable-frei0r --enable-ladspa --enable-libbluray --enable-libjack --enable-libpulse --enable-librabbitmq --enable-librist --enable-libsrt --enable-libssh --enable-libsvtav1 --enable-libx264 --enable-libzmq --enable-libzvbi --enable-lv2 --enable-sdl2 --enable-libplacebo --enable-librav1e --enable-pocketsphinx --enable-librsvg --enable-libjxl --enable-shared
  libavutil      58. 29.100 / 58. 29.100
  libavcodec     60. 31.102 / 60. 31.102
  libavformat    60. 16.100 / 60. 16.100
  libavdevice    60.  3.100 / 60.  3.100
  libavfilter     9. 12.100 /  9. 12.100
  libswscale      7.  5.100 /  7.  5.100
  libswresample   4. 12.100 /  4. 12.100
  libpostproc    57.  3.100 / 57.  3.100
Input #0, mov,mp4,m4a,3gp,3g2,mj2, from 'https://github.com/Prembty12/premx-editor/releases/download/v1.0.87/Escape.from.Atlas.High.Security.Prison35.mp4':
  Metadata:
    major_brand     : isom
    minor_version   : 512
    compatible_brands: isomiso2avc1mp41
    title           : Escape.from.Atlas.High.Security.Prison35
    artist          : PremxGamer
    encoder         : Lavf60.16.100
  Duration: 00:00:56.40, start: 0.000000, bitrate: 12364 kb/s
  Stream #0:0[0x1](und): Video: h264 (High) (avc1 / 0x31637661), yuv420p(tv, unknown/bt709/bt709, progressive), 1080x1350 [SAR 1:1 DAR 4:5], 12160 kb/s, 30 fps, 30 tbr, 15360 tbn (default)
    Metadata:
      handler_name    : VideoHandler
      vendor_id       : [0][0][0][0]
      encoder         : Lavc60.31.102 libx264
  Stream #0:1[0x2](und): Audio: aac (LC) (mp4a / 0x6134706D), 48000 Hz, stereo, fltp, 195 kb/s (default)
    Metadata:
      handler_name    : SoundHandler
      vendor_id       : [0][0][0][0]
Stream mapping:
  Stream #0:0 -> #0:0 (h264 (native) -> mjpeg (native))
Press [q] to stop, [?] for help
[swscaler @ 0x5570f8fd07c0] deprecated pixel format used, make sure you did set range correctly
    Last message repeated 3 times
Output #0, image2, to 'temp_frames/frame_48.jpg':
  Metadata:
    major_brand     : isom
    minor_version   : 512
    compatible_brands: isomiso2avc1mp41
    title           : Escape.from.Atlas.High.Security.Prison35
    artist          : PremxGamer
    encoder         : Lavf60.16.100
  Stream #0:0(und): Video: mjpeg, yuvj420p(pc, unknown/bt709/bt709, progressive), 1080x1350 [SAR 1:1 DAR 4:5], q=2-31, 200 kb/s, 30 fps, 30 tbn (default)
    Metadata:
      handler_name    : VideoHandler
      vendor_id       : [0][0][0][0]
      encoder         : Lavc60.31.102 mjpeg
    Side data:
      cpb: bitrate max/min/avg: 0/0/200000 buffer size: 0 vbv_delay: N/A
frame=    0 fps=0.0 q=2.0 size=       0kB time=00:00:00.00 bitrate=N/A dup=1 drop=0 speed=   0x    [image2 @ 0x5570f9137ec0] The specified filename 'temp_frames/frame_48.jpg' does not contain an image sequence pattern or a pattern is invalid.
[image2 @ 0x5570f9137ec0] Use a pattern such as %03d for an image sequence or use the -update option (with -frames:v 1 if needed) to write a single image.
[out#0/image2 @ 0x5570f8f0ac80] video:167kB audio:0kB subtitle:0kB other streams:0kB global headers:0kB muxing overhead: unknown
frame=    1 fps=0.0 q=2.0 Lsize=N/A time=00:00:00.00 bitrate=N/A dup=1 drop=0 speed=   0x    
ffmpeg version 6.1.1-3ubuntu5 Copyright (c) 2000-2023 the FFmpeg developers
  built with gcc 13 (Ubuntu 13.2.0-23ubuntu3)
  configuration: --prefix=/usr --extra-version=3ubuntu5 --toolchain=hardened --libdir=/usr/lib/x86_64-linux-gnu --incdir=/usr/include/x86_64-linux-gnu --arch=amd64 --enable-gpl --disable-stripping --disable-omx --enable-gnutls --enable-libaom --enable-libass --enable-libbs2b --enable-libcaca --enable-libcdio --enable-libcodec2 --enable-libdav1d --enable-libflite --enable-libfontconfig --enable-libfreetype --enable-libfribidi --enable-libglslang --enable-libgme --enable-libgsm --enable-libharfbuzz --enable-libmp3lame --enable-libmysofa --enable-libopenjpeg --enable-libopenmpt --enable-libopus --enable-librubberband --enable-libshine --enable-libsnappy --enable-libsoxr --enable-libspeex --enable-libtheora --enable-libtwolame --enable-libvidstab --enable-libvorbis --enable-libvpx --enable-libwebp --enable-libx265 --enable-libxml2 --enable-libxvid --enable-libzimg --enable-openal --enable-opencl --enable-opengl --disable-sndio --enable-libvpl --disable-libmfx --enable-libdc1394 --enable-libdrm --enable-libiec61883 --enable-chromaprint --enable-frei0r --enable-ladspa --enable-libbluray --enable-libjack --enable-libpulse --enable-librabbitmq --enable-librist --enable-libsrt --enable-libssh --enable-libsvtav1 --enable-libx264 --enable-libzmq --enable-libzvbi --enable-lv2 --enable-sdl2 --enable-libplacebo --enable-librav1e --enable-pocketsphinx --enable-librsvg --enable-libjxl --enable-shared
  libavutil      58. 29.100 / 58. 29.100
  libavcodec     60. 31.102 / 60. 31.102
  libavformat    60. 16.100 / 60. 16.100
  libavdevice    60.  3.100 / 60.  3.100
  libavfilter     9. 12.100 /  9. 12.100
  libswscale      7.  5.100 /  7.  5.100
  libswresample   4. 12.100 /  4. 12.100
  libpostproc    57.  3.100 / 57.  3.100
Input #0, mov,mp4,m4a,3gp,3g2,mj2, from 'https://github.com/Prembty12/premx-editor/releases/download/v1.0.87/Escape.from.Atlas.High.Security.Prison35.mp4':
  Metadata:
    major_brand     : isom
    minor_version   : 512
    compatible_brands: isomiso2avc1mp41
    title           : Escape.from.Atlas.High.Security.Prison35
    artist          : PremxGamer
    encoder         : Lavf60.16.100
  Duration: 00:00:56.40, start: 0.000000, bitrate: 12364 kb/s
  Stream #0:0[0x1](und): Video: h264 (High) (avc1 / 0x31637661), yuv420p(tv, unknown/bt709/bt709, progressive), 1080x1350 [SAR 1:1 DAR 4:5], 12160 kb/s, 30 fps, 30 tbr, 15360 tbn (default)
    Metadata:
      handler_name    : VideoHandler
      vendor_id       : [0][0][0][0]
      encoder         : Lavc60.31.102 libx264
  Stream #0:1[0x2](und): Audio: aac (LC) (mp4a / 0x6134706D), 48000 Hz, stereo, fltp, 195 kb/s (default)
    Metadata:
      handler_name    : SoundHandler
      vendor_id       : [0][0][0][0]
Stream mapping:
  Stream #0:0 -> #0:0 (h264 (native) -> mjpeg (native))
Press [q] to stop, [?] for help
[swscaler @ 0x55f67802e7c0] deprecated pixel format used, make sure you did set range correctly
    Last message repeated 3 times
Output #0, image2, to 'temp_frames/frame_49.jpg':
  Metadata:
    major_brand     : isom
    minor_version   : 512
    compatible_brands: isomiso2avc1mp41
    title           : Escape.from.Atlas.High.Security.Prison35
    artist          : PremxGamer
    encoder         : Lavf60.16.100
  Stream #0:0(und): Video: mjpeg, yuvj420p(pc, unknown/bt709/bt709, progressive), 1080x1350 [SAR 1:1 DAR 4:5], q=2-31, 200 kb/s, 30 fps, 30 tbn (default)
    Metadata:
      handler_name    : VideoHandler
      vendor_id       : [0][0][0][0]
      encoder         : Lavc60.31.102 mjpeg
    Side data:
      cpb: bitrate max/min/avg: 0/0/200000 buffer size: 0 vbv_delay: N/A
frame=    0 fps=0.0 q=2.0 size=       0kB time=00:00:00.00 bitrate=N/A dup=1 drop=0 speed=   0x    [image2 @ 0x55f678195ec0] The specified filename 'temp_frames/frame_49.jpg' does not contain an image sequence pattern or a pattern is invalid.
[image2 @ 0x55f678195ec0] Use a pattern such as %03d for an image sequence or use the -update option (with -frames:v 1 if needed) to write a single image.
[out#0/image2 @ 0x55f677f68c80] video:174kB audio:0kB subtitle:0kB other streams:0kB global headers:0kB muxing overhead: unknown
frame=    1 fps=0.0 q=2.0 Lsize=N/A time=00:00:00.00 bitrate=N/A dup=1 drop=0 speed=   0x    
ffmpeg version 6.1.1-3ubuntu5 Copyright (c) 2000-2023 the FFmpeg developers
  built with gcc 13 (Ubuntu 13.2.0-23ubuntu3)
  configuration: --prefix=/usr --extra-version=3ubuntu5 --toolchain=hardened --libdir=/usr/lib/x86_64-linux-gnu --incdir=/usr/include/x86_64-linux-gnu --arch=amd64 --enable-gpl --disable-stripping --disable-omx --enable-gnutls --enable-libaom --enable-libass --enable-libbs2b --enable-libcaca --enable-libcdio --enable-libcodec2 --enable-libdav1d --enable-libflite --enable-libfontconfig --enable-libfreetype --enable-libfribidi --enable-libglslang --enable-libgme --enable-libgsm --enable-libharfbuzz --enable-libmp3lame --enable-libmysofa --enable-libopenjpeg --enable-libopenmpt --enable-libopus --enable-librubberband --enable-libshine --enable-libsnappy --enable-libsoxr --enable-libspeex --enable-libtheora --enable-libtwolame --enable-libvidstab --enable-libvorbis --enable-libvpx --enable-libwebp --enable-libx265 --enable-libxml2 --enable-libxvid --enable-libzimg --enable-openal --enable-opencl --enable-opengl --disable-sndio --enable-libvpl --disable-libmfx --enable-libdc1394 --enable-libdrm --enable-libiec61883 --enable-chromaprint --enable-frei0r --enable-ladspa --enable-libbluray --enable-libjack --enable-libpulse --enable-librabbitmq --enable-librist --enable-libsrt --enable-libssh --enable-libsvtav1 --enable-libx264 --enable-libzmq --enable-libzvbi --enable-lv2 --enable-sdl2 --enable-libplacebo --enable-librav1e --enable-pocketsphinx --enable-librsvg --enable-libjxl --enable-shared
  libavutil      58. 29.100 / 58. 29.100
  libavcodec     60. 31.102 / 60. 31.102
  libavformat    60. 16.100 / 60. 16.100
  libavdevice    60.  3.100 / 60.  3.100
  libavfilter     9. 12.100 /  9. 12.100
  libswscale      7.  5.100 /  7.  5.100
  libswresample   4. 12.100 /  4. 12.100
  libpostproc    57.  3.100 / 57.  3.100
Input #0, mov,mp4,m4a,3gp,3g2,mj2, from 'https://github.com/Prembty12/premx-editor/releases/download/v1.0.87/Escape.from.Atlas.High.Security.Prison35.mp4':
  Metadata:
    major_brand     : isom
    minor_version   : 512
    compatible_brands: isomiso2avc1mp41
    title           : Escape.from.Atlas.High.Security.Prison35
    artist          : PremxGamer
    encoder         : Lavf60.16.100
  Duration: 00:00:56.40, start: 0.000000, bitrate: 12364 kb/s
  Stream #0:0[0x1](und): Video: h264 (High) (avc1 / 0x31637661), yuv420p(tv, unknown/bt709/bt709, progressive), 1080x1350 [SAR 1:1 DAR 4:5], 12160 kb/s, 30 fps, 30 tbr, 15360 tbn (default)
    Metadata:
      handler_name    : VideoHandler
      vendor_id       : [0][0][0][0]
      encoder         : Lavc60.31.102 libx264
  Stream #0:1[0x2](und): Audio: aac (LC) (mp4a / 0x6134706D), 48000 Hz, stereo, fltp, 195 kb/s (default)
    Metadata:
      handler_name    : SoundHandler
      vendor_id       : [0][0][0][0]
Stream mapping:
  Stream #0:0 -> #0:0 (h264 (native) -> mjpeg (native))
Press [q] to stop, [?] for help
[swscaler @ 0x55a67dce37c0] deprecated pixel format used, make sure you did set range correctly
    Last message repeated 3 times
Output #0, image2, to 'temp_frames/frame_50.jpg':
  Metadata:
    major_brand     : isom
    minor_version   : 512
    compatible_brands: isomiso2avc1mp41
    title           : Escape.from.Atlas.High.Security.Prison35
    artist          : PremxGamer
    encoder         : Lavf60.16.100
  Stream #0:0(und): Video: mjpeg, yuvj420p(pc, unknown/bt709/bt709, progressive), 1080x1350 [SAR 1:1 DAR 4:5], q=2-31, 200 kb/s, 30 fps, 30 tbn (default)
    Metadata:
      handler_name    : VideoHandler
      vendor_id       : [0][0][0][0]
      encoder         : Lavc60.31.102 mjpeg
    Side data:
      cpb: bitrate max/min/avg: 0/0/200000 buffer size: 0 vbv_delay: N/A
[image2 @ 0x55a67de4aec0] The specified filename 'temp_frames/frame_50.jpg' does not contain an image sequence pattern or a pattern is invalid.
[image2 @ 0x55a67de4aec0] Use a pattern such as %03d for an image sequence or use the -update option (with -frames:v 1 if needed) to write a single image.
frame=    1 fps=0.0 q=2.0 size=N/A time=00:00:00.00 bitrate=N/A speed=   0x    [out#0/image2 @ 0x55a67dc1dc80] video:165kB audio:0kB subtitle:0kB other streams:0kB global headers:0kB muxing overhead: unknown
frame=    1 fps=0.0 q=2.0 Lsize=N/A time=00:00:00.00 bitrate=N/A speed=   0x    
ffmpeg version 6.1.1-3ubuntu5 Copyright (c) 2000-2023 the FFmpeg developers
  built with gcc 13 (Ubuntu 13.2.0-23ubuntu3)
  configuration: --prefix=/usr --extra-version=3ubuntu5 --toolchain=hardened --libdir=/usr/lib/x86_64-linux-gnu --incdir=/usr/include/x86_64-linux-gnu --arch=amd64 --enable-gpl --disable-stripping --disable-omx --enable-gnutls --enable-libaom --enable-libass --enable-libbs2b --enable-libcaca --enable-libcdio --enable-libcodec2 --enable-libdav1d --enable-libflite --enable-libfontconfig --enable-libfreetype --enable-libfribidi --enable-libglslang --enable-libgme --enable-libgsm --enable-libharfbuzz --enable-libmp3lame --enable-libmysofa --enable-libopenjpeg --enable-libopenmpt --enable-libopus --enable-librubberband --enable-libshine --enable-libsnappy --enable-libsoxr --enable-libspeex --enable-libtheora --enable-libtwolame --enable-libvidstab --enable-libvorbis --enable-libvpx --enable-libwebp --enable-libx265 --enable-libxml2 --enable-libxvid --enable-libzimg --enable-openal --enable-opencl --enable-opengl --disable-sndio --enable-libvpl --disable-libmfx --enable-libdc1394 --enable-libdrm --enable-libiec61883 --enable-chromaprint --enable-frei0r --enable-ladspa --enable-libbluray --enable-libjack --enable-libpulse --enable-librabbitmq --enable-librist --enable-libsrt --enable-libssh --enable-libsvtav1 --enable-libx264 --enable-libzmq --enable-libzvbi --enable-lv2 --enable-sdl2 --enable-libplacebo --enable-librav1e --enable-pocketsphinx --enable-librsvg --enable-libjxl --enable-shared
  libavutil      58. 29.100 / 58. 29.100
  libavcodec     60. 31.102 / 60. 31.102
  libavformat    60. 16.100 / 60. 16.100
  libavdevice    60.  3.100 / 60.  3.100
  libavfilter     9. 12.100 /  9. 12.100
  libswscale      7.  5.100 /  7.  5.100
  libswresample   4. 12.100 /  4. 12.100
  libpostproc    57.  3.100 / 57.  3.100
Input #0, mov,mp4,m4a,3gp,3g2,mj2, from 'https://github.com/Prembty12/premx-editor/releases/download/v1.0.87/Escape.from.Atlas.High.Security.Prison35.mp4':
  Metadata:
    major_brand     : isom
    minor_version   : 512
    compatible_brands: isomiso2avc1mp41
    title           : Escape.from.Atlas.High.Security.Prison35
    artist          : PremxGamer
    encoder         : Lavf60.16.100
  Duration: 00:00:56.40, start: 0.000000, bitrate: 12364 kb/s
  Stream #0:0[0x1](und): Video: h264 (High) (avc1 / 0x31637661), yuv420p(tv, unknown/bt709/bt709, progressive), 1080x1350 [SAR 1:1 DAR 4:5], 12160 kb/s, 30 fps, 30 tbr, 15360 tbn (default)
    Metadata:
      handler_name    : VideoHandler
      vendor_id       : [0][0][0][0]
      encoder         : Lavc60.31.102 libx264
  Stream #0:1[0x2](und): Audio: aac (LC) (mp4a / 0x6134706D), 48000 Hz, stereo, fltp, 195 kb/s (default)
    Metadata:
      handler_name    : SoundHandler
      vendor_id       : [0][0][0][0]
Stream mapping:
  Stream #0:0 -> #0:0 (h264 (native) -> mjpeg (native))
Press [q] to stop, [?] for help
[swscaler @ 0x5621fb64a7c0] deprecated pixel format used, make sure you did set range correctly
    Last message repeated 3 times
Output #0, image2, to 'temp_frames/frame_51.jpg':
  Metadata:
    major_brand     : isom
    minor_version   : 512
    compatible_brands: isomiso2avc1mp41
    title           : Escape.from.Atlas.High.Security.Prison35
    artist          : PremxGamer
    encoder         : Lavf60.16.100
  Stream #0:0(und): Video: mjpeg, yuvj420p(pc, unknown/bt709/bt709, progressive), 1080x1350 [SAR 1:1 DAR 4:5], q=2-31, 200 kb/s, 30 fps, 30 tbn (default)
    Metadata:
      handler_name    : VideoHandler
      vendor_id       : [0][0][0][0]
      encoder         : Lavc60.31.102 mjpeg
    Side data:
      cpb: bitrate max/min/avg: 0/0/200000 buffer size: 0 vbv_delay: N/A
frame=    0 fps=0.0 q=2.0 size=       0kB time=00:00:00.00 bitrate=N/A dup=1 drop=0 speed=   0x    [image2 @ 0x5621fb7b1ec0] The specified filename 'temp_frames/frame_51.jpg' does not contain an image sequence pattern or a pattern is invalid.
[image2 @ 0x5621fb7b1ec0] Use a pattern such as %03d for an image sequence or use the -update option (with -frames:v 1 if needed) to write a single image.
[out#0/image2 @ 0x5621fb584c80] video:170kB audio:0kB subtitle:0kB other streams:0kB global headers:0kB muxing overhead: unknown
frame=    1 fps=0.0 q=2.0 Lsize=N/A time=00:00:00.00 bitrate=N/A dup=1 drop=0 speed=   0x    
ffmpeg version 6.1.1-3ubuntu5 Copyright (c) 2000-2023 the FFmpeg developers
  built with gcc 13 (Ubuntu 13.2.0-23ubuntu3)
  configuration: --prefix=/usr --extra-version=3ubuntu5 --toolchain=hardened --libdir=/usr/lib/x86_64-linux-gnu --incdir=/usr/include/x86_64-linux-gnu --arch=amd64 --enable-gpl --disable-stripping --disable-omx --enable-gnutls --enable-libaom --enable-libass --enable-libbs2b --enable-libcaca --enable-libcdio --enable-libcodec2 --enable-libdav1d --enable-libflite --enable-libfontconfig --enable-libfreetype --enable-libfribidi --enable-libglslang --enable-libgme --enable-libgsm --enable-libharfbuzz --enable-libmp3lame --enable-libmysofa --enable-libopenjpeg --enable-libopenmpt --enable-libopus --enable-librubberband --enable-libshine --enable-libsnappy --enable-libsoxr --enable-libspeex --enable-libtheora --enable-libtwolame --enable-libvidstab --enable-libvorbis --enable-libvpx --enable-libwebp --enable-libx265 --enable-libxml2 --enable-libxvid --enable-libzimg --enable-openal --enable-opencl --enable-opengl --disable-sndio --enable-libvpl --disable-libmfx --enable-libdc1394 --enable-libdrm --enable-libiec61883 --enable-chromaprint --enable-frei0r --enable-ladspa --enable-libbluray --enable-libjack --enable-libpulse --enable-librabbitmq --enable-librist --enable-libsrt --enable-libssh --enable-libsvtav1 --enable-libx264 --enable-libzmq --enable-libzvbi --enable-lv2 --enable-sdl2 --enable-libplacebo --enable-librav1e --enable-pocketsphinx --enable-librsvg --enable-libjxl --enable-shared
  libavutil      58. 29.100 / 58. 29.100
  libavcodec     60. 31.102 / 60. 31.102
  libavformat    60. 16.100 / 60. 16.100
  libavdevice    60.  3.100 / 60.  3.100
  libavfilter     9. 12.100 /  9. 12.100
  libswscale      7.  5.100 /  7.  5.100
  libswresample   4. 12.100 /  4. 12.100
  libpostproc    57.  3.100 / 57.  3.100
Input #0, mov,mp4,m4a,3gp,3g2,mj2, from 'https://github.com/Prembty12/premx-editor/releases/download/v1.0.87/Escape.from.Atlas.High.Security.Prison35.mp4':
  Metadata:
    major_brand     : isom
    minor_version   : 512
    compatible_brands: isomiso2avc1mp41
    title           : Escape.from.Atlas.High.Security.Prison35
    artist          : PremxGamer
    encoder         : Lavf60.16.100
  Duration: 00:00:56.40, start: 0.000000, bitrate: 12364 kb/s
  Stream #0:0[0x1](und): Video: h264 (High) (avc1 / 0x31637661), yuv420p(tv, unknown/bt709/bt709, progressive), 1080x1350 [SAR 1:1 DAR 4:5], 12160 kb/s, 30 fps, 30 tbr, 15360 tbn (default)
    Metadata:
      handler_name    : VideoHandler
      vendor_id       : [0][0][0][0]
      encoder         : Lavc60.31.102 libx264
  Stream #0:1[0x2](und): Audio: aac (LC) (mp4a / 0x6134706D), 48000 Hz, stereo, fltp, 195 kb/s (default)
    Metadata:
      handler_name    : SoundHandler
      vendor_id       : [0][0][0][0]
Stream mapping:
  Stream #0:0 -> #0:0 (h264 (native) -> mjpeg (native))
Press [q] to stop, [?] for help
[swscaler @ 0x556019de97c0] deprecated pixel format used, make sure you did set range correctly
    Last message repeated 3 times
Output #0, image2, to 'temp_frames/frame_52.jpg':
  Metadata:
    major_brand     : isom
    minor_version   : 512
    compatible_brands: isomiso2avc1mp41
    title           : Escape.from.Atlas.High.Security.Prison35
    artist          : PremxGamer
    encoder         : Lavf60.16.100
  Stream #0:0(und): Video: mjpeg, yuvj420p(pc, unknown/bt709/bt709, progressive), 1080x1350 [SAR 1:1 DAR 4:5], q=2-31, 200 kb/s, 30 fps, 30 tbn (default)
    Metadata:
      handler_name    : VideoHandler
      vendor_id       : [0][0][0][0]
      encoder         : Lavc60.31.102 mjpeg
    Side data:
      cpb: bitrate max/min/avg: 0/0/200000 buffer size: 0 vbv_delay: N/A
frame=    0 fps=0.0 q=2.0 size=       0kB time=00:00:00.00 bitrate=N/A speed=   0x    [image2 @ 0x556019f50ec0] The specified filename 'temp_frames/frame_52.jpg' does not contain an image sequence pattern or a pattern is invalid.
[image2 @ 0x556019f50ec0] Use a pattern such as %03d for an image sequence or use the -update option (with -frames:v 1 if needed) to write a single image.
[out#0/image2 @ 0x556019d23c80] video:201kB audio:0kB subtitle:0kB other streams:0kB global headers:0kB muxing overhead: unknown
frame=    1 fps=0.0 q=2.0 Lsize=N/A time=00:00:00.00 bitrate=N/A speed=   0x    
ffmpeg version 6.1.1-3ubuntu5 Copyright (c) 2000-2023 the FFmpeg developers
  built with gcc 13 (Ubuntu 13.2.0-23ubuntu3)
  configuration: --prefix=/usr --extra-version=3ubuntu5 --toolchain=hardened --libdir=/usr/lib/x86_64-linux-gnu --incdir=/usr/include/x86_64-linux-gnu --arch=amd64 --enable-gpl --disable-stripping --disable-omx --enable-gnutls --enable-libaom --enable-libass --enable-libbs2b --enable-libcaca --enable-libcdio --enable-libcodec2 --enable-libdav1d --enable-libflite --enable-libfontconfig --enable-libfreetype --enable-libfribidi --enable-libglslang --enable-libgme --enable-libgsm --enable-libharfbuzz --enable-libmp3lame --enable-libmysofa --enable-libopenjpeg --enable-libopenmpt --enable-libopus --enable-librubberband --enable-libshine --enable-libsnappy --enable-libsoxr --enable-libspeex --enable-libtheora --enable-libtwolame --enable-libvidstab --enable-libvorbis --enable-libvpx --enable-libwebp --enable-libx265 --enable-libxml2 --enable-libxvid --enable-libzimg --enable-openal --enable-opencl --enable-opengl --disable-sndio --enable-libvpl --disable-libmfx --enable-libdc1394 --enable-libdrm --enable-libiec61883 --enable-chromaprint --enable-frei0r --enable-ladspa --enable-libbluray --enable-libjack --enable-libpulse --enable-librabbitmq --enable-librist --enable-libsrt --enable-libssh --enable-libsvtav1 --enable-libx264 --enable-libzmq --enable-libzvbi --enable-lv2 --enable-sdl2 --enable-libplacebo --enable-librav1e --enable-pocketsphinx --enable-librsvg --enable-libjxl --enable-shared
  libavutil      58. 29.100 / 58. 29.100
  libavcodec     60. 31.102 / 60. 31.102
  libavformat    60. 16.100 / 60. 16.100
  libavdevice    60.  3.100 / 60.  3.100
  libavfilter     9. 12.100 /  9. 12.100
  libswscale      7.  5.100 /  7.  5.100
  libswresample   4. 12.100 /  4. 12.100
  libpostproc    57.  3.100 / 57.  3.100
Input #0, mov,mp4,m4a,3gp,3g2,mj2, from 'https://github.com/Prembty12/premx-editor/releases/download/v1.0.87/Escape.from.Atlas.High.Security.Prison35.mp4':
  Metadata:
    major_brand     : isom
    minor_version   : 512
    compatible_brands: isomiso2avc1mp41
    title           : Escape.from.Atlas.High.Security.Prison35
    artist          : PremxGamer
    encoder         : Lavf60.16.100
  Duration: 00:00:56.40, start: 0.000000, bitrate: 12364 kb/s
  Stream #0:0[0x1](und): Video: h264 (High) (avc1 / 0x31637661), yuv420p(tv, unknown/bt709/bt709, progressive), 1080x1350 [SAR 1:1 DAR 4:5], 12160 kb/s, 30 fps, 30 tbr, 15360 tbn (default)
    Metadata:
      handler_name    : VideoHandler
      vendor_id       : [0][0][0][0]
      encoder         : Lavc60.31.102 libx264
  Stream #0:1[0x2](und): Audio: aac (LC) (mp4a / 0x6134706D), 48000 Hz, stereo, fltp, 195 kb/s (default)
    Metadata:
      handler_name    : SoundHandler
      vendor_id       : [0][0][0][0]
Stream mapping:
  Stream #0:0 -> #0:0 (h264 (native) -> mjpeg (native))
Press [q] to stop, [?] for help
[swscaler @ 0x55f68c9fd7c0] deprecated pixel format used, make sure you did set range correctly
    Last message repeated 3 times
Output #0, image2, to 'temp_frames/frame_53.jpg':
  Metadata:
    major_brand     : isom
    minor_version   : 512
    compatible_brands: isomiso2avc1mp41
    title           : Escape.from.Atlas.High.Security.Prison35
    artist          : PremxGamer
    encoder         : Lavf60.16.100
  Stream #0:0(und): Video: mjpeg, yuvj420p(pc, unknown/bt709/bt709, progressive), 1080x1350 [SAR 1:1 DAR 4:5], q=2-31, 200 kb/s, 30 fps, 30 tbn (default)
    Metadata:
      handler_name    : VideoHandler
      vendor_id       : [0][0][0][0]
      encoder         : Lavc60.31.102 mjpeg
    Side data:
      cpb: bitrate max/min/avg: 0/0/200000 buffer size: 0 vbv_delay: N/A
frame=    0 fps=0.0 q=2.0 size=       0kB time=00:00:00.00 bitrate=N/A speed=   0x    [image2 @ 0x55f68cb64ec0] The specified filename 'temp_frames/frame_53.jpg' does not contain an image sequence pattern or a pattern is invalid.
[image2 @ 0x55f68cb64ec0] Use a pattern such as %03d for an image sequence or use the -update option (with -frames:v 1 if needed) to write a single image.
[out#0/image2 @ 0x55f68c937c80] video:206kB audio:0kB subtitle:0kB other streams:0kB global headers:0kB muxing overhead: unknown
frame=    1 fps=0.0 q=2.0 Lsize=N/A time=00:00:00.00 bitrate=N/A speed=   0x    
ffmpeg version 6.1.1-3ubuntu5 Copyright (c) 2000-2023 the FFmpeg developers
  built with gcc 13 (Ubuntu 13.2.0-23ubuntu3)
  configuration: --prefix=/usr --extra-version=3ubuntu5 --toolchain=hardened --libdir=/usr/lib/x86_64-linux-gnu --incdir=/usr/include/x86_64-linux-gnu --arch=amd64 --enable-gpl --disable-stripping --disable-omx --enable-gnutls --enable-libaom --enable-libass --enable-libbs2b --enable-libcaca --enable-libcdio --enable-libcodec2 --enable-libdav1d --enable-libflite --enable-libfontconfig --enable-libfreetype --enable-libfribidi --enable-libglslang --enable-libgme --enable-libgsm --enable-libharfbuzz --enable-libmp3lame --enable-libmysofa --enable-libopenjpeg --enable-libopenmpt --enable-libopus --enable-librubberband --enable-libshine --enable-libsnappy --enable-libsoxr --enable-libspeex --enable-libtheora --enable-libtwolame --enable-libvidstab --enable-libvorbis --enable-libvpx --enable-libwebp --enable-libx265 --enable-libxml2 --enable-libxvid --enable-libzimg --enable-openal --enable-opencl --enable-opengl --disable-sndio --enable-libvpl --disable-libmfx --enable-libdc1394 --enable-libdrm --enable-libiec61883 --enable-chromaprint --enable-frei0r --enable-ladspa --enable-libbluray --enable-libjack --enable-libpulse --enable-librabbitmq --enable-librist --enable-libsrt --enable-libssh --enable-libsvtav1 --enable-libx264 --enable-libzmq --enable-libzvbi --enable-lv2 --enable-sdl2 --enable-libplacebo --enable-librav1e --enable-pocketsphinx --enable-librsvg --enable-libjxl --enable-shared
  libavutil      58. 29.100 / 58. 29.100
  libavcodec     60. 31.102 / 60. 31.102
  libavformat    60. 16.100 / 60. 16.100
  libavdevice    60.  3.100 / 60.  3.100
  libavfilter     9. 12.100 /  9. 12.100
  libswscale      7.  5.100 /  7.  5.100
  libswresample   4. 12.100 /  4. 12.100
  libpostproc    57.  3.100 / 57.  3.100
Input #0, mov,mp4,m4a,3gp,3g2,mj2, from 'https://github.com/Prembty12/premx-editor/releases/download/v1.0.87/Escape.from.Atlas.High.Security.Prison35.mp4':
  Metadata:
    major_brand     : isom
    minor_version   : 512
    compatible_brands: isomiso2avc1mp41
    title           : Escape.from.Atlas.High.Security.Prison35
    artist          : PremxGamer
    encoder         : Lavf60.16.100
  Duration: 00:00:56.40, start: 0.000000, bitrate: 12364 kb/s
  Stream #0:0[0x1](und): Video: h264 (High) (avc1 / 0x31637661), yuv420p(tv, unknown/bt709/bt709, progressive), 1080x1350 [SAR 1:1 DAR 4:5], 12160 kb/s, 30 fps, 30 tbr, 15360 tbn (default)
    Metadata:
      handler_name    : VideoHandler
      vendor_id       : [0][0][0][0]
      encoder         : Lavc60.31.102 libx264
  Stream #0:1[0x2](und): Audio: aac (LC) (mp4a / 0x6134706D), 48000 Hz, stereo, fltp, 195 kb/s (default)
    Metadata:
      handler_name    : SoundHandler
      vendor_id       : [0][0][0][0]
Stream mapping:
  Stream #0:0 -> #0:0 (h264 (native) -> mjpeg (native))
Press [q] to stop, [?] for help
[swscaler @ 0x557ac98c87c0] deprecated pixel format used, make sure you did set range correctly
    Last message repeated 3 times
Output #0, image2, to 'temp_frames/frame_54.jpg':
  Metadata:
    major_brand     : isom
    minor_version   : 512
    compatible_brands: isomiso2avc1mp41
    title           : Escape.from.Atlas.High.Security.Prison35
    artist          : PremxGamer
    encoder         : Lavf60.16.100
  Stream #0:0(und): Video: mjpeg, yuvj420p(pc, unknown/bt709/bt709, progressive), 1080x1350 [SAR 1:1 DAR 4:5], q=2-31, 200 kb/s, 30 fps, 30 tbn (default)
    Metadata:
      handler_name    : VideoHandler
      vendor_id       : [0][0][0][0]
      encoder         : Lavc60.31.102 mjpeg
    Side data:
      cpb: bitrate max/min/avg: 0/0/200000 buffer size: 0 vbv_delay: N/A
frame=    0 fps=0.0 q=2.0 size=       0kB time=00:00:00.00 bitrate=N/A dup=1 drop=0 speed=   0x    [image2 @ 0x557ac9a2fec0] The specified filename 'temp_frames/frame_54.jpg' does not contain an image sequence pattern or a pattern is invalid.
[image2 @ 0x557ac9a2fec0] Use a pattern such as %03d for an image sequence or use the -update option (with -frames:v 1 if needed) to write a single image.
[out#0/image2 @ 0x557ac9802c80] video:211kB audio:0kB subtitle:0kB other streams:0kB global headers:0kB muxing overhead: unknown
frame=    1 fps=0.0 q=2.0 Lsize=N/A time=00:00:00.00 bitrate=N/A dup=1 drop=0 speed=   0x    
ffmpeg version 6.1.1-3ubuntu5 Copyright (c) 2000-2023 the FFmpeg developers
  built with gcc 13 (Ubuntu 13.2.0-23ubuntu3)
  configuration: --prefix=/usr --extra-version=3ubuntu5 --toolchain=hardened --libdir=/usr/lib/x86_64-linux-gnu --incdir=/usr/include/x86_64-linux-gnu --arch=amd64 --enable-gpl --disable-stripping --disable-omx --enable-gnutls --enable-libaom --enable-libass --enable-libbs2b --enable-libcaca --enable-libcdio --enable-libcodec2 --enable-libdav1d --enable-libflite --enable-libfontconfig --enable-libfreetype --enable-libfribidi --enable-libglslang --enable-libgme --enable-libgsm --enable-libharfbuzz --enable-libmp3lame --enable-libmysofa --enable-libopenjpeg --enable-libopenmpt --enable-libopus --enable-librubberband --enable-libshine --enable-libsnappy --enable-libsoxr --enable-libspeex --enable-libtheora --enable-libtwolame --enable-libvidstab --enable-libvorbis --enable-libvpx --enable-libwebp --enable-libx265 --enable-libxml2 --enable-libxvid --enable-libzimg --enable-openal --enable-opencl --enable-opengl --disable-sndio --enable-libvpl --disable-libmfx --enable-libdc1394 --enable-libdrm --enable-libiec61883 --enable-chromaprint --enable-frei0r --enable-ladspa --enable-libbluray --enable-libjack --enable-libpulse --enable-librabbitmq --enable-librist --enable-libsrt --enable-libssh --enable-libsvtav1 --enable-libx264 --enable-libzmq --enable-libzvbi --enable-lv2 --enable-sdl2 --enable-libplacebo --enable-librav1e --enable-pocketsphinx --enable-librsvg --enable-libjxl --enable-shared
  libavutil      58. 29.100 / 58. 29.100
  libavcodec     60. 31.102 / 60. 31.102
  libavformat    60. 16.100 / 60. 16.100
  libavdevice    60.  3.100 / 60.  3.100
  libavfilter     9. 12.100 /  9. 12.100
  libswscale      7.  5.100 /  7.  5.100
  libswresample   4. 12.100 /  4. 12.100
  libpostproc    57.  3.100 / 57.  3.100
Input #0, mov,mp4,m4a,3gp,3g2,mj2, from 'https://github.com/Prembty12/premx-editor/releases/download/v1.0.87/Escape.from.Atlas.High.Security.Prison35.mp4':
  Metadata:
    major_brand     : isom
    minor_version   : 512
    compatible_brands: isomiso2avc1mp41
    title           : Escape.from.Atlas.High.Security.Prison35
    artist          : PremxGamer
    encoder         : Lavf60.16.100
  Duration: 00:00:56.40, start: 0.000000, bitrate: 12364 kb/s
  Stream #0:0[0x1](und): Video: h264 (High) (avc1 / 0x31637661), yuv420p(tv, unknown/bt709/bt709, progressive), 1080x1350 [SAR 1:1 DAR 4:5], 12160 kb/s, 30 fps, 30 tbr, 15360 tbn (default)
    Metadata:
      handler_name    : VideoHandler
      vendor_id       : [0][0][0][0]
      encoder         : Lavc60.31.102 libx264
  Stream #0:1[0x2](und): Audio: aac (LC) (mp4a / 0x6134706D), 48000 Hz, stereo, fltp, 195 kb/s (default)
    Metadata:
      handler_name    : SoundHandler
      vendor_id       : [0][0][0][0]
Stream mapping:
  Stream #0:0 -> #0:0 (h264 (native) -> mjpeg (native))
Press [q] to stop, [?] for help
[swscaler @ 0x565257d307c0] deprecated pixel format used, make sure you did set range correctly
    Last message repeated 3 times
Output #0, image2, to 'temp_frames/frame_55.jpg':
  Metadata:
    major_brand     : isom
    minor_version   : 512
    compatible_brands: isomiso2avc1mp41
    title           : Escape.from.Atlas.High.Security.Prison35
    artist          : PremxGamer
    encoder         : Lavf60.16.100
  Stream #0:0(und): Video: mjpeg, yuvj420p(pc, unknown/bt709/bt709, progressive), 1080x1350 [SAR 1:1 DAR 4:5], q=2-31, 200 kb/s, 30 fps, 30 tbn (default)
    Metadata:
      handler_name    : VideoHandler
      vendor_id       : [0][0][0][0]
      encoder         : Lavc60.31.102 mjpeg
    Side data:
      cpb: bitrate max/min/avg: 0/0/200000 buffer size: 0 vbv_delay: N/A
frame=    0 fps=0.0 q=2.0 size=       0kB time=00:00:00.00 bitrate=N/A speed=   0x    [image2 @ 0x565257e97ec0] The specified filename 'temp_frames/frame_55.jpg' does not contain an image sequence pattern or a pattern is invalid.
[image2 @ 0x565257e97ec0] Use a pattern such as %03d for an image sequence or use the -update option (with -frames:v 1 if needed) to write a single image.
[out#0/image2 @ 0x565257c6ac80] video:245kB audio:0kB subtitle:0kB other streams:0kB global headers:0kB muxing overhead: unknown
frame=    1 fps=0.0 q=2.0 Lsize=N/A time=00:00:00.00 bitrate=N/A speed=   0x    
ffmpeg version 6.1.1-3ubuntu5 Copyright (c) 2000-2023 the FFmpeg developers
  built with gcc 13 (Ubuntu 13.2.0-23ubuntu3)
  configuration: --prefix=/usr --extra-version=3ubuntu5 --toolchain=hardened --libdir=/usr/lib/x86_64-linux-gnu --incdir=/usr/include/x86_64-linux-gnu --arch=amd64 --enable-gpl --disable-stripping --disable-omx --enable-gnutls --enable-libaom --enable-libass --enable-libbs2b --enable-libcaca --enable-libcdio --enable-libcodec2 --enable-libdav1d --enable-libflite --enable-libfontconfig --enable-libfreetype --enable-libfribidi --enable-libglslang --enable-libgme --enable-libgsm --enable-libharfbuzz --enable-libmp3lame --enable-libmysofa --enable-libopenjpeg --enable-libopenmpt --enable-libopus --enable-librubberband --enable-libshine --enable-libsnappy --enable-libsoxr --enable-libspeex --enable-libtheora --enable-libtwolame --enable-libvidstab --enable-libvorbis --enable-libvpx --enable-libwebp --enable-libx265 --enable-libxml2 --enable-libxvid --enable-libzimg --enable-openal --enable-opencl --enable-opengl --disable-sndio --enable-libvpl --disable-libmfx --enable-libdc1394 --enable-libdrm --enable-libiec61883 --enable-chromaprint --enable-frei0r --enable-ladspa --enable-libbluray --enable-libjack --enable-libpulse --enable-librabbitmq --enable-librist --enable-libsrt --enable-libssh --enable-libsvtav1 --enable-libx264 --enable-libzmq --enable-libzvbi --enable-lv2 --enable-sdl2 --enable-libplacebo --enable-librav1e --enable-pocketsphinx --enable-librsvg --enable-libjxl --enable-shared
  libavutil      58. 29.100 / 58. 29.100
  libavcodec     60. 31.102 / 60. 31.102
  libavformat    60. 16.100 / 60. 16.100
  libavdevice    60.  3.100 / 60.  3.100
  libavfilter     9. 12.100 /  9. 12.100
  libswscale      7.  5.100 /  7.  5.100
  libswresample   4. 12.100 /  4. 12.100
  libpostproc    57.  3.100 / 57.  3.100
Input #0, mov,mp4,m4a,3gp,3g2,mj2, from 'https://github.com/Prembty12/premx-editor/releases/download/v1.0.87/Escape.from.Atlas.High.Security.Prison35.mp4':
  Metadata:
    major_brand     : isom
    minor_version   : 512
    compatible_brands: isomiso2avc1mp41
    title           : Escape.from.Atlas.High.Security.Prison35
    artist          : PremxGamer
    encoder         : Lavf60.16.100
  Duration: 00:00:56.40, start: 0.000000, bitrate: 12364 kb/s
  Stream #0:0[0x1](und): Video: h264 (High) (avc1 / 0x31637661), yuv420p(tv, unknown/bt709/bt709, progressive), 1080x1350 [SAR 1:1 DAR 4:5], 12160 kb/s, 30 fps, 30 tbr, 15360 tbn (default)
    Metadata:
      handler_name    : VideoHandler
      vendor_id       : [0][0][0][0]
      encoder         : Lavc60.31.102 libx264
  Stream #0:1[0x2](und): Audio: aac (LC) (mp4a / 0x6134706D), 48000 Hz, stereo, fltp, 195 kb/s (default)
    Metadata:
      handler_name    : SoundHandler
      vendor_id       : [0][0][0][0]
Stream mapping:
  Stream #0:0 -> #0:0 (h264 (native) -> mjpeg (native))
Press [q] to stop, [?] for help
[swscaler @ 0x55641bba37c0] deprecated pixel format used, make sure you did set range correctly
    Last message repeated 3 times
Output #0, image2, to 'temp_frames/frame_56.jpg':
  Metadata:
    major_brand     : isom
    minor_version   : 512
    compatible_brands: isomiso2avc1mp41
    title           : Escape.from.Atlas.High.Security.Prison35
    artist          : PremxGamer
    encoder         : Lavf60.16.100
  Stream #0:0(und): Video: mjpeg, yuvj420p(pc, unknown/bt709/bt709, progressive), 1080x1350 [SAR 1:1 DAR 4:5], q=2-31, 200 kb/s, 30 fps, 30 tbn (default)
    Metadata:
      handler_name    : VideoHandler
      vendor_id       : [0][0][0][0]
      encoder         : Lavc60.31.102 mjpeg
    Side data:
      cpb: bitrate max/min/avg: 0/0/200000 buffer size: 0 vbv_delay: N/A
frame=    0 fps=0.0 q=2.0 size=       0kB time=00:00:00.00 bitrate=N/A speed=   0x    [image2 @ 0x55641bd0aec0] The specified filename 'temp_frames/frame_56.jpg' does not contain an image sequence pattern or a pattern is invalid.
[image2 @ 0x55641bd0aec0] Use a pattern such as %03d for an image sequence or use the -update option (with -frames:v 1 if needed) to write a single image.
[out#0/image2 @ 0x55641baddc80] video:228kB audio:0kB subtitle:0kB other streams:0kB global headers:0kB muxing overhead: unknown
frame=    1 fps=0.0 q=2.0 Lsize=N/A time=00:00:00.00 bitrate=N/A speed=   0x    
ffmpeg version 6.1.1-3ubuntu5 Copyright (c) 2000-2023 the FFmpeg developers
  built with gcc 13 (Ubuntu 13.2.0-23ubuntu3)
  configuration: --prefix=/usr --extra-version=3ubuntu5 --toolchain=hardened --libdir=/usr/lib/x86_64-linux-gnu --incdir=/usr/include/x86_64-linux-gnu --arch=amd64 --enable-gpl --disable-stripping --disable-omx --enable-gnutls --enable-libaom --enable-libass --enable-libbs2b --enable-libcaca --enable-libcdio --enable-libcodec2 --enable-libdav1d --enable-libflite --enable-libfontconfig --enable-libfreetype --enable-libfribidi --enable-libglslang --enable-libgme --enable-libgsm --enable-libharfbuzz --enable-libmp3lame --enable-libmysofa --enable-libopenjpeg --enable-libopenmpt --enable-libopus --enable-librubberband --enable-libshine --enable-libsnappy --enable-libsoxr --enable-libspeex --enable-libtheora --enable-libtwolame --enable-libvidstab --enable-libvorbis --enable-libvpx --enable-libwebp --enable-libx265 --enable-libxml2 --enable-libxvid --enable-libzimg --enable-openal --enable-opencl --enable-opengl --disable-sndio --enable-libvpl --disable-libmfx --enable-libdc1394 --enable-libdrm --enable-libiec61883 --enable-chromaprint --enable-frei0r --enable-ladspa --enable-libbluray --enable-libjack --enable-libpulse --enable-librabbitmq --enable-librist --enable-libsrt --enable-libssh --enable-libsvtav1 --enable-libx264 --enable-libzmq --enable-libzvbi --enable-lv2 --enable-sdl2 --enable-libplacebo --enable-librav1e --enable-pocketsphinx --enable-librsvg --enable-libjxl --enable-shared
  libavutil      58. 29.100 / 58. 29.100
  libavcodec     60. 31.102 / 60. 31.102
  libavformat    60. 16.100 / 60. 16.100
  libavdevice    60.  3.100 / 60.  3.100
  libavfilter     9. 12.100 /  9. 12.100
  libswscale      7.  5.100 /  7.  5.100
  libswresample   4. 12.100 /  4. 12.100
  libpostproc    57.  3.100 / 57.  3.100
Input #0, mov,mp4,m4a,3gp,3g2,mj2, from 'https://github.com/Prembty12/premx-editor/releases/download/v1.0.87/Escape.from.Atlas.High.Security.Prison35.mp4':
  Metadata:
    major_brand     : isom
    minor_version   : 512
    compatible_brands: isomiso2avc1mp41
    title           : Escape.from.Atlas.High.Security.Prison35
    artist          : PremxGamer
    encoder         : Lavf60.16.100
  Duration: 00:00:56.40, start: 0.000000, bitrate: 12364 kb/s
  Stream #0:0[0x1](und): Video: h264 (High) (avc1 / 0x31637661), yuv420p(tv, unknown/bt709/bt709, progressive), 1080x1350 [SAR 1:1 DAR 4:5], 12160 kb/s, 30 fps, 30 tbr, 15360 tbn (default)
    Metadata:
      handler_name    : VideoHandler
      vendor_id       : [0][0][0][0]
      encoder         : Lavc60.31.102 libx264
  Stream #0:1[0x2](und): Audio: aac (LC) (mp4a / 0x6134706D), 48000 Hz, stereo, fltp, 195 kb/s (default)
    Metadata:
      handler_name    : SoundHandler
      vendor_id       : [0][0][0][0]
Stream mapping:
  Stream #0:0 -> #0:0 (h264 (native) -> mjpeg (native))
Press [q] to stop, [?] for help
[swscaler @ 0x55c7d8ed47c0] deprecated pixel format used, make sure you did set range correctly
    Last message repeated 3 times
Output #0, image2, to 'temp_frames/frame_57.jpg':
  Metadata:
    major_brand     : isom
    minor_version   : 512
    compatible_brands: isomiso2avc1mp41
    title           : Escape.from.Atlas.High.Security.Prison35
    artist          : PremxGamer
    encoder         : Lavf60.16.100
  Stream #0:0(und): Video: mjpeg, yuvj420p(pc, unknown/bt709/bt709, progressive), 1080x1350 [SAR 1:1 DAR 4:5], q=2-31, 200 kb/s, 30 fps, 30 tbn (default)
    Metadata:
      handler_name    : VideoHandler
      vendor_id       : [0][0][0][0]
      encoder         : Lavc60.31.102 mjpeg
    Side data:
      cpb: bitrate max/min/avg: 0/0/200000 buffer size: 0 vbv_delay: N/A
frame=    0 fps=0.0 q=2.0 size=       0kB time=00:00:00.00 bitrate=N/A dup=1 drop=0 speed=   0x    [image2 @ 0x55c7d903bec0] The specified filename 'temp_frames/frame_57.jpg' does not contain an image sequence pattern or a pattern is invalid.
[image2 @ 0x55c7d903bec0] Use a pattern such as %03d for an image sequence or use the -update option (with -frames:v 1 if needed) to write a single image.
[out#0/image2 @ 0x55c7d8e0ec80] video:223kB audio:0kB subtitle:0kB other streams:0kB global headers:0kB muxing overhead: unknown
frame=    1 fps=0.0 q=2.0 Lsize=N/A time=00:00:00.00 bitrate=N/A dup=1 drop=0 speed=   0x    
ffmpeg version 6.1.1-3ubuntu5 Copyright (c) 2000-2023 the FFmpeg developers
  built with gcc 13 (Ubuntu 13.2.0-23ubuntu3)
  configuration: --prefix=/usr --extra-version=3ubuntu5 --toolchain=hardened --libdir=/usr/lib/x86_64-linux-gnu --incdir=/usr/include/x86_64-linux-gnu --arch=amd64 --enable-gpl --disable-stripping --disable-omx --enable-gnutls --enable-libaom --enable-libass --enable-libbs2b --enable-libcaca --enable-libcdio --enable-libcodec2 --enable-libdav1d --enable-libflite --enable-libfontconfig --enable-libfreetype --enable-libfribidi --enable-libglslang --enable-libgme --enable-libgsm --enable-libharfbuzz --enable-libmp3lame --enable-libmysofa --enable-libopenjpeg --enable-libopenmpt --enable-libopus --enable-librubberband --enable-libshine --enable-libsnappy --enable-libsoxr --enable-libspeex --enable-libtheora --enable-libtwolame --enable-libvidstab --enable-libvorbis --enable-libvpx --enable-libwebp --enable-libx265 --enable-libxml2 --enable-libxvid --enable-libzimg --enable-openal --enable-opencl --enable-opengl --disable-sndio --enable-libvpl --disable-libmfx --enable-libdc1394 --enable-libdrm --enable-libiec61883 --enable-chromaprint --enable-frei0r --enable-ladspa --enable-libbluray --enable-libjack --enable-libpulse --enable-librabbitmq --enable-librist --enable-libsrt --enable-libssh --enable-libsvtav1 --enable-libx264 --enable-libzmq --enable-libzvbi --enable-lv2 --enable-sdl2 --enable-libplacebo --enable-librav1e --enable-pocketsphinx --enable-librsvg --enable-libjxl --enable-shared
  libavutil      58. 29.100 / 58. 29.100
  libavcodec     60. 31.102 / 60. 31.102
  libavformat    60. 16.100 / 60. 16.100
  libavdevice    60.  3.100 / 60.  3.100
  libavfilter     9. 12.100 /  9. 12.100
  libswscale      7.  5.100 /  7.  5.100
  libswresample   4. 12.100 /  4. 12.100
  libpostproc    57.  3.100 / 57.  3.100
Input #0, mov,mp4,m4a,3gp,3g2,mj2, from 'https://github.com/Prembty12/premx-editor/releases/download/v1.0.87/Escape.from.Atlas.High.Security.Prison35.mp4':
  Metadata:
    major_brand     : isom
    minor_version   : 512
    compatible_brands: isomiso2avc1mp41
    title           : Escape.from.Atlas.High.Security.Prison35
    artist          : PremxGamer
    encoder         : Lavf60.16.100
  Duration: 00:00:56.40, start: 0.000000, bitrate: 12364 kb/s
  Stream #0:0[0x1](und): Video: h264 (High) (avc1 / 0x31637661), yuv420p(tv, unknown/bt709/bt709, progressive), 1080x1350 [SAR 1:1 DAR 4:5], 12160 kb/s, 30 fps, 30 tbr, 15360 tbn (default)
    Metadata:
      handler_name    : VideoHandler
      vendor_id       : [0][0][0][0]
      encoder         : Lavc60.31.102 libx264
  Stream #0:1[0x2](und): Audio: aac (LC) (mp4a / 0x6134706D), 48000 Hz, stereo, fltp, 195 kb/s (default)
    Metadata:
      handler_name    : SoundHandler
      vendor_id       : [0][0][0][0]
Stream mapping:
  Stream #0:0 -> #0:0 (h264 (native) -> mjpeg (native))
Press [q] to stop, [?] for help
[swscaler @ 0x56437b3ec7c0] deprecated pixel format used, make sure you did set range correctly
    Last message repeated 3 times
Output #0, image2, to 'temp_frames/frame_58.jpg':
  Metadata:
    major_brand     : isom
    minor_version   : 512
    compatible_brands: isomiso2avc1mp41
    title           : Escape.from.Atlas.High.Security.Prison35
    artist          : PremxGamer
    encoder         : Lavf60.16.100
  Stream #0:0(und): Video: mjpeg, yuvj420p(pc, unknown/bt709/bt709, progressive), 1080x1350 [SAR 1:1 DAR 4:5], q=2-31, 200 kb/s, 30 fps, 30 tbn (default)
    Metadata:
      handler_name    : VideoHandler
      vendor_id       : [0][0][0][0]
      encoder         : Lavc60.31.102 mjpeg
    Side data:
      cpb: bitrate max/min/avg: 0/0/200000 buffer size: 0 vbv_delay: N/A
frame=    0 fps=0.0 q=2.0 size=       0kB time=00:00:00.00 bitrate=N/A dup=1 drop=0 speed=   0x    [image2 @ 0x56437b553ec0] The specified filename 'temp_frames/frame_58.jpg' does not contain an image sequence pattern or a pattern is invalid.
[image2 @ 0x56437b553ec0] Use a pattern such as %03d for an image sequence or use the -update option (with -frames:v 1 if needed) to write a single image.
[out#0/image2 @ 0x56437b326c80] video:230kB audio:0kB subtitle:0kB other streams:0kB global headers:0kB muxing overhead: unknown
frame=    1 fps=0.0 q=2.0 Lsize=N/A time=00:00:00.00 bitrate=N/A dup=1 drop=0 speed=   0x    
ffmpeg version 6.1.1-3ubuntu5 Copyright (c) 2000-2023 the FFmpeg developers
  built with gcc 13 (Ubuntu 13.2.0-23ubuntu3)
  configuration: --prefix=/usr --extra-version=3ubuntu5 --toolchain=hardened --libdir=/usr/lib/x86_64-linux-gnu --incdir=/usr/include/x86_64-linux-gnu --arch=amd64 --enable-gpl --disable-stripping --disable-omx --enable-gnutls --enable-libaom --enable-libass --enable-libbs2b --enable-libcaca --enable-libcdio --enable-libcodec2 --enable-libdav1d --enable-libflite --enable-libfontconfig --enable-libfreetype --enable-libfribidi --enable-libglslang --enable-libgme --enable-libgsm --enable-libharfbuzz --enable-libmp3lame --enable-libmysofa --enable-libopenjpeg --enable-libopenmpt --enable-libopus --enable-librubberband --enable-libshine --enable-libsnappy --enable-libsoxr --enable-libspeex --enable-libtheora --enable-libtwolame --enable-libvidstab --enable-libvorbis --enable-libvpx --enable-libwebp --enable-libx265 --enable-libxml2 --enable-libxvid --enable-libzimg --enable-openal --enable-opencl --enable-opengl --disable-sndio --enable-libvpl --disable-libmfx --enable-libdc1394 --enable-libdrm --enable-libiec61883 --enable-chromaprint --enable-frei0r --enable-ladspa --enable-libbluray --enable-libjack --enable-libpulse --enable-librabbitmq --enable-librist --enable-libsrt --enable-libssh --enable-libsvtav1 --enable-libx264 --enable-libzmq --enable-libzvbi --enable-lv2 --enable-sdl2 --enable-libplacebo --enable-librav1e --enable-pocketsphinx --enable-librsvg --enable-libjxl --enable-shared
  libavutil      58. 29.100 / 58. 29.100
  libavcodec     60. 31.102 / 60. 31.102
  libavformat    60. 16.100 / 60. 16.100
  libavdevice    60.  3.100 / 60.  3.100
  libavfilter     9. 12.100 /  9. 12.100
  libswscale      7.  5.100 /  7.  5.100
  libswresample   4. 12.100 /  4. 12.100
  libpostproc    57.  3.100 / 57.  3.100
Input #0, mov,mp4,m4a,3gp,3g2,mj2, from 'https://github.com/Prembty12/premx-editor/releases/download/v1.0.87/Escape.from.Atlas.High.Security.Prison35.mp4':
  Metadata:
    major_brand     : isom
    minor_version   : 512
    compatible_brands: isomiso2avc1mp41
    title           : Escape.from.Atlas.High.Security.Prison35
    artist          : PremxGamer
    encoder         : Lavf60.16.100
  Duration: 00:00:56.40, start: 0.000000, bitrate: 12364 kb/s
  Stream #0:0[0x1](und): Video: h264 (High) (avc1 / 0x31637661), yuv420p(tv, unknown/bt709/bt709, progressive), 1080x1350 [SAR 1:1 DAR 4:5], 12160 kb/s, 30 fps, 30 tbr, 15360 tbn (default)
    Metadata:
      handler_name    : VideoHandler
      vendor_id       : [0][0][0][0]
      encoder         : Lavc60.31.102 libx264
  Stream #0:1[0x2](und): Audio: aac (LC) (mp4a / 0x6134706D), 48000 Hz, stereo, fltp, 195 kb/s (default)
    Metadata:
      handler_name    : SoundHandler
      vendor_id       : [0][0][0][0]
Stream mapping:
  Stream #0:0 -> #0:0 (h264 (native) -> mjpeg (native))
Press [q] to stop, [?] for help
[swscaler @ 0x5585b70087c0] deprecated pixel format used, make sure you did set range correctly
    Last message repeated 3 times
Output #0, image2, to 'temp_frames/frame_59.jpg':
  Metadata:
    major_brand     : isom
    minor_version   : 512
    compatible_brands: isomiso2avc1mp41
    title           : Escape.from.Atlas.High.Security.Prison35
    artist          : PremxGamer
    encoder         : Lavf60.16.100
  Stream #0:0(und): Video: mjpeg, yuvj420p(pc, unknown/bt709/bt709, progressive), 1080x1350 [SAR 1:1 DAR 4:5], q=2-31, 200 kb/s, 30 fps, 30 tbn (default)
    Metadata:
      handler_name    : VideoHandler
      vendor_id       : [0][0][0][0]
      encoder         : Lavc60.31.102 mjpeg
    Side data:
      cpb: bitrate max/min/avg: 0/0/200000 buffer size: 0 vbv_delay: N/A
frame=    0 fps=0.0 q=2.0 size=       0kB time=00:00:00.00 bitrate=N/A speed=   0x    [image2 @ 0x5585b716fec0] The specified filename 'temp_frames/frame_59.jpg' does not contain an image sequence pattern or a pattern is invalid.
[image2 @ 0x5585b716fec0] Use a pattern such as %03d for an image sequence or use the -update option (with -frames:v 1 if needed) to write a single image.
[out#0/image2 @ 0x5585b6f42c80] video:245kB audio:0kB subtitle:0kB other streams:0kB global headers:0kB muxing overhead: unknown
frame=    1 fps=0.0 q=2.0 Lsize=N/A time=00:00:00.00 bitrate=N/A speed=   0x    
ffmpeg version 6.1.1-3ubuntu5 Copyright (c) 2000-2023 the FFmpeg developers
  built with gcc 13 (Ubuntu 13.2.0-23ubuntu3)
  configuration: --prefix=/usr --extra-version=3ubuntu5 --toolchain=hardened --libdir=/usr/lib/x86_64-linux-gnu --incdir=/usr/include/x86_64-linux-gnu --arch=amd64 --enable-gpl --disable-stripping --disable-omx --enable-gnutls --enable-libaom --enable-libass --enable-libbs2b --enable-libcaca --enable-libcdio --enable-libcodec2 --enable-libdav1d --enable-libflite --enable-libfontconfig --enable-libfreetype --enable-libfribidi --enable-libglslang --enable-libgme --enable-libgsm --enable-libharfbuzz --enable-libmp3lame --enable-libmysofa --enable-libopenjpeg --enable-libopenmpt --enable-libopus --enable-librubberband --enable-libshine --enable-libsnappy --enable-libsoxr --enable-libspeex --enable-libtheora --enable-libtwolame --enable-libvidstab --enable-libvorbis --enable-libvpx --enable-libwebp --enable-libx265 --enable-libxml2 --enable-libxvid --enable-libzimg --enable-openal --enable-opencl --enable-opengl --disable-sndio --enable-libvpl --disable-libmfx --enable-libdc1394 --enable-libdrm --enable-libiec61883 --enable-chromaprint --enable-frei0r --enable-ladspa --enable-libbluray --enable-libjack --enable-libpulse --enable-librabbitmq --enable-librist --enable-libsrt --enable-libssh --enable-libsvtav1 --enable-libx264 --enable-libzmq --enable-libzvbi --enable-lv2 --enable-sdl2 --enable-libplacebo --enable-librav1e --enable-pocketsphinx --enable-librsvg --enable-libjxl --enable-shared
  libavutil      58. 29.100 / 58. 29.100
  libavcodec     60. 31.102 / 60. 31.102
  libavformat    60. 16.100 / 60. 16.100
  libavdevice    60.  3.100 / 60.  3.100
  libavfilter     9. 12.100 /  9. 12.100
  libswscale      7.  5.100 /  7.  5.100
  libswresample   4. 12.100 /  4. 12.100
  libpostproc    57.  3.100 / 57.  3.100
Input #0, mov,mp4,m4a,3gp,3g2,mj2, from 'https://github.com/Prembty12/premx-editor/releases/download/v1.0.87/Escape.from.Atlas.High.Security.Prison35.mp4':
  Metadata:
    major_brand     : isom
    minor_version   : 512
    compatible_brands: isomiso2avc1mp41
    title           : Escape.from.Atlas.High.Security.Prison35
    artist          : PremxGamer
    encoder         : Lavf60.16.100
  Duration: 00:00:56.40, start: 0.000000, bitrate: 12364 kb/s
  Stream #0:0[0x1](und): Video: h264 (High) (avc1 / 0x31637661), yuv420p(tv, unknown/bt709/bt709, progressive), 1080x1350 [SAR 1:1 DAR 4:5], 12160 kb/s, 30 fps, 30 tbr, 15360 tbn (default)
    Metadata:
      handler_name    : VideoHandler
      vendor_id       : [0][0][0][0]
      encoder         : Lavc60.31.102 libx264
  Stream #0:1[0x2](und): Audio: aac (LC) (mp4a / 0x6134706D), 48000 Hz, stereo, fltp, 195 kb/s (default)
    Metadata:
      handler_name    : SoundHandler
      vendor_id       : [0][0][0][0]
Stream mapping:
  Stream #0:0 -> #0:0 (h264 (native) -> mjpeg (native))
Press [q] to stop, [?] for help
[swscaler @ 0x558de4a827c0] deprecated pixel format used, make sure you did set range correctly
    Last message repeated 3 times
Output #0, image2, to 'temp_frames/frame_60.jpg':
  Metadata:
    major_brand     : isom
    minor_version   : 512
    compatible_brands: isomiso2avc1mp41
    title           : Escape.from.Atlas.High.Security.Prison35
    artist          : PremxGamer
    encoder         : Lavf60.16.100
  Stream #0:0(und): Video: mjpeg, yuvj420p(pc, unknown/bt709/bt709, progressive), 1080x1350 [SAR 1:1 DAR 4:5], q=2-31, 200 kb/s, 30 fps, 30 tbn (default)
    Metadata:
      handler_name    : VideoHandler
      vendor_id       : [0][0][0][0]
      encoder         : Lavc60.31.102 mjpeg
    Side data:
      cpb: bitrate max/min/avg: 0/0/200000 buffer size: 0 vbv_delay: N/A
frame=    0 fps=0.0 q=2.0 size=       0kB time=00:00:00.00 bitrate=N/A dup=1 drop=0 speed=   0x    [image2 @ 0x558de4be9ec0] The specified filename 'temp_frames/frame_60.jpg' does not contain an image sequence pattern or a pattern is invalid.
[image2 @ 0x558de4be9ec0] Use a pattern such as %03d for an image sequence or use the -update option (with -frames:v 1 if needed) to write a single image.
[out#0/image2 @ 0x558de49bcc80] video:237kB audio:0kB subtitle:0kB other streams:0kB global headers:0kB muxing overhead: unknown
frame=    1 fps=0.0 q=2.0 Lsize=N/A time=00:00:00.00 bitrate=N/A dup=1 drop=0 speed=   0x    
ffmpeg version 6.1.1-3ubuntu5 Copyright (c) 2000-2023 the FFmpeg developers
  built with gcc 13 (Ubuntu 13.2.0-23ubuntu3)
  configuration: --prefix=/usr --extra-version=3ubuntu5 --toolchain=hardened --libdir=/usr/lib/x86_64-linux-gnu --incdir=/usr/include/x86_64-linux-gnu --arch=amd64 --enable-gpl --disable-stripping --disable-omx --enable-gnutls --enable-libaom --enable-libass --enable-libbs2b --enable-libcaca --enable-libcdio --enable-libcodec2 --enable-libdav1d --enable-libflite --enable-libfontconfig --enable-libfreetype --enable-libfribidi --enable-libglslang --enable-libgme --enable-libgsm --enable-libharfbuzz --enable-libmp3lame --enable-libmysofa --enable-libopenjpeg --enable-libopenmpt --enable-libopus --enable-librubberband --enable-libshine --enable-libsnappy --enable-libsoxr --enable-libspeex --enable-libtheora --enable-libtwolame --enable-libvidstab --enable-libvorbis --enable-libvpx --enable-libwebp --enable-libx265 --enable-libxml2 --enable-libxvid --enable-libzimg --enable-openal --enable-opencl --enable-opengl --disable-sndio --enable-libvpl --disable-libmfx --enable-libdc1394 --enable-libdrm --enable-libiec61883 --enable-chromaprint --enable-frei0r --enable-ladspa --enable-libbluray --enable-libjack --enable-libpulse --enable-librabbitmq --enable-librist --enable-libsrt --enable-libssh --enable-libsvtav1 --enable-libx264 --enable-libzmq --enable-libzvbi --enable-lv2 --enable-sdl2 --enable-libplacebo --enable-librav1e --enable-pocketsphinx --enable-librsvg --enable-libjxl --enable-shared
  libavutil      58. 29.100 / 58. 29.100
  libavcodec     60. 31.102 / 60. 31.102
  libavformat    60. 16.100 / 60. 16.100
  libavdevice    60.  3.100 / 60.  3.100
  libavfilter     9. 12.100 /  9. 12.100
  libswscale      7.  5.100 /  7.  5.100
  libswresample   4. 12.100 /  4. 12.100
  libpostproc    57.  3.100 / 57.  3.100
Input #0, mov,mp4,m4a,3gp,3g2,mj2, from 'https://github.com/Prembty12/premx-editor/releases/download/v1.0.87/Escape.from.Atlas.High.Security.Prison35.mp4':
  Metadata:
    major_brand     : isom
    minor_version   : 512
    compatible_brands: isomiso2avc1mp41
    title           : Escape.from.Atlas.High.Security.Prison35
    artist          : PremxGamer
    encoder         : Lavf60.16.100
  Duration: 00:00:56.40, start: 0.000000, bitrate: 12364 kb/s
  Stream #0:0[0x1](und): Video: h264 (High) (avc1 / 0x31637661), yuv420p(tv, unknown/bt709/bt709, progressive), 1080x1350 [SAR 1:1 DAR 4:5], 12160 kb/s, 30 fps, 30 tbr, 15360 tbn (default)
    Metadata:
      handler_name    : VideoHandler
      vendor_id       : [0][0][0][0]
      encoder         : Lavc60.31.102 libx264
  Stream #0:1[0x2](und): Audio: aac (LC) (mp4a / 0x6134706D), 48000 Hz, stereo, fltp, 195 kb/s (default)
    Metadata:
      handler_name    : SoundHandler
      vendor_id       : [0][0][0][0]
Stream mapping:
  Stream #0:0 -> #0:0 (h264 (native) -> mjpeg (native))
Press [q] to stop, [?] for help
[swscaler @ 0x563d776a27c0] deprecated pixel format used, make sure you did set range correctly
    Last message repeated 3 times
Output #0, image2, to 'temp_frames/frame_61.jpg':
  Metadata:
    major_brand     : isom
    minor_version   : 512
    compatible_brands: isomiso2avc1mp41
    title           : Escape.from.Atlas.High.Security.Prison35
    artist          : PremxGamer
    encoder         : Lavf60.16.100
  Stream #0:0(und): Video: mjpeg, yuvj420p(pc, unknown/bt709/bt709, progressive), 1080x1350 [SAR 1:1 DAR 4:5], q=2-31, 200 kb/s, 30 fps, 30 tbn (default)
    Metadata:
      handler_name    : VideoHandler
      vendor_id       : [0][0][0][0]
      encoder         : Lavc60.31.102 mjpeg
    Side data:
      cpb: bitrate max/min/avg: 0/0/200000 buffer size: 0 vbv_delay: N/A
frame=    0 fps=0.0 q=2.0 size=       0kB time=00:00:00.00 bitrate=N/A speed=   0x    [image2 @ 0x563d77809ec0] The specified filename 'temp_frames/frame_61.jpg' does not contain an image sequence pattern or a pattern is invalid.
[image2 @ 0x563d77809ec0] Use a pattern such as %03d for an image sequence or use the -update option (with -frames:v 1 if needed) to write a single image.
[out#0/image2 @ 0x563d775dcc80] video:254kB audio:0kB subtitle:0kB other streams:0kB global headers:0kB muxing overhead: unknown
frame=    1 fps=0.0 q=2.0 Lsize=N/A time=00:00:00.00 bitrate=N/A speed=   0x    
ffmpeg version 6.1.1-3ubuntu5 Copyright (c) 2000-2023 the FFmpeg developers
  built with gcc 13 (Ubuntu 13.2.0-23ubuntu3)
  configuration: --prefix=/usr --extra-version=3ubuntu5 --toolchain=hardened --libdir=/usr/lib/x86_64-linux-gnu --incdir=/usr/include/x86_64-linux-gnu --arch=amd64 --enable-gpl --disable-stripping --disable-omx --enable-gnutls --enable-libaom --enable-libass --enable-libbs2b --enable-libcaca --enable-libcdio --enable-libcodec2 --enable-libdav1d --enable-libflite --enable-libfontconfig --enable-libfreetype --enable-libfribidi --enable-libglslang --enable-libgme --enable-libgsm --enable-libharfbuzz --enable-libmp3lame --enable-libmysofa --enable-libopenjpeg --enable-libopenmpt --enable-libopus --enable-librubberband --enable-libshine --enable-libsnappy --enable-libsoxr --enable-libspeex --enable-libtheora --enable-libtwolame --enable-libvidstab --enable-libvorbis --enable-libvpx --enable-libwebp --enable-libx265 --enable-libxml2 --enable-libxvid --enable-libzimg --enable-openal --enable-opencl --enable-opengl --disable-sndio --enable-libvpl --disable-libmfx --enable-libdc1394 --enable-libdrm --enable-libiec61883 --enable-chromaprint --enable-frei0r --enable-ladspa --enable-libbluray --enable-libjack --enable-libpulse --enable-librabbitmq --enable-librist --enable-libsrt --enable-libssh --enable-libsvtav1 --enable-libx264 --enable-libzmq --enable-libzvbi --enable-lv2 --enable-sdl2 --enable-libplacebo --enable-librav1e --enable-pocketsphinx --enable-librsvg --enable-libjxl --enable-shared
  libavutil      58. 29.100 / 58. 29.100
  libavcodec     60. 31.102 / 60. 31.102
  libavformat    60. 16.100 / 60. 16.100
  libavdevice    60.  3.100 / 60.  3.100
  libavfilter     9. 12.100 /  9. 12.100
  libswscale      7.  5.100 /  7.  5.100
  libswresample   4. 12.100 /  4. 12.100
  libpostproc    57.  3.100 / 57.  3.100
Input #0, mov,mp4,m4a,3gp,3g2,mj2, from 'https://github.com/Prembty12/premx-editor/releases/download/v1.0.87/Escape.from.Atlas.High.Security.Prison35.mp4':
  Metadata:
    major_brand     : isom
    minor_version   : 512
    compatible_brands: isomiso2avc1mp41
    title           : Escape.from.Atlas.High.Security.Prison35
    artist          : PremxGamer
    encoder         : Lavf60.16.100
  Duration: 00:00:56.40, start: 0.000000, bitrate: 12364 kb/s
  Stream #0:0[0x1](und): Video: h264 (High) (avc1 / 0x31637661), yuv420p(tv, unknown/bt709/bt709, progressive), 1080x1350 [SAR 1:1 DAR 4:5], 12160 kb/s, 30 fps, 30 tbr, 15360 tbn (default)
    Metadata:
      handler_name    : VideoHandler
      vendor_id       : [0][0][0][0]
      encoder         : Lavc60.31.102 libx264
  Stream #0:1[0x2](und): Audio: aac (LC) (mp4a / 0x6134706D), 48000 Hz, stereo, fltp, 195 kb/s (default)
    Metadata:
      handler_name    : SoundHandler
      vendor_id       : [0][0][0][0]
Stream mapping:
  Stream #0:0 -> #0:0 (h264 (native) -> mjpeg (native))
Press [q] to stop, [?] for help
[swscaler @ 0x55d3e88ae7c0] deprecated pixel format used, make sure you did set range correctly
    Last message repeated 3 times
Output #0, image2, to 'temp_frames/frame_62.jpg':
  Metadata:
    major_brand     : isom
    minor_version   : 512
    compatible_brands: isomiso2avc1mp41
    title           : Escape.from.Atlas.High.Security.Prison35
    artist          : PremxGamer
    encoder         : Lavf60.16.100
  Stream #0:0(und): Video: mjpeg, yuvj420p(pc, unknown/bt709/bt709, progressive), 1080x1350 [SAR 1:1 DAR 4:5], q=2-31, 200 kb/s, 30 fps, 30 tbn (default)
    Metadata:
      handler_name    : VideoHandler
      vendor_id       : [0][0][0][0]
      encoder         : Lavc60.31.102 mjpeg
    Side data:
      cpb: bitrate max/min/avg: 0/0/200000 buffer size: 0 vbv_delay: N/A
frame=    0 fps=0.0 q=2.0 size=       0kB time=00:00:00.00 bitrate=N/A speed=   0x    [image2 @ 0x55d3e8a15ec0] The specified filename 'temp_frames/frame_62.jpg' does not contain an image sequence pattern or a pattern is invalid.
[image2 @ 0x55d3e8a15ec0] Use a pattern such as %03d for an image sequence or use the -update option (with -frames:v 1 if needed) to write a single image.
[out#0/image2 @ 0x55d3e87e8c80] video:234kB audio:0kB subtitle:0kB other streams:0kB global headers:0kB muxing overhead: unknown
frame=    1 fps=0.0 q=2.0 Lsize=N/A time=00:00:00.00 bitrate=N/A speed=   0x    
ffmpeg version 6.1.1-3ubuntu5 Copyright (c) 2000-2023 the FFmpeg developers
  built with gcc 13 (Ubuntu 13.2.0-23ubuntu3)
  configuration: --prefix=/usr --extra-version=3ubuntu5 --toolchain=hardened --libdir=/usr/lib/x86_64-linux-gnu --incdir=/usr/include/x86_64-linux-gnu --arch=amd64 --enable-gpl --disable-stripping --disable-omx --enable-gnutls --enable-libaom --enable-libass --enable-libbs2b --enable-libcaca --enable-libcdio --enable-libcodec2 --enable-libdav1d --enable-libflite --enable-libfontconfig --enable-libfreetype --enable-libfribidi --enable-libglslang --enable-libgme --enable-libgsm --enable-libharfbuzz --enable-libmp3lame --enable-libmysofa --enable-libopenjpeg --enable-libopenmpt --enable-libopus --enable-librubberband --enable-libshine --enable-libsnappy --enable-libsoxr --enable-libspeex --enable-libtheora --enable-libtwolame --enable-libvidstab --enable-libvorbis --enable-libvpx --enable-libwebp --enable-libx265 --enable-libxml2 --enable-libxvid --enable-libzimg --enable-openal --enable-opencl --enable-opengl --disable-sndio --enable-libvpl --disable-libmfx --enable-libdc1394 --enable-libdrm --enable-libiec61883 --enable-chromaprint --enable-frei0r --enable-ladspa --enable-libbluray --enable-libjack --enable-libpulse --enable-librabbitmq --enable-librist --enable-libsrt --enable-libssh --enable-libsvtav1 --enable-libx264 --enable-libzmq --enable-libzvbi --enable-lv2 --enable-sdl2 --enable-libplacebo --enable-librav1e --enable-pocketsphinx --enable-librsvg --enable-libjxl --enable-shared
  libavutil      58. 29.100 / 58. 29.100
  libavcodec     60. 31.102 / 60. 31.102
  libavformat    60. 16.100 / 60. 16.100
  libavdevice    60.  3.100 / 60.  3.100
  libavfilter     9. 12.100 /  9. 12.100
  libswscale      7.  5.100 /  7.  5.100
  libswresample   4. 12.100 /  4. 12.100
  libpostproc    57.  3.100 / 57.  3.100
Input #0, mov,mp4,m4a,3gp,3g2,mj2, from 'https://github.com/Prembty12/premx-editor/releases/download/v1.0.87/Escape.from.Atlas.High.Security.Prison35.mp4':
  Metadata:
    major_brand     : isom
    minor_version   : 512
    compatible_brands: isomiso2avc1mp41
    title           : Escape.from.Atlas.High.Security.Prison35
    artist          : PremxGamer
    encoder         : Lavf60.16.100
  Duration: 00:00:56.40, start: 0.000000, bitrate: 12364 kb/s
  Stream #0:0[0x1](und): Video: h264 (High) (avc1 / 0x31637661), yuv420p(tv, unknown/bt709/bt709, progressive), 1080x1350 [SAR 1:1 DAR 4:5], 12160 kb/s, 30 fps, 30 tbr, 15360 tbn (default)
    Metadata:
      handler_name    : VideoHandler
      vendor_id       : [0][0][0][0]
      encoder         : Lavc60.31.102 libx264
  Stream #0:1[0x2](und): Audio: aac (LC) (mp4a / 0x6134706D), 48000 Hz, stereo, fltp, 195 kb/s (default)
    Metadata:
      handler_name    : SoundHandler
      vendor_id       : [0][0][0][0]
Stream mapping:
  Stream #0:0 -> #0:0 (h264 (native) -> mjpeg (native))
Press [q] to stop, [?] for help
[swscaler @ 0x5583f7f8b7c0] deprecated pixel format used, make sure you did set range correctly
    Last message repeated 3 times
Output #0, image2, to 'temp_frames/frame_63.jpg':
  Metadata:
    major_brand     : isom
    minor_version   : 512
    compatible_brands: isomiso2avc1mp41
    title           : Escape.from.Atlas.High.Security.Prison35
    artist          : PremxGamer
    encoder         : Lavf60.16.100
  Stream #0:0(und): Video: mjpeg, yuvj420p(pc, unknown/bt709/bt709, progressive), 1080x1350 [SAR 1:1 DAR 4:5], q=2-31, 200 kb/s, 30 fps, 30 tbn (default)
    Metadata:
      handler_name    : VideoHandler
      vendor_id       : [0][0][0][0]
      encoder         : Lavc60.31.102 mjpeg
    Side data:
      cpb: bitrate max/min/avg: 0/0/200000 buffer size: 0 vbv_delay: N/A
frame=    0 fps=0.0 q=2.0 size=       0kB time=00:00:00.00 bitrate=N/A dup=1 drop=0 speed=   0x    [image2 @ 0x5583f80f2ec0] The specified filename 'temp_frames/frame_63.jpg' does not contain an image sequence pattern or a pattern is invalid.
[image2 @ 0x5583f80f2ec0] Use a pattern such as %03d for an image sequence or use the -update option (with -frames:v 1 if needed) to write a single image.
[out#0/image2 @ 0x5583f7ec5c80] video:210kB audio:0kB subtitle:0kB other streams:0kB global headers:0kB muxing overhead: unknown
frame=    1 fps=0.0 q=2.0 Lsize=N/A time=00:00:00.00 bitrate=N/A dup=1 drop=0 speed=   0x    
ffmpeg version 6.1.1-3ubuntu5 Copyright (c) 2000-2023 the FFmpeg developers
  built with gcc 13 (Ubuntu 13.2.0-23ubuntu3)
  configuration: --prefix=/usr --extra-version=3ubuntu5 --toolchain=hardened --libdir=/usr/lib/x86_64-linux-gnu --incdir=/usr/include/x86_64-linux-gnu --arch=amd64 --enable-gpl --disable-stripping --disable-omx --enable-gnutls --enable-libaom --enable-libass --enable-libbs2b --enable-libcaca --enable-libcdio --enable-libcodec2 --enable-libdav1d --enable-libflite --enable-libfontconfig --enable-libfreetype --enable-libfribidi --enable-libglslang --enable-libgme --enable-libgsm --enable-libharfbuzz --enable-libmp3lame --enable-libmysofa --enable-libopenjpeg --enable-libopenmpt --enable-libopus --enable-librubberband --enable-libshine --enable-libsnappy --enable-libsoxr --enable-libspeex --enable-libtheora --enable-libtwolame --enable-libvidstab --enable-libvorbis --enable-libvpx --enable-libwebp --enable-libx265 --enable-libxml2 --enable-libxvid --enable-libzimg --enable-openal --enable-opencl --enable-opengl --disable-sndio --enable-libvpl --disable-libmfx --enable-libdc1394 --enable-libdrm --enable-libiec61883 --enable-chromaprint --enable-frei0r --enable-ladspa --enable-libbluray --enable-libjack --enable-libpulse --enable-librabbitmq --enable-librist --enable-libsrt --enable-libssh --enable-libsvtav1 --enable-libx264 --enable-libzmq --enable-libzvbi --enable-lv2 --enable-sdl2 --enable-libplacebo --enable-librav1e --enable-pocketsphinx --enable-librsvg --enable-libjxl --enable-shared
  libavutil      58. 29.100 / 58. 29.100
  libavcodec     60. 31.102 / 60. 31.102
  libavformat    60. 16.100 / 60. 16.100
  libavdevice    60.  3.100 / 60.  3.100
  libavfilter     9. 12.100 /  9. 12.100
  libswscale      7.  5.100 /  7.  5.100
  libswresample   4. 12.100 /  4. 12.100
  libpostproc    57.  3.100 / 57.  3.100
Input #0, mov,mp4,m4a,3gp,3g2,mj2, from 'https://github.com/Prembty12/premx-editor/releases/download/v1.0.87/Escape.from.Atlas.High.Security.Prison35.mp4':
  Metadata:
    major_brand     : isom
    minor_version   : 512
    compatible_brands: isomiso2avc1mp41
    title           : Escape.from.Atlas.High.Security.Prison35
    artist          : PremxGamer
    encoder         : Lavf60.16.100
  Duration: 00:00:56.40, start: 0.000000, bitrate: 12364 kb/s
  Stream #0:0[0x1](und): Video: h264 (High) (avc1 / 0x31637661), yuv420p(tv, unknown/bt709/bt709, progressive), 1080x1350 [SAR 1:1 DAR 4:5], 12160 kb/s, 30 fps, 30 tbr, 15360 tbn (default)
    Metadata:
      handler_name    : VideoHandler
      vendor_id       : [0][0][0][0]
      encoder         : Lavc60.31.102 libx264
  Stream #0:1[0x2](und): Audio: aac (LC) (mp4a / 0x6134706D), 48000 Hz, stereo, fltp, 195 kb/s (default)
    Metadata:
      handler_name    : SoundHandler
      vendor_id       : [0][0][0][0]
Stream mapping:
  Stream #0:0 -> #0:0 (h264 (native) -> mjpeg (native))
Press [q] to stop, [?] for help
[swscaler @ 0x5623d2a3c7c0] deprecated pixel format used, make sure you did set range correctly
    Last message repeated 3 times
Output #0, image2, to 'temp_frames/frame_64.jpg':
  Metadata:
    major_brand     : isom
    minor_version   : 512
    compatible_brands: isomiso2avc1mp41
    title           : Escape.from.Atlas.High.Security.Prison35
    artist          : PremxGamer
    encoder         : Lavf60.16.100
  Stream #0:0(und): Video: mjpeg, yuvj420p(pc, unknown/bt709/bt709, progressive), 1080x1350 [SAR 1:1 DAR 4:5], q=2-31, 200 kb/s, 30 fps, 30 tbn (default)
    Metadata:
      handler_name    : VideoHandler
      vendor_id       : [0][0][0][0]
      encoder         : Lavc60.31.102 mjpeg
    Side data:
      cpb: bitrate max/min/avg: 0/0/200000 buffer size: 0 vbv_delay: N/A
frame=    0 fps=0.0 q=2.0 size=       0kB time=00:00:00.00 bitrate=N/A speed=   0x    [image2 @ 0x5623d2ba3ec0] The specified filename 'temp_frames/frame_64.jpg' does not contain an image sequence pattern or a pattern is invalid.
[image2 @ 0x5623d2ba3ec0] Use a pattern such as %03d for an image sequence or use the -update option (with -frames:v 1 if needed) to write a single image.
[out#0/image2 @ 0x5623d2976c80] video:195kB audio:0kB subtitle:0kB other streams:0kB global headers:0kB muxing overhead: unknown
frame=    1 fps=0.0 q=2.0 Lsize=N/A time=00:00:00.00 bitrate=N/A speed=   0x    
ffmpeg version 6.1.1-3ubuntu5 Copyright (c) 2000-2023 the FFmpeg developers
  built with gcc 13 (Ubuntu 13.2.0-23ubuntu3)
  configuration: --prefix=/usr --extra-version=3ubuntu5 --toolchain=hardened --libdir=/usr/lib/x86_64-linux-gnu --incdir=/usr/include/x86_64-linux-gnu --arch=amd64 --enable-gpl --disable-stripping --disable-omx --enable-gnutls --enable-libaom --enable-libass --enable-libbs2b --enable-libcaca --enable-libcdio --enable-libcodec2 --enable-libdav1d --enable-libflite --enable-libfontconfig --enable-libfreetype --enable-libfribidi --enable-libglslang --enable-libgme --enable-libgsm --enable-libharfbuzz --enable-libmp3lame --enable-libmysofa --enable-libopenjpeg --enable-libopenmpt --enable-libopus --enable-librubberband --enable-libshine --enable-libsnappy --enable-libsoxr --enable-libspeex --enable-libtheora --enable-libtwolame --enable-libvidstab --enable-libvorbis --enable-libvpx --enable-libwebp --enable-libx265 --enable-libxml2 --enable-libxvid --enable-libzimg --enable-openal --enable-opencl --enable-opengl --disable-sndio --enable-libvpl --disable-libmfx --enable-libdc1394 --enable-libdrm --enable-libiec61883 --enable-chromaprint --enable-frei0r --enable-ladspa --enable-libbluray --enable-libjack --enable-libpulse --enable-librabbitmq --enable-librist --enable-libsrt --enable-libssh --enable-libsvtav1 --enable-libx264 --enable-libzmq --enable-libzvbi --enable-lv2 --enable-sdl2 --enable-libplacebo --enable-librav1e --enable-pocketsphinx --enable-librsvg --enable-libjxl --enable-shared
  libavutil      58. 29.100 / 58. 29.100
  libavcodec     60. 31.102 / 60. 31.102
  libavformat    60. 16.100 / 60. 16.100
  libavdevice    60.  3.100 / 60.  3.100
  libavfilter     9. 12.100 /  9. 12.100
  libswscale      7.  5.100 /  7.  5.100
  libswresample   4. 12.100 /  4. 12.100
  libpostproc    57.  3.100 / 57.  3.100
Input #0, mov,mp4,m4a,3gp,3g2,mj2, from 'https://github.com/Prembty12/premx-editor/releases/download/v1.0.87/Escape.from.Atlas.High.Security.Prison35.mp4':
  Metadata:
    major_brand     : isom
    minor_version   : 512
    compatible_brands: isomiso2avc1mp41
    title           : Escape.from.Atlas.High.Security.Prison35
    artist          : PremxGamer
    encoder         : Lavf60.16.100
  Duration: 00:00:56.40, start: 0.000000, bitrate: 12364 kb/s
  Stream #0:0[0x1](und): Video: h264 (High) (avc1 / 0x31637661), yuv420p(tv, unknown/bt709/bt709, progressive), 1080x1350 [SAR 1:1 DAR 4:5], 12160 kb/s, 30 fps, 30 tbr, 15360 tbn (default)
    Metadata:
      handler_name    : VideoHandler
      vendor_id       : [0][0][0][0]
      encoder         : Lavc60.31.102 libx264
  Stream #0:1[0x2](und): Audio: aac (LC) (mp4a / 0x6134706D), 48000 Hz, stereo, fltp, 195 kb/s (default)
    Metadata:
      handler_name    : SoundHandler
      vendor_id       : [0][0][0][0]
Stream mapping:
  Stream #0:0 -> #0:0 (h264 (native) -> mjpeg (native))
Press [q] to stop, [?] for help
[swscaler @ 0x55ff844477c0] deprecated pixel format used, make sure you did set range correctly
    Last message repeated 3 times
Output #0, image2, to 'temp_frames/frame_65.jpg':
  Metadata:
    major_brand     : isom
    minor_version   : 512
    compatible_brands: isomiso2avc1mp41
    title           : Escape.from.Atlas.High.Security.Prison35
    artist          : PremxGamer
    encoder         : Lavf60.16.100
  Stream #0:0(und): Video: mjpeg, yuvj420p(pc, unknown/bt709/bt709, progressive), 1080x1350 [SAR 1:1 DAR 4:5], q=2-31, 200 kb/s, 30 fps, 30 tbn (default)
    Metadata:
      handler_name    : VideoHandler
      vendor_id       : [0][0][0][0]
      encoder         : Lavc60.31.102 mjpeg
    Side data:
      cpb: bitrate max/min/avg: 0/0/200000 buffer size: 0 vbv_delay: N/A
[image2 @ 0x55ff845aeec0] The specified filename 'temp_frames/frame_65.jpg' does not contain an image sequence pattern or a pattern is invalid.
[image2 @ 0x55ff845aeec0] Use a pattern such as %03d for an image sequence or use the -update option (with -frames:v 1 if needed) to write a single image.
frame=    1 fps=0.0 q=2.0 size=N/A time=00:00:00.00 bitrate=N/A speed=   0x    [out#0/image2 @ 0x55ff84381c80] video:209kB audio:0kB subtitle:0kB other streams:0kB global headers:0kB muxing overhead: unknown
frame=    1 fps=0.0 q=2.0 Lsize=N/A time=00:00:00.00 bitrate=N/A speed=   0x    
ffmpeg version 6.1.1-3ubuntu5 Copyright (c) 2000-2023 the FFmpeg developers
  built with gcc 13 (Ubuntu 13.2.0-23ubuntu3)
  configuration: --prefix=/usr --extra-version=3ubuntu5 --toolchain=hardened --libdir=/usr/lib/x86_64-linux-gnu --incdir=/usr/include/x86_64-linux-gnu --arch=amd64 --enable-gpl --disable-stripping --disable-omx --enable-gnutls --enable-libaom --enable-libass --enable-libbs2b --enable-libcaca --enable-libcdio --enable-libcodec2 --enable-libdav1d --enable-libflite --enable-libfontconfig --enable-libfreetype --enable-libfribidi --enable-libglslang --enable-libgme --enable-libgsm --enable-libharfbuzz --enable-libmp3lame --enable-libmysofa --enable-libopenjpeg --enable-libopenmpt --enable-libopus --enable-librubberband --enable-libshine --enable-libsnappy --enable-libsoxr --enable-libspeex --enable-libtheora --enable-libtwolame --enable-libvidstab --enable-libvorbis --enable-libvpx --enable-libwebp --enable-libx265 --enable-libxml2 --enable-libxvid --enable-libzimg --enable-openal --enable-opencl --enable-opengl --disable-sndio --enable-libvpl --disable-libmfx --enable-libdc1394 --enable-libdrm --enable-libiec61883 --enable-chromaprint --enable-frei0r --enable-ladspa --enable-libbluray --enable-libjack --enable-libpulse --enable-librabbitmq --enable-librist --enable-libsrt --enable-libssh --enable-libsvtav1 --enable-libx264 --enable-libzmq --enable-libzvbi --enable-lv2 --enable-sdl2 --enable-libplacebo --enable-librav1e --enable-pocketsphinx --enable-librsvg --enable-libjxl --enable-shared
  libavutil      58. 29.100 / 58. 29.100
  libavcodec     60. 31.102 / 60. 31.102
  libavformat    60. 16.100 / 60. 16.100
  libavdevice    60.  3.100 / 60.  3.100
  libavfilter     9. 12.100 /  9. 12.100
  libswscale      7.  5.100 /  7.  5.100
  libswresample   4. 12.100 /  4. 12.100
  libpostproc    57.  3.100 / 57.  3.100
Input #0, mov,mp4,m4a,3gp,3g2,mj2, from 'https://github.com/Prembty12/premx-editor/releases/download/v1.0.87/Escape.from.Atlas.High.Security.Prison35.mp4':
  Metadata:
    major_brand     : isom
    minor_version   : 512
    compatible_brands: isomiso2avc1mp41
    title           : Escape.from.Atlas.High.Security.Prison35
    artist          : PremxGamer
    encoder         : Lavf60.16.100
  Duration: 00:00:56.40, start: 0.000000, bitrate: 12364 kb/s
  Stream #0:0[0x1](und): Video: h264 (High) (avc1 / 0x31637661), yuv420p(tv, unknown/bt709/bt709, progressive), 1080x1350 [SAR 1:1 DAR 4:5], 12160 kb/s, 30 fps, 30 tbr, 15360 tbn (default)
    Metadata:
      handler_name    : VideoHandler
      vendor_id       : [0][0][0][0]
      encoder         : Lavc60.31.102 libx264
  Stream #0:1[0x2](und): Audio: aac (LC) (mp4a / 0x6134706D), 48000 Hz, stereo, fltp, 195 kb/s (default)
    Metadata:
      handler_name    : SoundHandler
      vendor_id       : [0][0][0][0]
Stream mapping:
  Stream #0:0 -> #0:0 (h264 (native) -> mjpeg (native))
Press [q] to stop, [?] for help
[swscaler @ 0x55a4192b07c0] deprecated pixel format used, make sure you did set range correctly
    Last message repeated 3 times
Output #0, image2, to 'temp_frames/frame_66.jpg':
  Metadata:
    major_brand     : isom
    minor_version   : 512
    compatible_brands: isomiso2avc1mp41
    title           : Escape.from.Atlas.High.Security.Prison35
    artist          : PremxGamer
    encoder         : Lavf60.16.100
  Stream #0:0(und): Video: mjpeg, yuvj420p(pc, unknown/bt709/bt709, progressive), 1080x1350 [SAR 1:1 DAR 4:5], q=2-31, 200 kb/s, 30 fps, 30 tbn (default)
    Metadata:
      handler_name    : VideoHandler
      vendor_id       : [0][0][0][0]
      encoder         : Lavc60.31.102 mjpeg
    Side data:
      cpb: bitrate max/min/avg: 0/0/200000 buffer size: 0 vbv_delay: N/A
[image2 @ 0x55a419417ec0] The specified filename 'temp_frames/frame_66.jpg' does not contain an image sequence pattern or a pattern is invalid.
[image2 @ 0x55a419417ec0] Use a pattern such as %03d for an image sequence or use the -update option (with -frames:v 1 if needed) to write a single image.
frame=    1 fps=0.0 q=2.0 size=N/A time=00:00:00.00 bitrate=N/A dup=1 drop=0 speed=   0x    [out#0/image2 @ 0x55a4191eac80] video:179kB audio:0kB subtitle:0kB other streams:0kB global headers:0kB muxing overhead: unknown
frame=    1 fps=0.0 q=2.0 Lsize=N/A time=00:00:00.00 bitrate=N/A dup=1 drop=0 speed=   0x    
ffmpeg version 6.1.1-3ubuntu5 Copyright (c) 2000-2023 the FFmpeg developers
  built with gcc 13 (Ubuntu 13.2.0-23ubuntu3)
  configuration: --prefix=/usr --extra-version=3ubuntu5 --toolchain=hardened --libdir=/usr/lib/x86_64-linux-gnu --incdir=/usr/include/x86_64-linux-gnu --arch=amd64 --enable-gpl --disable-stripping --disable-omx --enable-gnutls --enable-libaom --enable-libass --enable-libbs2b --enable-libcaca --enable-libcdio --enable-libcodec2 --enable-libdav1d --enable-libflite --enable-libfontconfig --enable-libfreetype --enable-libfribidi --enable-libglslang --enable-libgme --enable-libgsm --enable-libharfbuzz --enable-libmp3lame --enable-libmysofa --enable-libopenjpeg --enable-libopenmpt --enable-libopus --enable-librubberband --enable-libshine --enable-libsnappy --enable-libsoxr --enable-libspeex --enable-libtheora --enable-libtwolame --enable-libvidstab --enable-libvorbis --enable-libvpx --enable-libwebp --enable-libx265 --enable-libxml2 --enable-libxvid --enable-libzimg --enable-openal --enable-opencl --enable-opengl --disable-sndio --enable-libvpl --disable-libmfx --enable-libdc1394 --enable-libdrm --enable-libiec61883 --enable-chromaprint --enable-frei0r --enable-ladspa --enable-libbluray --enable-libjack --enable-libpulse --enable-librabbitmq --enable-librist --enable-libsrt --enable-libssh --enable-libsvtav1 --enable-libx264 --enable-libzmq --enable-libzvbi --enable-lv2 --enable-sdl2 --enable-libplacebo --enable-librav1e --enable-pocketsphinx --enable-librsvg --enable-libjxl --enable-shared
  libavutil      58. 29.100 / 58. 29.100
  libavcodec     60. 31.102 / 60. 31.102
  libavformat    60. 16.100 / 60. 16.100
  libavdevice    60.  3.100 / 60.  3.100
  libavfilter     9. 12.100 /  9. 12.100
  libswscale      7.  5.100 /  7.  5.100
  libswresample   4. 12.100 /  4. 12.100
  libpostproc    57.  3.100 / 57.  3.100
Input #0, mov,mp4,m4a,3gp,3g2,mj2, from 'https://github.com/Prembty12/premx-editor/releases/download/v1.0.87/Escape.from.Atlas.High.Security.Prison35.mp4':
  Metadata:
    major_brand     : isom
    minor_version   : 512
    compatible_brands: isomiso2avc1mp41
    title           : Escape.from.Atlas.High.Security.Prison35
    artist          : PremxGamer
    encoder         : Lavf60.16.100
  Duration: 00:00:56.40, start: 0.000000, bitrate: 12364 kb/s
  Stream #0:0[0x1](und): Video: h264 (High) (avc1 / 0x31637661), yuv420p(tv, unknown/bt709/bt709, progressive), 1080x1350 [SAR 1:1 DAR 4:5], 12160 kb/s, 30 fps, 30 tbr, 15360 tbn (default)
    Metadata:
      handler_name    : VideoHandler
      vendor_id       : [0][0][0][0]
      encoder         : Lavc60.31.102 libx264
  Stream #0:1[0x2](und): Audio: aac (LC) (mp4a / 0x6134706D), 48000 Hz, stereo, fltp, 195 kb/s (default)
    Metadata:
      handler_name    : SoundHandler
      vendor_id       : [0][0][0][0]
Stream mapping:
  Stream #0:0 -> #0:0 (h264 (native) -> mjpeg (native))
Press [q] to stop, [?] for help
[swscaler @ 0x561d80ede7c0] deprecated pixel format used, make sure you did set range correctly
    Last message repeated 3 times
Output #0, image2, to 'temp_frames/frame_67.jpg':
  Metadata:
    major_brand     : isom
    minor_version   : 512
    compatible_brands: isomiso2avc1mp41
    title           : Escape.from.Atlas.High.Security.Prison35
    artist          : PremxGamer
    encoder         : Lavf60.16.100
  Stream #0:0(und): Video: mjpeg, yuvj420p(pc, unknown/bt709/bt709, progressive), 1080x1350 [SAR 1:1 DAR 4:5], q=2-31, 200 kb/s, 30 fps, 30 tbn (default)
    Metadata:
      handler_name    : VideoHandler
      vendor_id       : [0][0][0][0]
      encoder         : Lavc60.31.102 mjpeg
    Side data:
      cpb: bitrate max/min/avg: 0/0/200000 buffer size: 0 vbv_delay: N/A
frame=    0 fps=0.0 q=2.0 size=       0kB time=00:00:00.00 bitrate=N/A dup=1 drop=0 speed=   0x    [image2 @ 0x561d81045ec0] The specified filename 'temp_frames/frame_67.jpg' does not contain an image sequence pattern or a pattern is invalid.
[image2 @ 0x561d81045ec0] Use a pattern such as %03d for an image sequence or use the -update option (with -frames:v 1 if needed) to write a single image.
[out#0/image2 @ 0x561d80e18c80] video:150kB audio:0kB subtitle:0kB other streams:0kB global headers:0kB muxing overhead: unknown
frame=    1 fps=0.0 q=2.0 Lsize=N/A time=00:00:00.00 bitrate=N/A dup=1 drop=0 speed=   0x    
ffmpeg version 6.1.1-3ubuntu5 Copyright (c) 2000-2023 the FFmpeg developers
  built with gcc 13 (Ubuntu 13.2.0-23ubuntu3)
  configuration: --prefix=/usr --extra-version=3ubuntu5 --toolchain=hardened --libdir=/usr/lib/x86_64-linux-gnu --incdir=/usr/include/x86_64-linux-gnu --arch=amd64 --enable-gpl --disable-stripping --disable-omx --enable-gnutls --enable-libaom --enable-libass --enable-libbs2b --enable-libcaca --enable-libcdio --enable-libcodec2 --enable-libdav1d --enable-libflite --enable-libfontconfig --enable-libfreetype --enable-libfribidi --enable-libglslang --enable-libgme --enable-libgsm --enable-libharfbuzz --enable-libmp3lame --enable-libmysofa --enable-libopenjpeg --enable-libopenmpt --enable-libopus --enable-librubberband --enable-libshine --enable-libsnappy --enable-libsoxr --enable-libspeex --enable-libtheora --enable-libtwolame --enable-libvidstab --enable-libvorbis --enable-libvpx --enable-libwebp --enable-libx265 --enable-libxml2 --enable-libxvid --enable-libzimg --enable-openal --enable-opencl --enable-opengl --disable-sndio --enable-libvpl --disable-libmfx --enable-libdc1394 --enable-libdrm --enable-libiec61883 --enable-chromaprint --enable-frei0r --enable-ladspa --enable-libbluray --enable-libjack --enable-libpulse --enable-librabbitmq --enable-librist --enable-libsrt --enable-libssh --enable-libsvtav1 --enable-libx264 --enable-libzmq --enable-libzvbi --enable-lv2 --enable-sdl2 --enable-libplacebo --enable-librav1e --enable-pocketsphinx --enable-librsvg --enable-libjxl --enable-shared
  libavutil      58. 29.100 / 58. 29.100
  libavcodec     60. 31.102 / 60. 31.102
  libavformat    60. 16.100 / 60. 16.100
  libavdevice    60.  3.100 / 60.  3.100
  libavfilter     9. 12.100 /  9. 12.100
  libswscale      7.  5.100 /  7.  5.100
  libswresample   4. 12.100 /  4. 12.100
  libpostproc    57.  3.100 / 57.  3.100
Input #0, mov,mp4,m4a,3gp,3g2,mj2, from 'https://github.com/Prembty12/premx-editor/releases/download/v1.0.87/Escape.from.Atlas.High.Security.Prison35.mp4':
  Metadata:
    major_brand     : isom
    minor_version   : 512
    compatible_brands: isomiso2avc1mp41
    title           : Escape.from.Atlas.High.Security.Prison35
    artist          : PremxGamer
    encoder         : Lavf60.16.100
  Duration: 00:00:56.40, start: 0.000000, bitrate: 12364 kb/s
  Stream #0:0[0x1](und): Video: h264 (High) (avc1 / 0x31637661), yuv420p(tv, unknown/bt709/bt709, progressive), 1080x1350 [SAR 1:1 DAR 4:5], 12160 kb/s, 30 fps, 30 tbr, 15360 tbn (default)
    Metadata:
      handler_name    : VideoHandler
      vendor_id       : [0][0][0][0]
      encoder         : Lavc60.31.102 libx264
  Stream #0:1[0x2](und): Audio: aac (LC) (mp4a / 0x6134706D), 48000 Hz, stereo, fltp, 195 kb/s (default)
    Metadata:
      handler_name    : SoundHandler
      vendor_id       : [0][0][0][0]
Stream mapping:
  Stream #0:0 -> #0:0 (h264 (native) -> mjpeg (native))
Press [q] to stop, [?] for help
[swscaler @ 0x564b61b3f7c0] deprecated pixel format used, make sure you did set range correctly
    Last message repeated 3 times
Output #0, image2, to 'temp_frames/frame_68.jpg':
  Metadata:
    major_brand     : isom
    minor_version   : 512
    compatible_brands: isomiso2avc1mp41
    title           : Escape.from.Atlas.High.Security.Prison35
    artist          : PremxGamer
    encoder         : Lavf60.16.100
  Stream #0:0(und): Video: mjpeg, yuvj420p(pc, unknown/bt709/bt709, progressive), 1080x1350 [SAR 1:1 DAR 4:5], q=2-31, 200 kb/s, 30 fps, 30 tbn (default)
    Metadata:
      handler_name    : VideoHandler
      vendor_id       : [0][0][0][0]
      encoder         : Lavc60.31.102 mjpeg
    Side data:
      cpb: bitrate max/min/avg: 0/0/200000 buffer size: 0 vbv_delay: N/A
frame=    0 fps=0.0 q=2.0 size=       0kB time=00:00:00.00 bitrate=N/A speed=   0x    [image2 @ 0x564b61ca6ec0] The specified filename 'temp_frames/frame_68.jpg' does not contain an image sequence pattern or a pattern is invalid.
[image2 @ 0x564b61ca6ec0] Use a pattern such as %03d for an image sequence or use the -update option (with -frames:v 1 if needed) to write a single image.
[out#0/image2 @ 0x564b61a79c80] video:154kB audio:0kB subtitle:0kB other streams:0kB global headers:0kB muxing overhead: unknown
frame=    1 fps=0.0 q=2.0 Lsize=N/A time=00:00:00.00 bitrate=N/A speed=   0x    
ffmpeg version 6.1.1-3ubuntu5 Copyright (c) 2000-2023 the FFmpeg developers
  built with gcc 13 (Ubuntu 13.2.0-23ubuntu3)
  configuration: --prefix=/usr --extra-version=3ubuntu5 --toolchain=hardened --libdir=/usr/lib/x86_64-linux-gnu --incdir=/usr/include/x86_64-linux-gnu --arch=amd64 --enable-gpl --disable-stripping --disable-omx --enable-gnutls --enable-libaom --enable-libass --enable-libbs2b --enable-libcaca --enable-libcdio --enable-libcodec2 --enable-libdav1d --enable-libflite --enable-libfontconfig --enable-libfreetype --enable-libfribidi --enable-libglslang --enable-libgme --enable-libgsm --enable-libharfbuzz --enable-libmp3lame --enable-libmysofa --enable-libopenjpeg --enable-libopenmpt --enable-libopus --enable-librubberband --enable-libshine --enable-libsnappy --enable-libsoxr --enable-libspeex --enable-libtheora --enable-libtwolame --enable-libvidstab --enable-libvorbis --enable-libvpx --enable-libwebp --enable-libx265 --enable-libxml2 --enable-libxvid --enable-libzimg --enable-openal --enable-opencl --enable-opengl --disable-sndio --enable-libvpl --disable-libmfx --enable-libdc1394 --enable-libdrm --enable-libiec61883 --enable-chromaprint --enable-frei0r --enable-ladspa --enable-libbluray --enable-libjack --enable-libpulse --enable-librabbitmq --enable-librist --enable-libsrt --enable-libssh --enable-libsvtav1 --enable-libx264 --enable-libzmq --enable-libzvbi --enable-lv2 --enable-sdl2 --enable-libplacebo --enable-librav1e --enable-pocketsphinx --enable-librsvg --enable-libjxl --enable-shared
  libavutil      58. 29.100 / 58. 29.100
  libavcodec     60. 31.102 / 60. 31.102
  libavformat    60. 16.100 / 60. 16.100
  libavdevice    60.  3.100 / 60.  3.100
  libavfilter     9. 12.100 /  9. 12.100
  libswscale      7.  5.100 /  7.  5.100
  libswresample   4. 12.100 /  4. 12.100
  libpostproc    57.  3.100 / 57.  3.100
Input #0, mov,mp4,m4a,3gp,3g2,mj2, from 'https://github.com/Prembty12/premx-editor/releases/download/v1.0.87/Escape.from.Atlas.High.Security.Prison35.mp4':
  Metadata:
    major_brand     : isom
    minor_version   : 512
    compatible_brands: isomiso2avc1mp41
    title           : Escape.from.Atlas.High.Security.Prison35
    artist          : PremxGamer
    encoder         : Lavf60.16.100
  Duration: 00:00:56.40, start: 0.000000, bitrate: 12364 kb/s
  Stream #0:0[0x1](und): Video: h264 (High) (avc1 / 0x31637661), yuv420p(tv, unknown/bt709/bt709, progressive), 1080x1350 [SAR 1:1 DAR 4:5], 12160 kb/s, 30 fps, 30 tbr, 15360 tbn (default)
    Metadata:
      handler_name    : VideoHandler
      vendor_id       : [0][0][0][0]
      encoder         : Lavc60.31.102 libx264
  Stream #0:1[0x2](und): Audio: aac (LC) (mp4a / 0x6134706D), 48000 Hz, stereo, fltp, 195 kb/s (default)
    Metadata:
      handler_name    : SoundHandler
      vendor_id       : [0][0][0][0]
Stream mapping:
  Stream #0:0 -> #0:0 (h264 (native) -> mjpeg (native))
Press [q] to stop, [?] for help
[swscaler @ 0x55c67d7ac7c0] deprecated pixel format used, make sure you did set range correctly
    Last message repeated 3 times
Output #0, image2, to 'temp_frames/frame_69.jpg':
  Metadata:
    major_brand     : isom
    minor_version   : 512
    compatible_brands: isomiso2avc1mp41
    title           : Escape.from.Atlas.High.Security.Prison35
    artist          : PremxGamer
    encoder         : Lavf60.16.100
  Stream #0:0(und): Video: mjpeg, yuvj420p(pc, unknown/bt709/bt709, progressive), 1080x1350 [SAR 1:1 DAR 4:5], q=2-31, 200 kb/s, 30 fps, 30 tbn (default)
    Metadata:
      handler_name    : VideoHandler
      vendor_id       : [0][0][0][0]
      encoder         : Lavc60.31.102 mjpeg
    Side data:
      cpb: bitrate max/min/avg: 0/0/200000 buffer size: 0 vbv_delay: N/A
[image2 @ 0x55c67d913ec0] The specified filename 'temp_frames/frame_69.jpg' does not contain an image sequence pattern or a pattern is invalid.
[image2 @ 0x55c67d913ec0] Use a pattern such as %03d for an image sequence or use the -update option (with -frames:v 1 if needed) to write a single image.
frame=    0 fps=0.0 q=2.0 size=       0kB time=00:00:00.00 bitrate=N/A dup=1 drop=0 speed=   0x    [out#0/image2 @ 0x55c67d6e6c80] video:212kB audio:0kB subtitle:0kB other streams:0kB global headers:0kB muxing overhead: unknown
frame=    1 fps=0.0 q=2.0 Lsize=N/A time=00:00:00.00 bitrate=N/A dup=1 drop=0 speed=   0x    
ffmpeg version 6.1.1-3ubuntu5 Copyright (c) 2000-2023 the FFmpeg developers
  built with gcc 13 (Ubuntu 13.2.0-23ubuntu3)
  configuration: --prefix=/usr --extra-version=3ubuntu5 --toolchain=hardened --libdir=/usr/lib/x86_64-linux-gnu --incdir=/usr/include/x86_64-linux-gnu --arch=amd64 --enable-gpl --disable-stripping --disable-omx --enable-gnutls --enable-libaom --enable-libass --enable-libbs2b --enable-libcaca --enable-libcdio --enable-libcodec2 --enable-libdav1d --enable-libflite --enable-libfontconfig --enable-libfreetype --enable-libfribidi --enable-libglslang --enable-libgme --enable-libgsm --enable-libharfbuzz --enable-libmp3lame --enable-libmysofa --enable-libopenjpeg --enable-libopenmpt --enable-libopus --enable-librubberband --enable-libshine --enable-libsnappy --enable-libsoxr --enable-libspeex --enable-libtheora --enable-libtwolame --enable-libvidstab --enable-libvorbis --enable-libvpx --enable-libwebp --enable-libx265 --enable-libxml2 --enable-libxvid --enable-libzimg --enable-openal --enable-opencl --enable-opengl --disable-sndio --enable-libvpl --disable-libmfx --enable-libdc1394 --enable-libdrm --enable-libiec61883 --enable-chromaprint --enable-frei0r --enable-ladspa --enable-libbluray --enable-libjack --enable-libpulse --enable-librabbitmq --enable-librist --enable-libsrt --enable-libssh --enable-libsvtav1 --enable-libx264 --enable-libzmq --enable-libzvbi --enable-lv2 --enable-sdl2 --enable-libplacebo --enable-librav1e --enable-pocketsphinx --enable-librsvg --enable-libjxl --enable-shared
  libavutil      58. 29.100 / 58. 29.100
  libavcodec     60. 31.102 / 60. 31.102
  libavformat    60. 16.100 / 60. 16.100
  libavdevice    60.  3.100 / 60.  3.100
  libavfilter     9. 12.100 /  9. 12.100
  libswscale      7.  5.100 /  7.  5.100
  libswresample   4. 12.100 /  4. 12.100
  libpostproc    57.  3.100 / 57.  3.100
Input #0, mov,mp4,m4a,3gp,3g2,mj2, from 'https://github.com/Prembty12/premx-editor/releases/download/v1.0.87/Escape.from.Atlas.High.Security.Prison35.mp4':
  Metadata:
    major_brand     : isom
    minor_version   : 512
    compatible_brands: isomiso2avc1mp41
    title           : Escape.from.Atlas.High.Security.Prison35
    artist          : PremxGamer
    encoder         : Lavf60.16.100
  Duration: 00:00:56.40, start: 0.000000, bitrate: 12364 kb/s
  Stream #0:0[0x1](und): Video: h264 (High) (avc1 / 0x31637661), yuv420p(tv, unknown/bt709/bt709, progressive), 1080x1350 [SAR 1:1 DAR 4:5], 12160 kb/s, 30 fps, 30 tbr, 15360 tbn (default)
    Metadata:
      handler_name    : VideoHandler
      vendor_id       : [0][0][0][0]
      encoder         : Lavc60.31.102 libx264
  Stream #0:1[0x2](und): Audio: aac (LC) (mp4a / 0x6134706D), 48000 Hz, stereo, fltp, 195 kb/s (default)
    Metadata:
      handler_name    : SoundHandler
      vendor_id       : [0][0][0][0]
Stream mapping:
  Stream #0:0 -> #0:0 (h264 (native) -> mjpeg (native))
Press [q] to stop, [?] for help
[swscaler @ 0x55b3537067c0] deprecated pixel format used, make sure you did set range correctly
    Last message repeated 3 times
Output #0, image2, to 'temp_frames/frame_70.jpg':
  Metadata:
    major_brand     : isom
    minor_version   : 512
    compatible_brands: isomiso2avc1mp41
    title           : Escape.from.Atlas.High.Security.Prison35
    artist          : PremxGamer
    encoder         : Lavf60.16.100
  Stream #0:0(und): Video: mjpeg, yuvj420p(pc, unknown/bt709/bt709, progressive), 1080x1350 [SAR 1:1 DAR 4:5], q=2-31, 200 kb/s, 30 fps, 30 tbn (default)
    Metadata:
      handler_name    : VideoHandler
      vendor_id       : [0][0][0][0]
      encoder         : Lavc60.31.102 mjpeg
    Side data:
      cpb: bitrate max/min/avg: 0/0/200000 buffer size: 0 vbv_delay: N/A
frame=    0 fps=0.0 q=2.0 size=       0kB time=00:00:00.00 bitrate=N/A speed=   0x    [image2 @ 0x55b35386dec0] The specified filename 'temp_frames/frame_70.jpg' does not contain an image sequence pattern or a pattern is invalid.
[image2 @ 0x55b35386dec0] Use a pattern such as %03d for an image sequence or use the -update option (with -frames:v 1 if needed) to write a single image.
[out#0/image2 @ 0x55b353640c80] video:245kB audio:0kB subtitle:0kB other streams:0kB global headers:0kB muxing overhead: unknown
frame=    1 fps=0.0 q=2.0 Lsize=N/A time=00:00:00.00 bitrate=N/A speed=   0x    
ffmpeg version 6.1.1-3ubuntu5 Copyright (c) 2000-2023 the FFmpeg developers
  built with gcc 13 (Ubuntu 13.2.0-23ubuntu3)
  configuration: --prefix=/usr --extra-version=3ubuntu5 --toolchain=hardened --libdir=/usr/lib/x86_64-linux-gnu --incdir=/usr/include/x86_64-linux-gnu --arch=amd64 --enable-gpl --disable-stripping --disable-omx --enable-gnutls --enable-libaom --enable-libass --enable-libbs2b --enable-libcaca --enable-libcdio --enable-libcodec2 --enable-libdav1d --enable-libflite --enable-libfontconfig --enable-libfreetype --enable-libfribidi --enable-libglslang --enable-libgme --enable-libgsm --enable-libharfbuzz --enable-libmp3lame --enable-libmysofa --enable-libopenjpeg --enable-libopenmpt --enable-libopus --enable-librubberband --enable-libshine --enable-libsnappy --enable-libsoxr --enable-libspeex --enable-libtheora --enable-libtwolame --enable-libvidstab --enable-libvorbis --enable-libvpx --enable-libwebp --enable-libx265 --enable-libxml2 --enable-libxvid --enable-libzimg --enable-openal --enable-opencl --enable-opengl --disable-sndio --enable-libvpl --disable-libmfx --enable-libdc1394 --enable-libdrm --enable-libiec61883 --enable-chromaprint --enable-frei0r --enable-ladspa --enable-libbluray --enable-libjack --enable-libpulse --enable-librabbitmq --enable-librist --enable-libsrt --enable-libssh --enable-libsvtav1 --enable-libx264 --enable-libzmq --enable-libzvbi --enable-lv2 --enable-sdl2 --enable-libplacebo --enable-librav1e --enable-pocketsphinx --enable-librsvg --enable-libjxl --enable-shared
  libavutil      58. 29.100 / 58. 29.100
  libavcodec     60. 31.102 / 60. 31.102
  libavformat    60. 16.100 / 60. 16.100
  libavdevice    60.  3.100 / 60.  3.100
  libavfilter     9. 12.100 /  9. 12.100
  libswscale      7.  5.100 /  7.  5.100
  libswresample   4. 12.100 /  4. 12.100
  libpostproc    57.  3.100 / 57.  3.100
Input #0, mov,mp4,m4a,3gp,3g2,mj2, from 'https://github.com/Prembty12/premx-editor/releases/download/v1.0.87/Escape.from.Atlas.High.Security.Prison35.mp4':
  Metadata:
    major_brand     : isom
    minor_version   : 512
    compatible_brands: isomiso2avc1mp41
    title           : Escape.from.Atlas.High.Security.Prison35
    artist          : PremxGamer
    encoder         : Lavf60.16.100
  Duration: 00:00:56.40, start: 0.000000, bitrate: 12364 kb/s
  Stream #0:0[0x1](und): Video: h264 (High) (avc1 / 0x31637661), yuv420p(tv, unknown/bt709/bt709, progressive), 1080x1350 [SAR 1:1 DAR 4:5], 12160 kb/s, 30 fps, 30 tbr, 15360 tbn (default)
    Metadata:
      handler_name    : VideoHandler
      vendor_id       : [0][0][0][0]
      encoder         : Lavc60.31.102 libx264
  Stream #0:1[0x2](und): Audio: aac (LC) (mp4a / 0x6134706D), 48000 Hz, stereo, fltp, 195 kb/s (default)
    Metadata:
      handler_name    : SoundHandler
      vendor_id       : [0][0][0][0]
Stream mapping:
  Stream #0:0 -> #0:0 (h264 (native) -> mjpeg (native))
Press [q] to stop, [?] for help
[swscaler @ 0x564e591907c0] deprecated pixel format used, make sure you did set range correctly
    Last message repeated 3 times
Output #0, image2, to 'temp_frames/frame_71.jpg':
  Metadata:
    major_brand     : isom
    minor_version   : 512
    compatible_brands: isomiso2avc1mp41
    title           : Escape.from.Atlas.High.Security.Prison35
    artist          : PremxGamer
    encoder         : Lavf60.16.100
  Stream #0:0(und): Video: mjpeg, yuvj420p(pc, unknown/bt709/bt709, progressive), 1080x1350 [SAR 1:1 DAR 4:5], q=2-31, 200 kb/s, 30 fps, 30 tbn (default)
    Metadata:
      handler_name    : VideoHandler
      vendor_id       : [0][0][0][0]
      encoder         : Lavc60.31.102 mjpeg
    Side data:
      cpb: bitrate max/min/avg: 0/0/200000 buffer size: 0 vbv_delay: N/A
frame=    0 fps=0.0 q=2.0 size=       0kB time=00:00:00.00 bitrate=N/A speed=   0x    [image2 @ 0x564e592f7ec0] The specified filename 'temp_frames/frame_71.jpg' does not contain an image sequence pattern or a pattern is invalid.
[image2 @ 0x564e592f7ec0] Use a pattern such as %03d for an image sequence or use the -update option (with -frames:v 1 if needed) to write a single image.
[out#0/image2 @ 0x564e590cac80] video:203kB audio:0kB subtitle:0kB other streams:0kB global headers:0kB muxing overhead: unknown
frame=    1 fps=0.0 q=2.0 Lsize=N/A time=00:00:00.00 bitrate=N/A speed=   0x    
ffmpeg version 6.1.1-3ubuntu5 Copyright (c) 2000-2023 the FFmpeg developers
  built with gcc 13 (Ubuntu 13.2.0-23ubuntu3)
  configuration: --prefix=/usr --extra-version=3ubuntu5 --toolchain=hardened --libdir=/usr/lib/x86_64-linux-gnu --incdir=/usr/include/x86_64-linux-gnu --arch=amd64 --enable-gpl --disable-stripping --disable-omx --enable-gnutls --enable-libaom --enable-libass --enable-libbs2b --enable-libcaca --enable-libcdio --enable-libcodec2 --enable-libdav1d --enable-libflite --enable-libfontconfig --enable-libfreetype --enable-libfribidi --enable-libglslang --enable-libgme --enable-libgsm --enable-libharfbuzz --enable-libmp3lame --enable-libmysofa --enable-libopenjpeg --enable-libopenmpt --enable-libopus --enable-librubberband --enable-libshine --enable-libsnappy --enable-libsoxr --enable-libspeex --enable-libtheora --enable-libtwolame --enable-libvidstab --enable-libvorbis --enable-libvpx --enable-libwebp --enable-libx265 --enable-libxml2 --enable-libxvid --enable-libzimg --enable-openal --enable-opencl --enable-opengl --disable-sndio --enable-libvpl --disable-libmfx --enable-libdc1394 --enable-libdrm --enable-libiec61883 --enable-chromaprint --enable-frei0r --enable-ladspa --enable-libbluray --enable-libjack --enable-libpulse --enable-librabbitmq --enable-librist --enable-libsrt --enable-libssh --enable-libsvtav1 --enable-libx264 --enable-libzmq --enable-libzvbi --enable-lv2 --enable-sdl2 --enable-libplacebo --enable-librav1e --enable-pocketsphinx --enable-librsvg --enable-libjxl --enable-shared
  libavutil      58. 29.100 / 58. 29.100
  libavcodec     60. 31.102 / 60. 31.102
  libavformat    60. 16.100 / 60. 16.100
  libavdevice    60.  3.100 / 60.  3.100
  libavfilter     9. 12.100 /  9. 12.100
  libswscale      7.  5.100 /  7.  5.100
  libswresample   4. 12.100 /  4. 12.100
  libpostproc    57.  3.100 / 57.  3.100
Input #0, mov,mp4,m4a,3gp,3g2,mj2, from 'https://github.com/Prembty12/premx-editor/releases/download/v1.0.87/Escape.from.Atlas.High.Security.Prison35.mp4':
  Metadata:
    major_brand     : isom
    minor_version   : 512
    compatible_brands: isomiso2avc1mp41
    title           : Escape.from.Atlas.High.Security.Prison35
    artist          : PremxGamer
    encoder         : Lavf60.16.100
  Duration: 00:00:56.40, start: 0.000000, bitrate: 12364 kb/s
  Stream #0:0[0x1](und): Video: h264 (High) (avc1 / 0x31637661), yuv420p(tv, unknown/bt709/bt709, progressive), 1080x1350 [SAR 1:1 DAR 4:5], 12160 kb/s, 30 fps, 30 tbr, 15360 tbn (default)
    Metadata:
      handler_name    : VideoHandler
      vendor_id       : [0][0][0][0]
      encoder         : Lavc60.31.102 libx264
  Stream #0:1[0x2](und): Audio: aac (LC) (mp4a / 0x6134706D), 48000 Hz, stereo, fltp, 195 kb/s (default)
    Metadata:
      handler_name    : SoundHandler
      vendor_id       : [0][0][0][0]
Stream mapping:
  Stream #0:0 -> #0:0 (h264 (native) -> mjpeg (native))
Press [q] to stop, [?] for help
[swscaler @ 0x55f07b17a7c0] deprecated pixel format used, make sure you did set range correctly
    Last message repeated 3 times
Output #0, image2, to 'temp_frames/frame_72.jpg':
  Metadata:
    major_brand     : isom
    minor_version   : 512
    compatible_brands: isomiso2avc1mp41
    title           : Escape.from.Atlas.High.Security.Prison35
    artist          : PremxGamer
    encoder         : Lavf60.16.100
  Stream #0:0(und): Video: mjpeg, yuvj420p(pc, unknown/bt709/bt709, progressive), 1080x1350 [SAR 1:1 DAR 4:5], q=2-31, 200 kb/s, 30 fps, 30 tbn (default)
    Metadata:
      handler_name    : VideoHandler
      vendor_id       : [0][0][0][0]
      encoder         : Lavc60.31.102 mjpeg
    Side data:
      cpb: bitrate max/min/avg: 0/0/200000 buffer size: 0 vbv_delay: N/A
[image2 @ 0x55f07b2e1ec0] The specified filename 'temp_frames/frame_72.jpg' does not contain an image sequence pattern or a pattern is invalid.
[image2 @ 0x55f07b2e1ec0] Use a pattern such as %03d for an image sequence or use the -update option (with -frames:v 1 if needed) to write a single image.
frame=    1 fps=0.0 q=2.0 size=N/A time=00:00:00.00 bitrate=N/A dup=1 drop=0 speed=   0x    [out#0/image2 @ 0x55f07b0b4c80] video:210kB audio:0kB subtitle:0kB other streams:0kB global headers:0kB muxing overhead: unknown
frame=    1 fps=0.0 q=2.0 Lsize=N/A time=00:00:00.00 bitrate=N/A dup=1 drop=0 speed=   0x    
ffmpeg version 6.1.1-3ubuntu5 Copyright (c) 2000-2023 the FFmpeg developers
  built with gcc 13 (Ubuntu 13.2.0-23ubuntu3)
  configuration: --prefix=/usr --extra-version=3ubuntu5 --toolchain=hardened --libdir=/usr/lib/x86_64-linux-gnu --incdir=/usr/include/x86_64-linux-gnu --arch=amd64 --enable-gpl --disable-stripping --disable-omx --enable-gnutls --enable-libaom --enable-libass --enable-libbs2b --enable-libcaca --enable-libcdio --enable-libcodec2 --enable-libdav1d --enable-libflite --enable-libfontconfig --enable-libfreetype --enable-libfribidi --enable-libglslang --enable-libgme --enable-libgsm --enable-libharfbuzz --enable-libmp3lame --enable-libmysofa --enable-libopenjpeg --enable-libopenmpt --enable-libopus --enable-librubberband --enable-libshine --enable-libsnappy --enable-libsoxr --enable-libspeex --enable-libtheora --enable-libtwolame --enable-libvidstab --enable-libvorbis --enable-libvpx --enable-libwebp --enable-libx265 --enable-libxml2 --enable-libxvid --enable-libzimg --enable-openal --enable-opencl --enable-opengl --disable-sndio --enable-libvpl --disable-libmfx --enable-libdc1394 --enable-libdrm --enable-libiec61883 --enable-chromaprint --enable-frei0r --enable-ladspa --enable-libbluray --enable-libjack --enable-libpulse --enable-librabbitmq --enable-librist --enable-libsrt --enable-libssh --enable-libsvtav1 --enable-libx264 --enable-libzmq --enable-libzvbi --enable-lv2 --enable-sdl2 --enable-libplacebo --enable-librav1e --enable-pocketsphinx --enable-librsvg --enable-libjxl --enable-shared
  libavutil      58. 29.100 / 58. 29.100
  libavcodec     60. 31.102 / 60. 31.102
  libavformat    60. 16.100 / 60. 16.100
  libavdevice    60.  3.100 / 60.  3.100
  libavfilter     9. 12.100 /  9. 12.100
  libswscale      7.  5.100 /  7.  5.100
  libswresample   4. 12.100 /  4. 12.100
  libpostproc    57.  3.100 / 57.  3.100
Input #0, mov,mp4,m4a,3gp,3g2,mj2, from 'https://github.com/Prembty12/premx-editor/releases/download/v1.0.87/Escape.from.Atlas.High.Security.Prison35.mp4':
  Metadata:
    major_brand     : isom
    minor_version   : 512
    compatible_brands: isomiso2avc1mp41
    title           : Escape.from.Atlas.High.Security.Prison35
    artist          : PremxGamer
    encoder         : Lavf60.16.100
  Duration: 00:00:56.40, start: 0.000000, bitrate: 12364 kb/s
  Stream #0:0[0x1](und): Video: h264 (High) (avc1 / 0x31637661), yuv420p(tv, unknown/bt709/bt709, progressive), 1080x1350 [SAR 1:1 DAR 4:5], 12160 kb/s, 30 fps, 30 tbr, 15360 tbn (default)
    Metadata:
      handler_name    : VideoHandler
      vendor_id       : [0][0][0][0]
      encoder         : Lavc60.31.102 libx264
  Stream #0:1[0x2](und): Audio: aac (LC) (mp4a / 0x6134706D), 48000 Hz, stereo, fltp, 195 kb/s (default)
    Metadata:
      handler_name    : SoundHandler
      vendor_id       : [0][0][0][0]
Stream mapping:
  Stream #0:0 -> #0:0 (h264 (native) -> mjpeg (native))
Press [q] to stop, [?] for help
[swscaler @ 0x55f0781b47c0] deprecated pixel format used, make sure you did set range correctly
    Last message repeated 3 times
Output #0, image2, to 'temp_frames/frame_73.jpg':
  Metadata:
    major_brand     : isom
    minor_version   : 512
    compatible_brands: isomiso2avc1mp41
    title           : Escape.from.Atlas.High.Security.Prison35
    artist          : PremxGamer
    encoder         : Lavf60.16.100
  Stream #0:0(und): Video: mjpeg, yuvj420p(pc, unknown/bt709/bt709, progressive), 1080x1350 [SAR 1:1 DAR 4:5], q=2-31, 200 kb/s, 30 fps, 30 tbn (default)
    Metadata:
      handler_name    : VideoHandler
      vendor_id       : [0][0][0][0]
      encoder         : Lavc60.31.102 mjpeg
    Side data:
      cpb: bitrate max/min/avg: 0/0/200000 buffer size: 0 vbv_delay: N/A
frame=    0 fps=0.0 q=2.0 size=       0kB time=00:00:00.00 bitrate=N/A speed=   0x    [image2 @ 0x55f07831bec0] The specified filename 'temp_frames/frame_73.jpg' does not contain an image sequence pattern or a pattern is invalid.
[image2 @ 0x55f07831bec0] Use a pattern such as %03d for an image sequence or use the -update option (with -frames:v 1 if needed) to write a single image.
[out#0/image2 @ 0x55f0780eec80] video:223kB audio:0kB subtitle:0kB other streams:0kB global headers:0kB muxing overhead: unknown
frame=    1 fps=0.0 q=2.0 Lsize=N/A time=00:00:00.00 bitrate=N/A speed=   0x    
ffmpeg version 6.1.1-3ubuntu5 Copyright (c) 2000-2023 the FFmpeg developers
  built with gcc 13 (Ubuntu 13.2.0-23ubuntu3)
  configuration: --prefix=/usr --extra-version=3ubuntu5 --toolchain=hardened --libdir=/usr/lib/x86_64-linux-gnu --incdir=/usr/include/x86_64-linux-gnu --arch=amd64 --enable-gpl --disable-stripping --disable-omx --enable-gnutls --enable-libaom --enable-libass --enable-libbs2b --enable-libcaca --enable-libcdio --enable-libcodec2 --enable-libdav1d --enable-libflite --enable-libfontconfig --enable-libfreetype --enable-libfribidi --enable-libglslang --enable-libgme --enable-libgsm --enable-libharfbuzz --enable-libmp3lame --enable-libmysofa --enable-libopenjpeg --enable-libopenmpt --enable-libopus --enable-librubberband --enable-libshine --enable-libsnappy --enable-libsoxr --enable-libspeex --enable-libtheora --enable-libtwolame --enable-libvidstab --enable-libvorbis --enable-libvpx --enable-libwebp --enable-libx265 --enable-libxml2 --enable-libxvid --enable-libzimg --enable-openal --enable-opencl --enable-opengl --disable-sndio --enable-libvpl --disable-libmfx --enable-libdc1394 --enable-libdrm --enable-libiec61883 --enable-chromaprint --enable-frei0r --enable-ladspa --enable-libbluray --enable-libjack --enable-libpulse --enable-librabbitmq --enable-librist --enable-libsrt --enable-libssh --enable-libsvtav1 --enable-libx264 --enable-libzmq --enable-libzvbi --enable-lv2 --enable-sdl2 --enable-libplacebo --enable-librav1e --enable-pocketsphinx --enable-librsvg --enable-libjxl --enable-shared
  libavutil      58. 29.100 / 58. 29.100
  libavcodec     60. 31.102 / 60. 31.102
  libavformat    60. 16.100 / 60. 16.100
  libavdevice    60.  3.100 / 60.  3.100
  libavfilter     9. 12.100 /  9. 12.100
  libswscale      7.  5.100 /  7.  5.100
  libswresample   4. 12.100 /  4. 12.100
  libpostproc    57.  3.100 / 57.  3.100
Input #0, mov,mp4,m4a,3gp,3g2,mj2, from 'https://github.com/Prembty12/premx-editor/releases/download/v1.0.87/Escape.from.Atlas.High.Security.Prison35.mp4':
  Metadata:
    major_brand     : isom
    minor_version   : 512
    compatible_brands: isomiso2avc1mp41
    title           : Escape.from.Atlas.High.Security.Prison35
    artist          : PremxGamer
    encoder         : Lavf60.16.100
  Duration: 00:00:56.40, start: 0.000000, bitrate: 12364 kb/s
  Stream #0:0[0x1](und): Video: h264 (High) (avc1 / 0x31637661), yuv420p(tv, unknown/bt709/bt709, progressive), 1080x1350 [SAR 1:1 DAR 4:5], 12160 kb/s, 30 fps, 30 tbr, 15360 tbn (default)
    Metadata:
      handler_name    : VideoHandler
      vendor_id       : [0][0][0][0]
      encoder         : Lavc60.31.102 libx264
  Stream #0:1[0x2](und): Audio: aac (LC) (mp4a / 0x6134706D), 48000 Hz, stereo, fltp, 195 kb/s (default)
    Metadata:
      handler_name    : SoundHandler
      vendor_id       : [0][0][0][0]
Stream mapping:
  Stream #0:0 -> #0:0 (h264 (native) -> mjpeg (native))
Press [q] to stop, [?] for help
[swscaler @ 0x555fd963a7c0] deprecated pixel format used, make sure you did set range correctly
    Last message repeated 3 times
Output #0, image2, to 'temp_frames/frame_74.jpg':
  Metadata:
    major_brand     : isom
    minor_version   : 512
    compatible_brands: isomiso2avc1mp41
    title           : Escape.from.Atlas.High.Security.Prison35
    artist          : PremxGamer
    encoder         : Lavf60.16.100
  Stream #0:0(und): Video: mjpeg, yuvj420p(pc, unknown/bt709/bt709, progressive), 1080x1350 [SAR 1:1 DAR 4:5], q=2-31, 200 kb/s, 30 fps, 30 tbn (default)
    Metadata:
      handler_name    : VideoHandler
      vendor_id       : [0][0][0][0]
      encoder         : Lavc60.31.102 mjpeg
    Side data:
      cpb: bitrate max/min/avg: 0/0/200000 buffer size: 0 vbv_delay: N/A
frame=    0 fps=0.0 q=2.0 size=       0kB time=00:00:00.00 bitrate=N/A speed=   0x    [image2 @ 0x555fd97a1ec0] The specified filename 'temp_frames/frame_74.jpg' does not contain an image sequence pattern or a pattern is invalid.
[image2 @ 0x555fd97a1ec0] Use a pattern such as %03d for an image sequence or use the -update option (with -frames:v 1 if needed) to write a single image.
[out#0/image2 @ 0x555fd9574c80] video:190kB audio:0kB subtitle:0kB other streams:0kB global headers:0kB muxing overhead: unknown
frame=    1 fps=0.0 q=2.0 Lsize=N/A time=00:00:00.00 bitrate=N/A speed=   0x    
ffmpeg version 6.1.1-3ubuntu5 Copyright (c) 2000-2023 the FFmpeg developers
  built with gcc 13 (Ubuntu 13.2.0-23ubuntu3)
  configuration: --prefix=/usr --extra-version=3ubuntu5 --toolchain=hardened --libdir=/usr/lib/x86_64-linux-gnu --incdir=/usr/include/x86_64-linux-gnu --arch=amd64 --enable-gpl --disable-stripping --disable-omx --enable-gnutls --enable-libaom --enable-libass --enable-libbs2b --enable-libcaca --enable-libcdio --enable-libcodec2 --enable-libdav1d --enable-libflite --enable-libfontconfig --enable-libfreetype --enable-libfribidi --enable-libglslang --enable-libgme --enable-libgsm --enable-libharfbuzz --enable-libmp3lame --enable-libmysofa --enable-libopenjpeg --enable-libopenmpt --enable-libopus --enable-librubberband --enable-libshine --enable-libsnappy --enable-libsoxr --enable-libspeex --enable-libtheora --enable-libtwolame --enable-libvidstab --enable-libvorbis --enable-libvpx --enable-libwebp --enable-libx265 --enable-libxml2 --enable-libxvid --enable-libzimg --enable-openal --enable-opencl --enable-opengl --disable-sndio --enable-libvpl --disable-libmfx --enable-libdc1394 --enable-libdrm --enable-libiec61883 --enable-chromaprint --enable-frei0r --enable-ladspa --enable-libbluray --enable-libjack --enable-libpulse --enable-librabbitmq --enable-librist --enable-libsrt --enable-libssh --enable-libsvtav1 --enable-libx264 --enable-libzmq --enable-libzvbi --enable-lv2 --enable-sdl2 --enable-libplacebo --enable-librav1e --enable-pocketsphinx --enable-librsvg --enable-libjxl --enable-shared
  libavutil      58. 29.100 / 58. 29.100
  libavcodec     60. 31.102 / 60. 31.102
  libavformat    60. 16.100 / 60. 16.100
  libavdevice    60.  3.100 / 60.  3.100
  libavfilter     9. 12.100 /  9. 12.100
  libswscale      7.  5.100 /  7.  5.100
  libswresample   4. 12.100 /  4. 12.100
  libpostproc    57.  3.100 / 57.  3.100
Input #0, mov,mp4,m4a,3gp,3g2,mj2, from 'https://github.com/Prembty12/premx-editor/releases/download/v1.0.87/Escape.from.Atlas.High.Security.Prison35.mp4':
  Metadata:
    major_brand     : isom
    minor_version   : 512
    compatible_brands: isomiso2avc1mp41
    title           : Escape.from.Atlas.High.Security.Prison35
    artist          : PremxGamer
    encoder         : Lavf60.16.100
  Duration: 00:00:56.40, start: 0.000000, bitrate: 12364 kb/s
  Stream #0:0[0x1](und): Video: h264 (High) (avc1 / 0x31637661), yuv420p(tv, unknown/bt709/bt709, progressive), 1080x1350 [SAR 1:1 DAR 4:5], 12160 kb/s, 30 fps, 30 tbr, 15360 tbn (default)
    Metadata:
      handler_name    : VideoHandler
      vendor_id       : [0][0][0][0]
      encoder         : Lavc60.31.102 libx264
  Stream #0:1[0x2](und): Audio: aac (LC) (mp4a / 0x6134706D), 48000 Hz, stereo, fltp, 195 kb/s (default)
    Metadata:
      handler_name    : SoundHandler
      vendor_id       : [0][0][0][0]
Stream mapping:
  Stream #0:0 -> #0:0 (h264 (native) -> mjpeg (native))
Press [q] to stop, [?] for help
[swscaler @ 0x5639d3d217c0] deprecated pixel format used, make sure you did set range correctly
    Last message repeated 3 times
Output #0, image2, to 'temp_frames/frame_75.jpg':
  Metadata:
    major_brand     : isom
    minor_version   : 512
    compatible_brands: isomiso2avc1mp41
    title           : Escape.from.Atlas.High.Security.Prison35
    artist          : PremxGamer
    encoder         : Lavf60.16.100
  Stream #0:0(und): Video: mjpeg, yuvj420p(pc, unknown/bt709/bt709, progressive), 1080x1350 [SAR 1:1 DAR 4:5], q=2-31, 200 kb/s, 30 fps, 30 tbn (default)
    Metadata:
      handler_name    : VideoHandler
      vendor_id       : [0][0][0][0]
      encoder         : Lavc60.31.102 mjpeg
    Side data:
      cpb: bitrate max/min/avg: 0/0/200000 buffer size: 0 vbv_delay: N/A
[image2 @ 0x5639d3e88ec0] The specified filename 'temp_frames/frame_75.jpg' does not contain an image sequence pattern or a pattern is invalid.
[image2 @ 0x5639d3e88ec0] Use a pattern such as %03d for an image sequence or use the -update option (with -frames:v 1 if needed) to write a single image.
frame=    1 fps=0.0 q=2.0 size=N/A time=00:00:00.00 bitrate=N/A dup=1 drop=0 speed=   0x    [out#0/image2 @ 0x5639d3c5bc80] video:174kB audio:0kB subtitle:0kB other streams:0kB global headers:0kB muxing overhead: unknown
frame=    1 fps=0.0 q=2.0 Lsize=N/A time=00:00:00.00 bitrate=N/A dup=1 drop=0 speed=   0x    
ffmpeg version 6.1.1-3ubuntu5 Copyright (c) 2000-2023 the FFmpeg developers
  built with gcc 13 (Ubuntu 13.2.0-23ubuntu3)
  configuration: --prefix=/usr --extra-version=3ubuntu5 --toolchain=hardened --libdir=/usr/lib/x86_64-linux-gnu --incdir=/usr/include/x86_64-linux-gnu --arch=amd64 --enable-gpl --disable-stripping --disable-omx --enable-gnutls --enable-libaom --enable-libass --enable-libbs2b --enable-libcaca --enable-libcdio --enable-libcodec2 --enable-libdav1d --enable-libflite --enable-libfontconfig --enable-libfreetype --enable-libfribidi --enable-libglslang --enable-libgme --enable-libgsm --enable-libharfbuzz --enable-libmp3lame --enable-libmysofa --enable-libopenjpeg --enable-libopenmpt --enable-libopus --enable-librubberband --enable-libshine --enable-libsnappy --enable-libsoxr --enable-libspeex --enable-libtheora --enable-libtwolame --enable-libvidstab --enable-libvorbis --enable-libvpx --enable-libwebp --enable-libx265 --enable-libxml2 --enable-libxvid --enable-libzimg --enable-openal --enable-opencl --enable-opengl --disable-sndio --enable-libvpl --disable-libmfx --enable-libdc1394 --enable-libdrm --enable-libiec61883 --enable-chromaprint --enable-frei0r --enable-ladspa --enable-libbluray --enable-libjack --enable-libpulse --enable-librabbitmq --enable-librist --enable-libsrt --enable-libssh --enable-libsvtav1 --enable-libx264 --enable-libzmq --enable-libzvbi --enable-lv2 --enable-sdl2 --enable-libplacebo --enable-librav1e --enable-pocketsphinx --enable-librsvg --enable-libjxl --enable-shared
  libavutil      58. 29.100 / 58. 29.100
  libavcodec     60. 31.102 / 60. 31.102
  libavformat    60. 16.100 / 60. 16.100
  libavdevice    60.  3.100 / 60.  3.100
  libavfilter     9. 12.100 /  9. 12.100
  libswscale      7.  5.100 /  7.  5.100
  libswresample   4. 12.100 /  4. 12.100
  libpostproc    57.  3.100 / 57.  3.100
Input #0, mov,mp4,m4a,3gp,3g2,mj2, from 'https://github.com/Prembty12/premx-editor/releases/download/v1.0.87/Escape.from.Atlas.High.Security.Prison35.mp4':
  Metadata:
    major_brand     : isom
    minor_version   : 512
    compatible_brands: isomiso2avc1mp41
    title           : Escape.from.Atlas.High.Security.Prison35
    artist          : PremxGamer
    encoder         : Lavf60.16.100
  Duration: 00:00:56.40, start: 0.000000, bitrate: 12364 kb/s
  Stream #0:0[0x1](und): Video: h264 (High) (avc1 / 0x31637661), yuv420p(tv, unknown/bt709/bt709, progressive), 1080x1350 [SAR 1:1 DAR 4:5], 12160 kb/s, 30 fps, 30 tbr, 15360 tbn (default)
    Metadata:
      handler_name    : VideoHandler
      vendor_id       : [0][0][0][0]
      encoder         : Lavc60.31.102 libx264
  Stream #0:1[0x2](und): Audio: aac (LC) (mp4a / 0x6134706D), 48000 Hz, stereo, fltp, 195 kb/s (default)
    Metadata:
      handler_name    : SoundHandler
      vendor_id       : [0][0][0][0]
Stream mapping:
  Stream #0:0 -> #0:0 (h264 (native) -> mjpeg (native))
Press [q] to stop, [?] for help
[swscaler @ 0x56355a5d77c0] deprecated pixel format used, make sure you did set range correctly
    Last message repeated 3 times
Output #0, image2, to 'temp_frames/frame_76.jpg':
  Metadata:
    major_brand     : isom
    minor_version   : 512
    compatible_brands: isomiso2avc1mp41
    title           : Escape.from.Atlas.High.Security.Prison35
    artist          : PremxGamer
    encoder         : Lavf60.16.100
  Stream #0:0(und): Video: mjpeg, yuvj420p(pc, unknown/bt709/bt709, progressive), 1080x1350 [SAR 1:1 DAR 4:5], q=2-31, 200 kb/s, 30 fps, 30 tbn (default)
    Metadata:
      handler_name    : VideoHandler
      vendor_id       : [0][0][0][0]
      encoder         : Lavc60.31.102 mjpeg
    Side data:
      cpb: bitrate max/min/avg: 0/0/200000 buffer size: 0 vbv_delay: N/A
frame=    0 fps=0.0 q=2.0 size=       0kB time=00:00:00.00 bitrate=N/A dup=1 drop=0 speed=   0x    [image2 @ 0x56355a73eec0] The specified filename 'temp_frames/frame_76.jpg' does not contain an image sequence pattern or a pattern is invalid.
[image2 @ 0x56355a73eec0] Use a pattern such as %03d for an image sequence or use the -update option (with -frames:v 1 if needed) to write a single image.
[out#0/image2 @ 0x56355a511c80] video:146kB audio:0kB subtitle:0kB other streams:0kB global headers:0kB muxing overhead: unknown
frame=    1 fps=0.0 q=2.0 Lsize=N/A time=00:00:00.00 bitrate=N/A dup=1 drop=0 speed=   0x    
ffmpeg version 6.1.1-3ubuntu5 Copyright (c) 2000-2023 the FFmpeg developers
  built with gcc 13 (Ubuntu 13.2.0-23ubuntu3)
  configuration: --prefix=/usr --extra-version=3ubuntu5 --toolchain=hardened --libdir=/usr/lib/x86_64-linux-gnu --incdir=/usr/include/x86_64-linux-gnu --arch=amd64 --enable-gpl --disable-stripping --disable-omx --enable-gnutls --enable-libaom --enable-libass --enable-libbs2b --enable-libcaca --enable-libcdio --enable-libcodec2 --enable-libdav1d --enable-libflite --enable-libfontconfig --enable-libfreetype --enable-libfribidi --enable-libglslang --enable-libgme --enable-libgsm --enable-libharfbuzz --enable-libmp3lame --enable-libmysofa --enable-libopenjpeg --enable-libopenmpt --enable-libopus --enable-librubberband --enable-libshine --enable-libsnappy --enable-libsoxr --enable-libspeex --enable-libtheora --enable-libtwolame --enable-libvidstab --enable-libvorbis --enable-libvpx --enable-libwebp --enable-libx265 --enable-libxml2 --enable-libxvid --enable-libzimg --enable-openal --enable-opencl --enable-opengl --disable-sndio --enable-libvpl --disable-libmfx --enable-libdc1394 --enable-libdrm --enable-libiec61883 --enable-chromaprint --enable-frei0r --enable-ladspa --enable-libbluray --enable-libjack --enable-libpulse --enable-librabbitmq --enable-librist --enable-libsrt --enable-libssh --enable-libsvtav1 --enable-libx264 --enable-libzmq --enable-libzvbi --enable-lv2 --enable-sdl2 --enable-libplacebo --enable-librav1e --enable-pocketsphinx --enable-librsvg --enable-libjxl --enable-shared
  libavutil      58. 29.100 / 58. 29.100
  libavcodec     60. 31.102 / 60. 31.102
  libavformat    60. 16.100 / 60. 16.100
  libavdevice    60.  3.100 / 60.  3.100
  libavfilter     9. 12.100 /  9. 12.100
  libswscale      7.  5.100 /  7.  5.100
  libswresample   4. 12.100 /  4. 12.100
  libpostproc    57.  3.100 / 57.  3.100
Input #0, mov,mp4,m4a,3gp,3g2,mj2, from 'https://github.com/Prembty12/premx-editor/releases/download/v1.0.87/Escape.from.Atlas.High.Security.Prison35.mp4':
  Metadata:
    major_brand     : isom
    minor_version   : 512
    compatible_brands: isomiso2avc1mp41
    title           : Escape.from.Atlas.High.Security.Prison35
    artist          : PremxGamer
    encoder         : Lavf60.16.100
  Duration: 00:00:56.40, start: 0.000000, bitrate: 12364 kb/s
  Stream #0:0[0x1](und): Video: h264 (High) (avc1 / 0x31637661), yuv420p(tv, unknown/bt709/bt709, progressive), 1080x1350 [SAR 1:1 DAR 4:5], 12160 kb/s, 30 fps, 30 tbr, 15360 tbn (default)
    Metadata:
      handler_name    : VideoHandler
      vendor_id       : [0][0][0][0]
      encoder         : Lavc60.31.102 libx264
  Stream #0:1[0x2](und): Audio: aac (LC) (mp4a / 0x6134706D), 48000 Hz, stereo, fltp, 195 kb/s (default)
    Metadata:
      handler_name    : SoundHandler
      vendor_id       : [0][0][0][0]
Stream mapping:
  Stream #0:0 -> #0:0 (h264 (native) -> mjpeg (native))
Press [q] to stop, [?] for help
[swscaler @ 0x55fb3e2f97c0] deprecated pixel format used, make sure you did set range correctly
    Last message repeated 3 times
Output #0, image2, to 'temp_frames/frame_77.jpg':
  Metadata:
    major_brand     : isom
    minor_version   : 512
    compatible_brands: isomiso2avc1mp41
    title           : Escape.from.Atlas.High.Security.Prison35
    artist          : PremxGamer
    encoder         : Lavf60.16.100
  Stream #0:0(und): Video: mjpeg, yuvj420p(pc, unknown/bt709/bt709, progressive), 1080x1350 [SAR 1:1 DAR 4:5], q=2-31, 200 kb/s, 30 fps, 30 tbn (default)
    Metadata:
      handler_name    : VideoHandler
      vendor_id       : [0][0][0][0]
      encoder         : Lavc60.31.102 mjpeg
    Side data:
      cpb: bitrate max/min/avg: 0/0/200000 buffer size: 0 vbv_delay: N/A
frame=    0 fps=0.0 q=2.0 size=       0kB time=00:00:00.00 bitrate=N/A speed=   0x    [image2 @ 0x55fb3e460ec0] The specified filename 'temp_frames/frame_77.jpg' does not contain an image sequence pattern or a pattern is invalid.
[image2 @ 0x55fb3e460ec0] Use a pattern such as %03d for an image sequence or use the -update option (with -frames:v 1 if needed) to write a single image.
[out#0/image2 @ 0x55fb3e233c80] video:145kB audio:0kB subtitle:0kB other streams:0kB global headers:0kB muxing overhead: unknown
frame=    1 fps=0.0 q=2.0 Lsize=N/A time=00:00:00.00 bitrate=N/A speed=   0x    
ffmpeg version 6.1.1-3ubuntu5 Copyright (c) 2000-2023 the FFmpeg developers
  built with gcc 13 (Ubuntu 13.2.0-23ubuntu3)
  configuration: --prefix=/usr --extra-version=3ubuntu5 --toolchain=hardened --libdir=/usr/lib/x86_64-linux-gnu --incdir=/usr/include/x86_64-linux-gnu --arch=amd64 --enable-gpl --disable-stripping --disable-omx --enable-gnutls --enable-libaom --enable-libass --enable-libbs2b --enable-libcaca --enable-libcdio --enable-libcodec2 --enable-libdav1d --enable-libflite --enable-libfontconfig --enable-libfreetype --enable-libfribidi --enable-libglslang --enable-libgme --enable-libgsm --enable-libharfbuzz --enable-libmp3lame --enable-libmysofa --enable-libopenjpeg --enable-libopenmpt --enable-libopus --enable-librubberband --enable-libshine --enable-libsnappy --enable-libsoxr --enable-libspeex --enable-libtheora --enable-libtwolame --enable-libvidstab --enable-libvorbis --enable-libvpx --enable-libwebp --enable-libx265 --enable-libxml2 --enable-libxvid --enable-libzimg --enable-openal --enable-opencl --enable-opengl --disable-sndio --enable-libvpl --disable-libmfx --enable-libdc1394 --enable-libdrm --enable-libiec61883 --enable-chromaprint --enable-frei0r --enable-ladspa --enable-libbluray --enable-libjack --enable-libpulse --enable-librabbitmq --enable-librist --enable-libsrt --enable-libssh --enable-libsvtav1 --enable-libx264 --enable-libzmq --enable-libzvbi --enable-lv2 --enable-sdl2 --enable-libplacebo --enable-librav1e --enable-pocketsphinx --enable-librsvg --enable-libjxl --enable-shared
  libavutil      58. 29.100 / 58. 29.100
  libavcodec     60. 31.102 / 60. 31.102
  libavformat    60. 16.100 / 60. 16.100
  libavdevice    60.  3.100 / 60.  3.100
  libavfilter     9. 12.100 /  9. 12.100
  libswscale      7.  5.100 /  7.  5.100
  libswresample   4. 12.100 /  4. 12.100
  libpostproc    57.  3.100 / 57.  3.100
Input #0, mov,mp4,m4a,3gp,3g2,mj2, from 'https://github.com/Prembty12/premx-editor/releases/download/v1.0.87/Escape.from.Atlas.High.Security.Prison35.mp4':
  Metadata:
    major_brand     : isom
    minor_version   : 512
    compatible_brands: isomiso2avc1mp41
    title           : Escape.from.Atlas.High.Security.Prison35
    artist          : PremxGamer
    encoder         : Lavf60.16.100
  Duration: 00:00:56.40, start: 0.000000, bitrate: 12364 kb/s
  Stream #0:0[0x1](und): Video: h264 (High) (avc1 / 0x31637661), yuv420p(tv, unknown/bt709/bt709, progressive), 1080x1350 [SAR 1:1 DAR 4:5], 12160 kb/s, 30 fps, 30 tbr, 15360 tbn (default)
    Metadata:
      handler_name    : VideoHandler
      vendor_id       : [0][0][0][0]
      encoder         : Lavc60.31.102 libx264
  Stream #0:1[0x2](und): Audio: aac (LC) (mp4a / 0x6134706D), 48000 Hz, stereo, fltp, 195 kb/s (default)
    Metadata:
      handler_name    : SoundHandler
      vendor_id       : [0][0][0][0]
Stream mapping:
  Stream #0:0 -> #0:0 (h264 (native) -> mjpeg (native))
Press [q] to stop, [?] for help
[swscaler @ 0x5641e33177c0] deprecated pixel format used, make sure you did set range correctly
    Last message repeated 3 times
Output #0, image2, to 'temp_frames/frame_78.jpg':
  Metadata:
    major_brand     : isom
    minor_version   : 512
    compatible_brands: isomiso2avc1mp41
    title           : Escape.from.Atlas.High.Security.Prison35
    artist          : PremxGamer
    encoder         : Lavf60.16.100
  Stream #0:0(und): Video: mjpeg, yuvj420p(pc, unknown/bt709/bt709, progressive), 1080x1350 [SAR 1:1 DAR 4:5], q=2-31, 200 kb/s, 30 fps, 30 tbn (default)
    Metadata:
      handler_name    : VideoHandler
      vendor_id       : [0][0][0][0]
      encoder         : Lavc60.31.102 mjpeg
    Side data:
      cpb: bitrate max/min/avg: 0/0/200000 buffer size: 0 vbv_delay: N/A
frame=    0 fps=0.0 q=2.0 size=       0kB time=00:00:00.00 bitrate=N/A dup=1 drop=0 speed=   0x    [image2 @ 0x5641e347eec0] The specified filename 'temp_frames/frame_78.jpg' does not contain an image sequence pattern or a pattern is invalid.
[image2 @ 0x5641e347eec0] Use a pattern such as %03d for an image sequence or use the -update option (with -frames:v 1 if needed) to write a single image.
[out#0/image2 @ 0x5641e3251c80] video:153kB audio:0kB subtitle:0kB other streams:0kB global headers:0kB muxing overhead: unknown
frame=    1 fps=0.0 q=2.0 Lsize=N/A time=00:00:00.00 bitrate=N/A dup=1 drop=0 speed=   0x    
ffmpeg version 6.1.1-3ubuntu5 Copyright (c) 2000-2023 the FFmpeg developers
  built with gcc 13 (Ubuntu 13.2.0-23ubuntu3)
  configuration: --prefix=/usr --extra-version=3ubuntu5 --toolchain=hardened --libdir=/usr/lib/x86_64-linux-gnu --incdir=/usr/include/x86_64-linux-gnu --arch=amd64 --enable-gpl --disable-stripping --disable-omx --enable-gnutls --enable-libaom --enable-libass --enable-libbs2b --enable-libcaca --enable-libcdio --enable-libcodec2 --enable-libdav1d --enable-libflite --enable-libfontconfig --enable-libfreetype --enable-libfribidi --enable-libglslang --enable-libgme --enable-libgsm --enable-libharfbuzz --enable-libmp3lame --enable-libmysofa --enable-libopenjpeg --enable-libopenmpt --enable-libopus --enable-librubberband --enable-libshine --enable-libsnappy --enable-libsoxr --enable-libspeex --enable-libtheora --enable-libtwolame --enable-libvidstab --enable-libvorbis --enable-libvpx --enable-libwebp --enable-libx265 --enable-libxml2 --enable-libxvid --enable-libzimg --enable-openal --enable-opencl --enable-opengl --disable-sndio --enable-libvpl --disable-libmfx --enable-libdc1394 --enable-libdrm --enable-libiec61883 --enable-chromaprint --enable-frei0r --enable-ladspa --enable-libbluray --enable-libjack --enable-libpulse --enable-librabbitmq --enable-librist --enable-libsrt --enable-libssh --enable-libsvtav1 --enable-libx264 --enable-libzmq --enable-libzvbi --enable-lv2 --enable-sdl2 --enable-libplacebo --enable-librav1e --enable-pocketsphinx --enable-librsvg --enable-libjxl --enable-shared
  libavutil      58. 29.100 / 58. 29.100
  libavcodec     60. 31.102 / 60. 31.102
  libavformat    60. 16.100 / 60. 16.100
  libavdevice    60.  3.100 / 60.  3.100
  libavfilter     9. 12.100 /  9. 12.100
  libswscale      7.  5.100 /  7.  5.100
  libswresample   4. 12.100 /  4. 12.100
  libpostproc    57.  3.100 / 57.  3.100
Input #0, mov,mp4,m4a,3gp,3g2,mj2, from 'https://github.com/Prembty12/premx-editor/releases/download/v1.0.87/Escape.from.Atlas.High.Security.Prison35.mp4':
  Metadata:
    major_brand     : isom
    minor_version   : 512
    compatible_brands: isomiso2avc1mp41
    title           : Escape.from.Atlas.High.Security.Prison35
    artist          : PremxGamer
    encoder         : Lavf60.16.100
  Duration: 00:00:56.40, start: 0.000000, bitrate: 12364 kb/s
  Stream #0:0[0x1](und): Video: h264 (High) (avc1 / 0x31637661), yuv420p(tv, unknown/bt709/bt709, progressive), 1080x1350 [SAR 1:1 DAR 4:5], 12160 kb/s, 30 fps, 30 tbr, 15360 tbn (default)
    Metadata:
      handler_name    : VideoHandler
      vendor_id       : [0][0][0][0]
      encoder         : Lavc60.31.102 libx264
  Stream #0:1[0x2](und): Audio: aac (LC) (mp4a / 0x6134706D), 48000 Hz, stereo, fltp, 195 kb/s (default)
    Metadata:
      handler_name    : SoundHandler
      vendor_id       : [0][0][0][0]
Stream mapping:
  Stream #0:0 -> #0:0 (h264 (native) -> mjpeg (native))
Press [q] to stop, [?] for help
[swscaler @ 0x55b582d6d7c0] deprecated pixel format used, make sure you did set range correctly
    Last message repeated 3 times
Output #0, image2, to 'temp_frames/frame_79.jpg':
  Metadata:
    major_brand     : isom
    minor_version   : 512
    compatible_brands: isomiso2avc1mp41
    title           : Escape.from.Atlas.High.Security.Prison35
    artist          : PremxGamer
    encoder         : Lavf60.16.100
  Stream #0:0(und): Video: mjpeg, yuvj420p(pc, unknown/bt709/bt709, progressive), 1080x1350 [SAR 1:1 DAR 4:5], q=2-31, 200 kb/s, 30 fps, 30 tbn (default)
    Metadata:
      handler_name    : VideoHandler
      vendor_id       : [0][0][0][0]
      encoder         : Lavc60.31.102 mjpeg
    Side data:
      cpb: bitrate max/min/avg: 0/0/200000 buffer size: 0 vbv_delay: N/A
frame=    0 fps=0.0 q=2.0 size=       0kB time=00:00:00.00 bitrate=N/A speed=   0x    [image2 @ 0x55b582ed4ec0] The specified filename 'temp_frames/frame_79.jpg' does not contain an image sequence pattern or a pattern is invalid.
[image2 @ 0x55b582ed4ec0] Use a pattern such as %03d for an image sequence or use the -update option (with -frames:v 1 if needed) to write a single image.
[out#0/image2 @ 0x55b582ca7c80] video:202kB audio:0kB subtitle:0kB other streams:0kB global headers:0kB muxing overhead: unknown
frame=    1 fps=0.0 q=2.0 Lsize=N/A time=00:00:00.00 bitrate=N/A speed=   0x    
ffmpeg version 6.1.1-3ubuntu5 Copyright (c) 2000-2023 the FFmpeg developers
  built with gcc 13 (Ubuntu 13.2.0-23ubuntu3)
  configuration: --prefix=/usr --extra-version=3ubuntu5 --toolchain=hardened --libdir=/usr/lib/x86_64-linux-gnu --incdir=/usr/include/x86_64-linux-gnu --arch=amd64 --enable-gpl --disable-stripping --disable-omx --enable-gnutls --enable-libaom --enable-libass --enable-libbs2b --enable-libcaca --enable-libcdio --enable-libcodec2 --enable-libdav1d --enable-libflite --enable-libfontconfig --enable-libfreetype --enable-libfribidi --enable-libglslang --enable-libgme --enable-libgsm --enable-libharfbuzz --enable-libmp3lame --enable-libmysofa --enable-libopenjpeg --enable-libopenmpt --enable-libopus --enable-librubberband --enable-libshine --enable-libsnappy --enable-libsoxr --enable-libspeex --enable-libtheora --enable-libtwolame --enable-libvidstab --enable-libvorbis --enable-libvpx --enable-libwebp --enable-libx265 --enable-libxml2 --enable-libxvid --enable-libzimg --enable-openal --enable-opencl --enable-opengl --disable-sndio --enable-libvpl --disable-libmfx --enable-libdc1394 --enable-libdrm --enable-libiec61883 --enable-chromaprint --enable-frei0r --enable-ladspa --enable-libbluray --enable-libjack --enable-libpulse --enable-librabbitmq --enable-librist --enable-libsrt --enable-libssh --enable-libsvtav1 --enable-libx264 --enable-libzmq --enable-libzvbi --enable-lv2 --enable-sdl2 --enable-libplacebo --enable-librav1e --enable-pocketsphinx --enable-librsvg --enable-libjxl --enable-shared
  libavutil      58. 29.100 / 58. 29.100
  libavcodec     60. 31.102 / 60. 31.102
  libavformat    60. 16.100 / 60. 16.100
  libavdevice    60.  3.100 / 60.  3.100
  libavfilter     9. 12.100 /  9. 12.100
  libswscale      7.  5.100 /  7.  5.100
  libswresample   4. 12.100 /  4. 12.100
  libpostproc    57.  3.100 / 57.  3.100
Input #0, mov,mp4,m4a,3gp,3g2,mj2, from 'https://github.com/Prembty12/premx-editor/releases/download/v1.0.87/Escape.from.Atlas.High.Security.Prison35.mp4':
  Metadata:
    major_brand     : isom
    minor_version   : 512
    compatible_brands: isomiso2avc1mp41
    title           : Escape.from.Atlas.High.Security.Prison35
    artist          : PremxGamer
    encoder         : Lavf60.16.100
  Duration: 00:00:56.40, start: 0.000000, bitrate: 12364 kb/s
  Stream #0:0[0x1](und): Video: h264 (High) (avc1 / 0x31637661), yuv420p(tv, unknown/bt709/bt709, progressive), 1080x1350 [SAR 1:1 DAR 4:5], 12160 kb/s, 30 fps, 30 tbr, 15360 tbn (default)
    Metadata:
      handler_name    : VideoHandler
      vendor_id       : [0][0][0][0]
      encoder         : Lavc60.31.102 libx264
  Stream #0:1[0x2](und): Audio: aac (LC) (mp4a / 0x6134706D), 48000 Hz, stereo, fltp, 195 kb/s (default)
    Metadata:
      handler_name    : SoundHandler
      vendor_id       : [0][0][0][0]
Stream mapping:
  Stream #0:0 -> #0:0 (h264 (native) -> mjpeg (native))
Press [q] to stop, [?] for help
[swscaler @ 0x5617e189e7c0] deprecated pixel format used, make sure you did set range correctly
    Last message repeated 3 times
Output #0, image2, to 'temp_frames/frame_80.jpg':
  Metadata:
    major_brand     : isom
    minor_version   : 512
    compatible_brands: isomiso2avc1mp41
    title           : Escape.from.Atlas.High.Security.Prison35
    artist          : PremxGamer
    encoder         : Lavf60.16.100
  Stream #0:0(und): Video: mjpeg, yuvj420p(pc, unknown/bt709/bt709, progressive), 1080x1350 [SAR 1:1 DAR 4:5], q=2-31, 200 kb/s, 30 fps, 30 tbn (default)
    Metadata:
      handler_name    : VideoHandler
      vendor_id       : [0][0][0][0]
      encoder         : Lavc60.31.102 mjpeg
    Side data:
      cpb: bitrate max/min/avg: 0/0/200000 buffer size: 0 vbv_delay: N/A
frame=    0 fps=0.0 q=2.0 size=       0kB time=00:00:00.00 bitrate=N/A speed=   0x    [image2 @ 0x5617e1a05ec0] The specified filename 'temp_frames/frame_80.jpg' does not contain an image sequence pattern or a pattern is invalid.
[image2 @ 0x5617e1a05ec0] Use a pattern such as %03d for an image sequence or use the -update option (with -frames:v 1 if needed) to write a single image.
[out#0/image2 @ 0x5617e17d8c80] video:190kB audio:0kB subtitle:0kB other streams:0kB global headers:0kB muxing overhead: unknown
frame=    1 fps=0.0 q=2.0 Lsize=N/A time=00:00:00.00 bitrate=N/A speed=   0x    
ffmpeg version 6.1.1-3ubuntu5 Copyright (c) 2000-2023 the FFmpeg developers
  built with gcc 13 (Ubuntu 13.2.0-23ubuntu3)
  configuration: --prefix=/usr --extra-version=3ubuntu5 --toolchain=hardened --libdir=/usr/lib/x86_64-linux-gnu --incdir=/usr/include/x86_64-linux-gnu --arch=amd64 --enable-gpl --disable-stripping --disable-omx --enable-gnutls --enable-libaom --enable-libass --enable-libbs2b --enable-libcaca --enable-libcdio --enable-libcodec2 --enable-libdav1d --enable-libflite --enable-libfontconfig --enable-libfreetype --enable-libfribidi --enable-libglslang --enable-libgme --enable-libgsm --enable-libharfbuzz --enable-libmp3lame --enable-libmysofa --enable-libopenjpeg --enable-libopenmpt --enable-libopus --enable-librubberband --enable-libshine --enable-libsnappy --enable-libsoxr --enable-libspeex --enable-libtheora --enable-libtwolame --enable-libvidstab --enable-libvorbis --enable-libvpx --enable-libwebp --enable-libx265 --enable-libxml2 --enable-libxvid --enable-libzimg --enable-openal --enable-opencl --enable-opengl --disable-sndio --enable-libvpl --disable-libmfx --enable-libdc1394 --enable-libdrm --enable-libiec61883 --enable-chromaprint --enable-frei0r --enable-ladspa --enable-libbluray --enable-libjack --enable-libpulse --enable-librabbitmq --enable-librist --enable-libsrt --enable-libssh --enable-libsvtav1 --enable-libx264 --enable-libzmq --enable-libzvbi --enable-lv2 --enable-sdl2 --enable-libplacebo --enable-librav1e --enable-pocketsphinx --enable-librsvg --enable-libjxl --enable-shared
  libavutil      58. 29.100 / 58. 29.100
  libavcodec     60. 31.102 / 60. 31.102
  libavformat    60. 16.100 / 60. 16.100
  libavdevice    60.  3.100 / 60.  3.100
  libavfilter     9. 12.100 /  9. 12.100
  libswscale      7.  5.100 /  7.  5.100
  libswresample   4. 12.100 /  4. 12.100
  libpostproc    57.  3.100 / 57.  3.100
Input #0, mov,mp4,m4a,3gp,3g2,mj2, from 'https://github.com/Prembty12/premx-editor/releases/download/v1.0.87/Escape.from.Atlas.High.Security.Prison35.mp4':
  Metadata:
    major_brand     : isom
    minor_version   : 512
    compatible_brands: isomiso2avc1mp41
    title           : Escape.from.Atlas.High.Security.Prison35
    artist          : PremxGamer
    encoder         : Lavf60.16.100
  Duration: 00:00:56.40, start: 0.000000, bitrate: 12364 kb/s
  Stream #0:0[0x1](und): Video: h264 (High) (avc1 / 0x31637661), yuv420p(tv, unknown/bt709/bt709, progressive), 1080x1350 [SAR 1:1 DAR 4:5], 12160 kb/s, 30 fps, 30 tbr, 15360 tbn (default)
    Metadata:
      handler_name    : VideoHandler
      vendor_id       : [0][0][0][0]
      encoder         : Lavc60.31.102 libx264
  Stream #0:1[0x2](und): Audio: aac (LC) (mp4a / 0x6134706D), 48000 Hz, stereo, fltp, 195 kb/s (default)
    Metadata:
      handler_name    : SoundHandler
      vendor_id       : [0][0][0][0]
Stream mapping:
  Stream #0:0 -> #0:0 (h264 (native) -> mjpeg (native))
Press [q] to stop, [?] for help
[swscaler @ 0x55a3f101f7c0] deprecated pixel format used, make sure you did set range correctly
    Last message repeated 3 times
Output #0, image2, to 'temp_frames/frame_81.jpg':
  Metadata:
    major_brand     : isom
    minor_version   : 512
    compatible_brands: isomiso2avc1mp41
    title           : Escape.from.Atlas.High.Security.Prison35
    artist          : PremxGamer
    encoder         : Lavf60.16.100
  Stream #0:0(und): Video: mjpeg, yuvj420p(pc, unknown/bt709/bt709, progressive), 1080x1350 [SAR 1:1 DAR 4:5], q=2-31, 200 kb/s, 30 fps, 30 tbn (default)
    Metadata:
      handler_name    : VideoHandler
      vendor_id       : [0][0][0][0]
      encoder         : Lavc60.31.102 mjpeg
    Side data:
      cpb: bitrate max/min/avg: 0/0/200000 buffer size: 0 vbv_delay: N/A
frame=    0 fps=0.0 q=2.0 size=       0kB time=00:00:00.00 bitrate=N/A dup=1 drop=0 speed=   0x    [image2 @ 0x55a3f1186ec0] The specified filename 'temp_frames/frame_81.jpg' does not contain an image sequence pattern or a pattern is invalid.
[image2 @ 0x55a3f1186ec0] Use a pattern such as %03d for an image sequence or use the -update option (with -frames:v 1 if needed) to write a single image.
[out#0/image2 @ 0x55a3f0f59c80] video:206kB audio:0kB subtitle:0kB other streams:0kB global headers:0kB muxing overhead: unknown
frame=    1 fps=0.0 q=2.0 Lsize=N/A time=00:00:00.00 bitrate=N/A dup=1 drop=0 speed=   0x    
ffmpeg version 6.1.1-3ubuntu5 Copyright (c) 2000-2023 the FFmpeg developers
  built with gcc 13 (Ubuntu 13.2.0-23ubuntu3)
  configuration: --prefix=/usr --extra-version=3ubuntu5 --toolchain=hardened --libdir=/usr/lib/x86_64-linux-gnu --incdir=/usr/include/x86_64-linux-gnu --arch=amd64 --enable-gpl --disable-stripping --disable-omx --enable-gnutls --enable-libaom --enable-libass --enable-libbs2b --enable-libcaca --enable-libcdio --enable-libcodec2 --enable-libdav1d --enable-libflite --enable-libfontconfig --enable-libfreetype --enable-libfribidi --enable-libglslang --enable-libgme --enable-libgsm --enable-libharfbuzz --enable-libmp3lame --enable-libmysofa --enable-libopenjpeg --enable-libopenmpt --enable-libopus --enable-librubberband --enable-libshine --enable-libsnappy --enable-libsoxr --enable-libspeex --enable-libtheora --enable-libtwolame --enable-libvidstab --enable-libvorbis --enable-libvpx --enable-libwebp --enable-libx265 --enable-libxml2 --enable-libxvid --enable-libzimg --enable-openal --enable-opencl --enable-opengl --disable-sndio --enable-libvpl --disable-libmfx --enable-libdc1394 --enable-libdrm --enable-libiec61883 --enable-chromaprint --enable-frei0r --enable-ladspa --enable-libbluray --enable-libjack --enable-libpulse --enable-librabbitmq --enable-librist --enable-libsrt --enable-libssh --enable-libsvtav1 --enable-libx264 --enable-libzmq --enable-libzvbi --enable-lv2 --enable-sdl2 --enable-libplacebo --enable-librav1e --enable-pocketsphinx --enable-librsvg --enable-libjxl --enable-shared
  libavutil      58. 29.100 / 58. 29.100
  libavcodec     60. 31.102 / 60. 31.102
  libavformat    60. 16.100 / 60. 16.100
  libavdevice    60.  3.100 / 60.  3.100
  libavfilter     9. 12.100 /  9. 12.100
  libswscale      7.  5.100 /  7.  5.100
  libswresample   4. 12.100 /  4. 12.100
  libpostproc    57.  3.100 / 57.  3.100
Input #0, mov,mp4,m4a,3gp,3g2,mj2, from 'https://github.com/Prembty12/premx-editor/releases/download/v1.0.87/Escape.from.Atlas.High.Security.Prison35.mp4':
  Metadata:
    major_brand     : isom
    minor_version   : 512
    compatible_brands: isomiso2avc1mp41
    title           : Escape.from.Atlas.High.Security.Prison35
    artist          : PremxGamer
    encoder         : Lavf60.16.100
  Duration: 00:00:56.40, start: 0.000000, bitrate: 12364 kb/s
  Stream #0:0[0x1](und): Video: h264 (High) (avc1 / 0x31637661), yuv420p(tv, unknown/bt709/bt709, progressive), 1080x1350 [SAR 1:1 DAR 4:5], 12160 kb/s, 30 fps, 30 tbr, 15360 tbn (default)
    Metadata:
      handler_name    : VideoHandler
      vendor_id       : [0][0][0][0]
      encoder         : Lavc60.31.102 libx264
  Stream #0:1[0x2](und): Audio: aac (LC) (mp4a / 0x6134706D), 48000 Hz, stereo, fltp, 195 kb/s (default)
    Metadata:
      handler_name    : SoundHandler
      vendor_id       : [0][0][0][0]
Stream mapping:
  Stream #0:0 -> #0:0 (h264 (native) -> mjpeg (native))
Press [q] to stop, [?] for help
[swscaler @ 0x5614d2a577c0] deprecated pixel format used, make sure you did set range correctly
    Last message repeated 3 times
Output #0, image2, to 'temp_frames/frame_82.jpg':
  Metadata:
    major_brand     : isom
    minor_version   : 512
    compatible_brands: isomiso2avc1mp41
    title           : Escape.from.Atlas.High.Security.Prison35
    artist          : PremxGamer
    encoder         : Lavf60.16.100
  Stream #0:0(und): Video: mjpeg, yuvj420p(pc, unknown/bt709/bt709, progressive), 1080x1350 [SAR 1:1 DAR 4:5], q=2-31, 200 kb/s, 30 fps, 30 tbn (default)
    Metadata:
      handler_name    : VideoHandler
      vendor_id       : [0][0][0][0]
      encoder         : Lavc60.31.102 mjpeg
    Side data:
      cpb: bitrate max/min/avg: 0/0/200000 buffer size: 0 vbv_delay: N/A
frame=    0 fps=0.0 q=2.0 size=       0kB time=00:00:00.00 bitrate=N/A speed=   0x    [image2 @ 0x5614d2bbeec0] The specified filename 'temp_frames/frame_82.jpg' does not contain an image sequence pattern or a pattern is invalid.
[image2 @ 0x5614d2bbeec0] Use a pattern such as %03d for an image sequence or use the -update option (with -frames:v 1 if needed) to write a single image.
[out#0/image2 @ 0x5614d2991c80] video:238kB audio:0kB subtitle:0kB other streams:0kB global headers:0kB muxing overhead: unknown
frame=    1 fps=0.0 q=2.0 Lsize=N/A time=00:00:00.00 bitrate=N/A speed=   0x    
ffmpeg version 6.1.1-3ubuntu5 Copyright (c) 2000-2023 the FFmpeg developers
  built with gcc 13 (Ubuntu 13.2.0-23ubuntu3)
  configuration: --prefix=/usr --extra-version=3ubuntu5 --toolchain=hardened --libdir=/usr/lib/x86_64-linux-gnu --incdir=/usr/include/x86_64-linux-gnu --arch=amd64 --enable-gpl --disable-stripping --disable-omx --enable-gnutls --enable-libaom --enable-libass --enable-libbs2b --enable-libcaca --enable-libcdio --enable-libcodec2 --enable-libdav1d --enable-libflite --enable-libfontconfig --enable-libfreetype --enable-libfribidi --enable-libglslang --enable-libgme --enable-libgsm --enable-libharfbuzz --enable-libmp3lame --enable-libmysofa --enable-libopenjpeg --enable-libopenmpt --enable-libopus --enable-librubberband --enable-libshine --enable-libsnappy --enable-libsoxr --enable-libspeex --enable-libtheora --enable-libtwolame --enable-libvidstab --enable-libvorbis --enable-libvpx --enable-libwebp --enable-libx265 --enable-libxml2 --enable-libxvid --enable-libzimg --enable-openal --enable-opencl --enable-opengl --disable-sndio --enable-libvpl --disable-libmfx --enable-libdc1394 --enable-libdrm --enable-libiec61883 --enable-chromaprint --enable-frei0r --enable-ladspa --enable-libbluray --enable-libjack --enable-libpulse --enable-librabbitmq --enable-librist --enable-libsrt --enable-libssh --enable-libsvtav1 --enable-libx264 --enable-libzmq --enable-libzvbi --enable-lv2 --enable-sdl2 --enable-libplacebo --enable-librav1e --enable-pocketsphinx --enable-librsvg --enable-libjxl --enable-shared
  libavutil      58. 29.100 / 58. 29.100
  libavcodec     60. 31.102 / 60. 31.102
  libavformat    60. 16.100 / 60. 16.100
  libavdevice    60.  3.100 / 60.  3.100
  libavfilter     9. 12.100 /  9. 12.100
  libswscale      7.  5.100 /  7.  5.100
  libswresample   4. 12.100 /  4. 12.100
  libpostproc    57.  3.100 / 57.  3.100
Input #0, mov,mp4,m4a,3gp,3g2,mj2, from 'https://github.com/Prembty12/premx-editor/releases/download/v1.0.87/Escape.from.Atlas.High.Security.Prison35.mp4':
  Metadata:
    major_brand     : isom
    minor_version   : 512
    compatible_brands: isomiso2avc1mp41
    title           : Escape.from.Atlas.High.Security.Prison35
    artist          : PremxGamer
    encoder         : Lavf60.16.100
  Duration: 00:00:56.40, start: 0.000000, bitrate: 12364 kb/s
  Stream #0:0[0x1](und): Video: h264 (High) (avc1 / 0x31637661), yuv420p(tv, unknown/bt709/bt709, progressive), 1080x1350 [SAR 1:1 DAR 4:5], 12160 kb/s, 30 fps, 30 tbr, 15360 tbn (default)
    Metadata:
      handler_name    : VideoHandler
      vendor_id       : [0][0][0][0]
      encoder         : Lavc60.31.102 libx264
  Stream #0:1[0x2](und): Audio: aac (LC) (mp4a / 0x6134706D), 48000 Hz, stereo, fltp, 195 kb/s (default)
    Metadata:
      handler_name    : SoundHandler
      vendor_id       : [0][0][0][0]
Stream mapping:
  Stream #0:0 -> #0:0 (h264 (native) -> mjpeg (native))
Press [q] to stop, [?] for help
[swscaler @ 0x55f32ea277c0] deprecated pixel format used, make sure you did set range correctly
    Last message repeated 3 times
Output #0, image2, to 'temp_frames/frame_83.jpg':
  Metadata:
    major_brand     : isom
    minor_version   : 512
    compatible_brands: isomiso2avc1mp41
    title           : Escape.from.Atlas.High.Security.Prison35
    artist          : PremxGamer
    encoder         : Lavf60.16.100
  Stream #0:0(und): Video: mjpeg, yuvj420p(pc, unknown/bt709/bt709, progressive), 1080x1350 [SAR 1:1 DAR 4:5], q=2-31, 200 kb/s, 30 fps, 30 tbn (default)
    Metadata:
      handler_name    : VideoHandler
      vendor_id       : [0][0][0][0]
      encoder         : Lavc60.31.102 mjpeg
    Side data:
      cpb: bitrate max/min/avg: 0/0/200000 buffer size: 0 vbv_delay: N/A
frame=    0 fps=0.0 q=2.0 size=       0kB time=00:00:00.00 bitrate=N/A speed=   0x    [image2 @ 0x55f32eb8eec0] The specified filename 'temp_frames/frame_83.jpg' does not contain an image sequence pattern or a pattern is invalid.
[image2 @ 0x55f32eb8eec0] Use a pattern such as %03d for an image sequence or use the -update option (with -frames:v 1 if needed) to write a single image.
[out#0/image2 @ 0x55f32e961c80] video:215kB audio:0kB subtitle:0kB other streams:0kB global headers:0kB muxing overhead: unknown
frame=    1 fps=0.0 q=2.0 Lsize=N/A time=00:00:00.00 bitrate=N/A speed=   0x    
ffmpeg version 6.1.1-3ubuntu5 Copyright (c) 2000-2023 the FFmpeg developers
  built with gcc 13 (Ubuntu 13.2.0-23ubuntu3)
  configuration: --prefix=/usr --extra-version=3ubuntu5 --toolchain=hardened --libdir=/usr/lib/x86_64-linux-gnu --incdir=/usr/include/x86_64-linux-gnu --arch=amd64 --enable-gpl --disable-stripping --disable-omx --enable-gnutls --enable-libaom --enable-libass --enable-libbs2b --enable-libcaca --enable-libcdio --enable-libcodec2 --enable-libdav1d --enable-libflite --enable-libfontconfig --enable-libfreetype --enable-libfribidi --enable-libglslang --enable-libgme --enable-libgsm --enable-libharfbuzz --enable-libmp3lame --enable-libmysofa --enable-libopenjpeg --enable-libopenmpt --enable-libopus --enable-librubberband --enable-libshine --enable-libsnappy --enable-libsoxr --enable-libspeex --enable-libtheora --enable-libtwolame --enable-libvidstab --enable-libvorbis --enable-libvpx --enable-libwebp --enable-libx265 --enable-libxml2 --enable-libxvid --enable-libzimg --enable-openal --enable-opencl --enable-opengl --disable-sndio --enable-libvpl --disable-libmfx --enable-libdc1394 --enable-libdrm --enable-libiec61883 --enable-chromaprint --enable-frei0r --enable-ladspa --enable-libbluray --enable-libjack --enable-libpulse --enable-librabbitmq --enable-librist --enable-libsrt --enable-libssh --enable-libsvtav1 --enable-libx264 --enable-libzmq --enable-libzvbi --enable-lv2 --enable-sdl2 --enable-libplacebo --enable-librav1e --enable-pocketsphinx --enable-librsvg --enable-libjxl --enable-shared
  libavutil      58. 29.100 / 58. 29.100
  libavcodec     60. 31.102 / 60. 31.102
  libavformat    60. 16.100 / 60. 16.100
  libavdevice    60.  3.100 / 60.  3.100
  libavfilter     9. 12.100 /  9. 12.100
  libswscale      7.  5.100 /  7.  5.100
  libswresample   4. 12.100 /  4. 12.100
  libpostproc    57.  3.100 / 57.  3.100
Input #0, mov,mp4,m4a,3gp,3g2,mj2, from 'https://github.com/Prembty12/premx-editor/releases/download/v1.0.87/Escape.from.Atlas.High.Security.Prison35.mp4':
  Metadata:
    major_brand     : isom
    minor_version   : 512
    compatible_brands: isomiso2avc1mp41
    title           : Escape.from.Atlas.High.Security.Prison35
    artist          : PremxGamer
    encoder         : Lavf60.16.100
  Duration: 00:00:56.40, start: 0.000000, bitrate: 12364 kb/s
  Stream #0:0[0x1](und): Video: h264 (High) (avc1 / 0x31637661), yuv420p(tv, unknown/bt709/bt709, progressive), 1080x1350 [SAR 1:1 DAR 4:5], 12160 kb/s, 30 fps, 30 tbr, 15360 tbn (default)
    Metadata:
      handler_name    : VideoHandler
      vendor_id       : [0][0][0][0]
      encoder         : Lavc60.31.102 libx264
  Stream #0:1[0x2](und): Audio: aac (LC) (mp4a / 0x6134706D), 48000 Hz, stereo, fltp, 195 kb/s (default)
    Metadata:
      handler_name    : SoundHandler
      vendor_id       : [0][0][0][0]
Stream mapping:
  Stream #0:0 -> #0:0 (h264 (native) -> mjpeg (native))
Press [q] to stop, [?] for help
[swscaler @ 0x56517fc987c0] deprecated pixel format used, make sure you did set range correctly
    Last message repeated 3 times
Output #0, image2, to 'temp_frames/frame_84.jpg':
  Metadata:
    major_brand     : isom
    minor_version   : 512
    compatible_brands: isomiso2avc1mp41
    title           : Escape.from.Atlas.High.Security.Prison35
    artist          : PremxGamer
    encoder         : Lavf60.16.100
  Stream #0:0(und): Video: mjpeg, yuvj420p(pc, unknown/bt709/bt709, progressive), 1080x1350 [SAR 1:1 DAR 4:5], q=2-31, 200 kb/s, 30 fps, 30 tbn (default)
    Metadata:
      handler_name    : VideoHandler
      vendor_id       : [0][0][0][0]
      encoder         : Lavc60.31.102 mjpeg
    Side data:
      cpb: bitrate max/min/avg: 0/0/200000 buffer size: 0 vbv_delay: N/A
frame=    0 fps=0.0 q=2.0 size=       0kB time=00:00:00.00 bitrate=N/A dup=1 drop=0 speed=   0x    [image2 @ 0x56517fdffec0] The specified filename 'temp_frames/frame_84.jpg' does not contain an image sequence pattern or a pattern is invalid.
[image2 @ 0x56517fdffec0] Use a pattern such as %03d for an image sequence or use the -update option (with -frames:v 1 if needed) to write a single image.
[out#0/image2 @ 0x56517fbd2c80] video:216kB audio:0kB subtitle:0kB other streams:0kB global headers:0kB muxing overhead: unknown
frame=    1 fps=0.0 q=2.0 Lsize=N/A time=00:00:00.00 bitrate=N/A dup=1 drop=0 speed=   0x    
ffmpeg version 6.1.1-3ubuntu5 Copyright (c) 2000-2023 the FFmpeg developers
  built with gcc 13 (Ubuntu 13.2.0-23ubuntu3)
  configuration: --prefix=/usr --extra-version=3ubuntu5 --toolchain=hardened --libdir=/usr/lib/x86_64-linux-gnu --incdir=/usr/include/x86_64-linux-gnu --arch=amd64 --enable-gpl --disable-stripping --disable-omx --enable-gnutls --enable-libaom --enable-libass --enable-libbs2b --enable-libcaca --enable-libcdio --enable-libcodec2 --enable-libdav1d --enable-libflite --enable-libfontconfig --enable-libfreetype --enable-libfribidi --enable-libglslang --enable-libgme --enable-libgsm --enable-libharfbuzz --enable-libmp3lame --enable-libmysofa --enable-libopenjpeg --enable-libopenmpt --enable-libopus --enable-librubberband --enable-libshine --enable-libsnappy --enable-libsoxr --enable-libspeex --enable-libtheora --enable-libtwolame --enable-libvidstab --enable-libvorbis --enable-libvpx --enable-libwebp --enable-libx265 --enable-libxml2 --enable-libxvid --enable-libzimg --enable-openal --enable-opencl --enable-opengl --disable-sndio --enable-libvpl --disable-libmfx --enable-libdc1394 --enable-libdrm --enable-libiec61883 --enable-chromaprint --enable-frei0r --enable-ladspa --enable-libbluray --enable-libjack --enable-libpulse --enable-librabbitmq --enable-librist --enable-libsrt --enable-libssh --enable-libsvtav1 --enable-libx264 --enable-libzmq --enable-libzvbi --enable-lv2 --enable-sdl2 --enable-libplacebo --enable-librav1e --enable-pocketsphinx --enable-librsvg --enable-libjxl --enable-shared
  libavutil      58. 29.100 / 58. 29.100
  libavcodec     60. 31.102 / 60. 31.102
  libavformat    60. 16.100 / 60. 16.100
  libavdevice    60.  3.100 / 60.  3.100
  libavfilter     9. 12.100 /  9. 12.100
  libswscale      7.  5.100 /  7.  5.100
  libswresample   4. 12.100 /  4. 12.100
  libpostproc    57.  3.100 / 57.  3.100
Input #0, mov,mp4,m4a,3gp,3g2,mj2, from 'https://github.com/Prembty12/premx-editor/releases/download/v1.0.87/Escape.from.Atlas.High.Security.Prison35.mp4':
  Metadata:
    major_brand     : isom
    minor_version   : 512
    compatible_brands: isomiso2avc1mp41
    title           : Escape.from.Atlas.High.Security.Prison35
    artist          : PremxGamer
    encoder         : Lavf60.16.100
  Duration: 00:00:56.40, start: 0.000000, bitrate: 12364 kb/s
  Stream #0:0[0x1](und): Video: h264 (High) (avc1 / 0x31637661), yuv420p(tv, unknown/bt709/bt709, progressive), 1080x1350 [SAR 1:1 DAR 4:5], 12160 kb/s, 30 fps, 30 tbr, 15360 tbn (default)
    Metadata:
      handler_name    : VideoHandler
      vendor_id       : [0][0][0][0]
      encoder         : Lavc60.31.102 libx264
  Stream #0:1[0x2](und): Audio: aac (LC) (mp4a / 0x6134706D), 48000 Hz, stereo, fltp, 195 kb/s (default)
    Metadata:
      handler_name    : SoundHandler
      vendor_id       : [0][0][0][0]
Stream mapping:
  Stream #0:0 -> #0:0 (h264 (native) -> mjpeg (native))
Press [q] to stop, [?] for help
[swscaler @ 0x55b32e37e7c0] deprecated pixel format used, make sure you did set range correctly
    Last message repeated 3 times
Output #0, image2, to 'temp_frames/frame_85.jpg':
  Metadata:
    major_brand     : isom
    minor_version   : 512
    compatible_brands: isomiso2avc1mp41
    title           : Escape.from.Atlas.High.Security.Prison35
    artist          : PremxGamer
    encoder         : Lavf60.16.100
  Stream #0:0(und): Video: mjpeg, yuvj420p(pc, unknown/bt709/bt709, progressive), 1080x1350 [SAR 1:1 DAR 4:5], q=2-31, 200 kb/s, 30 fps, 30 tbn (default)
    Metadata:
      handler_name    : VideoHandler
      vendor_id       : [0][0][0][0]
      encoder         : Lavc60.31.102 mjpeg
    Side data:
      cpb: bitrate max/min/avg: 0/0/200000 buffer size: 0 vbv_delay: N/A
[image2 @ 0x55b32e4e5ec0] The specified filename 'temp_frames/frame_85.jpg' does not contain an image sequence pattern or a pattern is invalid.
[image2 @ 0x55b32e4e5ec0] Use a pattern such as %03d for an image sequence or use the -update option (with -frames:v 1 if needed) to write a single image.
frame=    1 fps=0.0 q=2.0 size=N/A time=00:00:00.00 bitrate=N/A dup=1 drop=0 speed=   0x    [out#0/image2 @ 0x55b32e2b8c80] video:214kB audio:0kB subtitle:0kB other streams:0kB global headers:0kB muxing overhead: unknown
frame=    1 fps=0.0 q=2.0 Lsize=N/A time=00:00:00.00 bitrate=N/A dup=1 drop=0 speed=   0x    
ffmpeg version 6.1.1-3ubuntu5 Copyright (c) 2000-2023 the FFmpeg developers
  built with gcc 13 (Ubuntu 13.2.0-23ubuntu3)
  configuration: --prefix=/usr --extra-version=3ubuntu5 --toolchain=hardened --libdir=/usr/lib/x86_64-linux-gnu --incdir=/usr/include/x86_64-linux-gnu --arch=amd64 --enable-gpl --disable-stripping --disable-omx --enable-gnutls --enable-libaom --enable-libass --enable-libbs2b --enable-libcaca --enable-libcdio --enable-libcodec2 --enable-libdav1d --enable-libflite --enable-libfontconfig --enable-libfreetype --enable-libfribidi --enable-libglslang --enable-libgme --enable-libgsm --enable-libharfbuzz --enable-libmp3lame --enable-libmysofa --enable-libopenjpeg --enable-libopenmpt --enable-libopus --enable-librubberband --enable-libshine --enable-libsnappy --enable-libsoxr --enable-libspeex --enable-libtheora --enable-libtwolame --enable-libvidstab --enable-libvorbis --enable-libvpx --enable-libwebp --enable-libx265 --enable-libxml2 --enable-libxvid --enable-libzimg --enable-openal --enable-opencl --enable-opengl --disable-sndio --enable-libvpl --disable-libmfx --enable-libdc1394 --enable-libdrm --enable-libiec61883 --enable-chromaprint --enable-frei0r --enable-ladspa --enable-libbluray --enable-libjack --enable-libpulse --enable-librabbitmq --enable-librist --enable-libsrt --enable-libssh --enable-libsvtav1 --enable-libx264 --enable-libzmq --enable-libzvbi --enable-lv2 --enable-sdl2 --enable-libplacebo --enable-librav1e --enable-pocketsphinx --enable-librsvg --enable-libjxl --enable-shared
  libavutil      58. 29.100 / 58. 29.100
  libavcodec     60. 31.102 / 60. 31.102
  libavformat    60. 16.100 / 60. 16.100
  libavdevice    60.  3.100 / 60.  3.100
  libavfilter     9. 12.100 /  9. 12.100
  libswscale      7.  5.100 /  7.  5.100
  libswresample   4. 12.100 /  4. 12.100
  libpostproc    57.  3.100 / 57.  3.100
Input #0, mov,mp4,m4a,3gp,3g2,mj2, from 'https://github.com/Prembty12/premx-editor/releases/download/v1.0.87/Escape.from.Atlas.High.Security.Prison35.mp4':
  Metadata:
    major_brand     : isom
    minor_version   : 512
    compatible_brands: isomiso2avc1mp41
    title           : Escape.from.Atlas.High.Security.Prison35
    artist          : PremxGamer
    encoder         : Lavf60.16.100
  Duration: 00:00:56.40, start: 0.000000, bitrate: 12364 kb/s
  Stream #0:0[0x1](und): Video: h264 (High) (avc1 / 0x31637661), yuv420p(tv, unknown/bt709/bt709, progressive), 1080x1350 [SAR 1:1 DAR 4:5], 12160 kb/s, 30 fps, 30 tbr, 15360 tbn (default)
    Metadata:
      handler_name    : VideoHandler
      vendor_id       : [0][0][0][0]
      encoder         : Lavc60.31.102 libx264
  Stream #0:1[0x2](und): Audio: aac (LC) (mp4a / 0x6134706D), 48000 Hz, stereo, fltp, 195 kb/s (default)
    Metadata:
      handler_name    : SoundHandler
      vendor_id       : [0][0][0][0]
Stream mapping:
  Stream #0:0 -> #0:0 (h264 (native) -> mjpeg (native))
Press [q] to stop, [?] for help
[swscaler @ 0x55633e1067c0] deprecated pixel format used, make sure you did set range correctly
    Last message repeated 3 times
Output #0, image2, to 'temp_frames/frame_86.jpg':
  Metadata:
    major_brand     : isom
    minor_version   : 512
    compatible_brands: isomiso2avc1mp41
    title           : Escape.from.Atlas.High.Security.Prison35
    artist          : PremxGamer
    encoder         : Lavf60.16.100
  Stream #0:0(und): Video: mjpeg, yuvj420p(pc, unknown/bt709/bt709, progressive), 1080x1350 [SAR 1:1 DAR 4:5], q=2-31, 200 kb/s, 30 fps, 30 tbn (default)
    Metadata:
      handler_name    : VideoHandler
      vendor_id       : [0][0][0][0]
      encoder         : Lavc60.31.102 mjpeg
    Side data:
      cpb: bitrate max/min/avg: 0/0/200000 buffer size: 0 vbv_delay: N/A
frame=    0 fps=0.0 q=2.0 size=       0kB time=00:00:00.00 bitrate=N/A speed=   0x    [image2 @ 0x55633e26dec0] The specified filename 'temp_frames/frame_86.jpg' does not contain an image sequence pattern or a pattern is invalid.
[image2 @ 0x55633e26dec0] Use a pattern such as %03d for an image sequence or use the -update option (with -frames:v 1 if needed) to write a single image.
[out#0/image2 @ 0x55633e040c80] video:209kB audio:0kB subtitle:0kB other streams:0kB global headers:0kB muxing overhead: unknown
frame=    1 fps=0.0 q=2.0 Lsize=N/A time=00:00:00.00 bitrate=N/A speed=   0x    
ffmpeg version 6.1.1-3ubuntu5 Copyright (c) 2000-2023 the FFmpeg developers
  built with gcc 13 (Ubuntu 13.2.0-23ubuntu3)
  configuration: --prefix=/usr --extra-version=3ubuntu5 --toolchain=hardened --libdir=/usr/lib/x86_64-linux-gnu --incdir=/usr/include/x86_64-linux-gnu --arch=amd64 --enable-gpl --disable-stripping --disable-omx --enable-gnutls --enable-libaom --enable-libass --enable-libbs2b --enable-libcaca --enable-libcdio --enable-libcodec2 --enable-libdav1d --enable-libflite --enable-libfontconfig --enable-libfreetype --enable-libfribidi --enable-libglslang --enable-libgme --enable-libgsm --enable-libharfbuzz --enable-libmp3lame --enable-libmysofa --enable-libopenjpeg --enable-libopenmpt --enable-libopus --enable-librubberband --enable-libshine --enable-libsnappy --enable-libsoxr --enable-libspeex --enable-libtheora --enable-libtwolame --enable-libvidstab --enable-libvorbis --enable-libvpx --enable-libwebp --enable-libx265 --enable-libxml2 --enable-libxvid --enable-libzimg --enable-openal --enable-opencl --enable-opengl --disable-sndio --enable-libvpl --disable-libmfx --enable-libdc1394 --enable-libdrm --enable-libiec61883 --enable-chromaprint --enable-frei0r --enable-ladspa --enable-libbluray --enable-libjack --enable-libpulse --enable-librabbitmq --enable-librist --enable-libsrt --enable-libssh --enable-libsvtav1 --enable-libx264 --enable-libzmq --enable-libzvbi --enable-lv2 --enable-sdl2 --enable-libplacebo --enable-librav1e --enable-pocketsphinx --enable-librsvg --enable-libjxl --enable-shared
  libavutil      58. 29.100 / 58. 29.100
  libavcodec     60. 31.102 / 60. 31.102
  libavformat    60. 16.100 / 60. 16.100
  libavdevice    60.  3.100 / 60.  3.100
  libavfilter     9. 12.100 /  9. 12.100
  libswscale      7.  5.100 /  7.  5.100
  libswresample   4. 12.100 /  4. 12.100
  libpostproc    57.  3.100 / 57.  3.100
Input #0, mov,mp4,m4a,3gp,3g2,mj2, from 'https://github.com/Prembty12/premx-editor/releases/download/v1.0.87/Escape.from.Atlas.High.Security.Prison35.mp4':
  Metadata:
    major_brand     : isom
    minor_version   : 512
    compatible_brands: isomiso2avc1mp41
    title           : Escape.from.Atlas.High.Security.Prison35
    artist          : PremxGamer
    encoder         : Lavf60.16.100
  Duration: 00:00:56.40, start: 0.000000, bitrate: 12364 kb/s
  Stream #0:0[0x1](und): Video: h264 (High) (avc1 / 0x31637661), yuv420p(tv, unknown/bt709/bt709, progressive), 1080x1350 [SAR 1:1 DAR 4:5], 12160 kb/s, 30 fps, 30 tbr, 15360 tbn (default)
    Metadata:
      handler_name    : VideoHandler
      vendor_id       : [0][0][0][0]
      encoder         : Lavc60.31.102 libx264
  Stream #0:1[0x2](und): Audio: aac (LC) (mp4a / 0x6134706D), 48000 Hz, stereo, fltp, 195 kb/s (default)
    Metadata:
      handler_name    : SoundHandler
      vendor_id       : [0][0][0][0]
Stream mapping:
  Stream #0:0 -> #0:0 (h264 (native) -> mjpeg (native))
Press [q] to stop, [?] for help
[swscaler @ 0x55d999c857c0] deprecated pixel format used, make sure you did set range correctly
    Last message repeated 3 times
Output #0, image2, to 'temp_frames/frame_87.jpg':
  Metadata:
    major_brand     : isom
    minor_version   : 512
    compatible_brands: isomiso2avc1mp41
    title           : Escape.from.Atlas.High.Security.Prison35
    artist          : PremxGamer
    encoder         : Lavf60.16.100
  Stream #0:0(und): Video: mjpeg, yuvj420p(pc, unknown/bt709/bt709, progressive), 1080x1350 [SAR 1:1 DAR 4:5], q=2-31, 200 kb/s, 30 fps, 30 tbn (default)
    Metadata:
      handler_name    : VideoHandler
      vendor_id       : [0][0][0][0]
      encoder         : Lavc60.31.102 mjpeg
    Side data:
      cpb: bitrate max/min/avg: 0/0/200000 buffer size: 0 vbv_delay: N/A
frame=    0 fps=0.0 q=2.0 size=       0kB time=00:00:00.00 bitrate=N/A dup=1 drop=0 speed=   0x    [image2 @ 0x55d999decec0] The specified filename 'temp_frames/frame_87.jpg' does not contain an image sequence pattern or a pattern is invalid.
[image2 @ 0x55d999decec0] Use a pattern such as %03d for an image sequence or use the -update option (with -frames:v 1 if needed) to write a single image.
[out#0/image2 @ 0x55d999bbfc80] video:217kB audio:0kB subtitle:0kB other streams:0kB global headers:0kB muxing overhead: unknown
frame=    1 fps=0.0 q=2.0 Lsize=N/A time=00:00:00.00 bitrate=N/A dup=1 drop=0 speed=   0x    
ffmpeg version 6.1.1-3ubuntu5 Copyright (c) 2000-2023 the FFmpeg developers
  built with gcc 13 (Ubuntu 13.2.0-23ubuntu3)
  configuration: --prefix=/usr --extra-version=3ubuntu5 --toolchain=hardened --libdir=/usr/lib/x86_64-linux-gnu --incdir=/usr/include/x86_64-linux-gnu --arch=amd64 --enable-gpl --disable-stripping --disable-omx --enable-gnutls --enable-libaom --enable-libass --enable-libbs2b --enable-libcaca --enable-libcdio --enable-libcodec2 --enable-libdav1d --enable-libflite --enable-libfontconfig --enable-libfreetype --enable-libfribidi --enable-libglslang --enable-libgme --enable-libgsm --enable-libharfbuzz --enable-libmp3lame --enable-libmysofa --enable-libopenjpeg --enable-libopenmpt --enable-libopus --enable-librubberband --enable-libshine --enable-libsnappy --enable-libsoxr --enable-libspeex --enable-libtheora --enable-libtwolame --enable-libvidstab --enable-libvorbis --enable-libvpx --enable-libwebp --enable-libx265 --enable-libxml2 --enable-libxvid --enable-libzimg --enable-openal --enable-opencl --enable-opengl --disable-sndio --enable-libvpl --disable-libmfx --enable-libdc1394 --enable-libdrm --enable-libiec61883 --enable-chromaprint --enable-frei0r --enable-ladspa --enable-libbluray --enable-libjack --enable-libpulse --enable-librabbitmq --enable-librist --enable-libsrt --enable-libssh --enable-libsvtav1 --enable-libx264 --enable-libzmq --enable-libzvbi --enable-lv2 --enable-sdl2 --enable-libplacebo --enable-librav1e --enable-pocketsphinx --enable-librsvg --enable-libjxl --enable-shared
  libavutil      58. 29.100 / 58. 29.100
  libavcodec     60. 31.102 / 60. 31.102
  libavformat    60. 16.100 / 60. 16.100
  libavdevice    60.  3.100 / 60.  3.100
  libavfilter     9. 12.100 /  9. 12.100
  libswscale      7.  5.100 /  7.  5.100
  libswresample   4. 12.100 /  4. 12.100
  libpostproc    57.  3.100 / 57.  3.100
Input #0, mov,mp4,m4a,3gp,3g2,mj2, from 'https://github.com/Prembty12/premx-editor/releases/download/v1.0.87/Escape.from.Atlas.High.Security.Prison35.mp4':
  Metadata:
    major_brand     : isom
    minor_version   : 512
    compatible_brands: isomiso2avc1mp41
    title           : Escape.from.Atlas.High.Security.Prison35
    artist          : PremxGamer
    encoder         : Lavf60.16.100
  Duration: 00:00:56.40, start: 0.000000, bitrate: 12364 kb/s
  Stream #0:0[0x1](und): Video: h264 (High) (avc1 / 0x31637661), yuv420p(tv, unknown/bt709/bt709, progressive), 1080x1350 [SAR 1:1 DAR 4:5], 12160 kb/s, 30 fps, 30 tbr, 15360 tbn (default)
    Metadata:
      handler_name    : VideoHandler
      vendor_id       : [0][0][0][0]
      encoder         : Lavc60.31.102 libx264
  Stream #0:1[0x2](und): Audio: aac (LC) (mp4a / 0x6134706D), 48000 Hz, stereo, fltp, 195 kb/s (default)
    Metadata:
      handler_name    : SoundHandler
      vendor_id       : [0][0][0][0]
Stream mapping:
  Stream #0:0 -> #0:0 (h264 (native) -> mjpeg (native))
Press [q] to stop, [?] for help
[swscaler @ 0x557a692347c0] deprecated pixel format used, make sure you did set range correctly
    Last message repeated 3 times
Output #0, image2, to 'temp_frames/frame_88.jpg':
  Metadata:
    major_brand     : isom
    minor_version   : 512
    compatible_brands: isomiso2avc1mp41
    title           : Escape.from.Atlas.High.Security.Prison35
    artist          : PremxGamer
    encoder         : Lavf60.16.100
  Stream #0:0(und): Video: mjpeg, yuvj420p(pc, unknown/bt709/bt709, progressive), 1080x1350 [SAR 1:1 DAR 4:5], q=2-31, 200 kb/s, 30 fps, 30 tbn (default)
    Metadata:
      handler_name    : VideoHandler
      vendor_id       : [0][0][0][0]
      encoder         : Lavc60.31.102 mjpeg
    Side data:
      cpb: bitrate max/min/avg: 0/0/200000 buffer size: 0 vbv_delay: N/A
frame=    0 fps=0.0 q=2.0 size=       0kB time=00:00:00.00 bitrate=N/A speed=   0x    [image2 @ 0x557a6939bec0] The specified filename 'temp_frames/frame_88.jpg' does not contain an image sequence pattern or a pattern is invalid.
[image2 @ 0x557a6939bec0] Use a pattern such as %03d for an image sequence or use the -update option (with -frames:v 1 if needed) to write a single image.
[out#0/image2 @ 0x557a6916ec80] video:256kB audio:0kB subtitle:0kB other streams:0kB global headers:0kB muxing overhead: unknown
frame=    1 fps=0.0 q=2.0 Lsize=N/A time=00:00:00.00 bitrate=N/A speed=   0x    
ffmpeg version 6.1.1-3ubuntu5 Copyright (c) 2000-2023 the FFmpeg developers
  built with gcc 13 (Ubuntu 13.2.0-23ubuntu3)
  configuration: --prefix=/usr --extra-version=3ubuntu5 --toolchain=hardened --libdir=/usr/lib/x86_64-linux-gnu --incdir=/usr/include/x86_64-linux-gnu --arch=amd64 --enable-gpl --disable-stripping --disable-omx --enable-gnutls --enable-libaom --enable-libass --enable-libbs2b --enable-libcaca --enable-libcdio --enable-libcodec2 --enable-libdav1d --enable-libflite --enable-libfontconfig --enable-libfreetype --enable-libfribidi --enable-libglslang --enable-libgme --enable-libgsm --enable-libharfbuzz --enable-libmp3lame --enable-libmysofa --enable-libopenjpeg --enable-libopenmpt --enable-libopus --enable-librubberband --enable-libshine --enable-libsnappy --enable-libsoxr --enable-libspeex --enable-libtheora --enable-libtwolame --enable-libvidstab --enable-libvorbis --enable-libvpx --enable-libwebp --enable-libx265 --enable-libxml2 --enable-libxvid --enable-libzimg --enable-openal --enable-opencl --enable-opengl --disable-sndio --enable-libvpl --disable-libmfx --enable-libdc1394 --enable-libdrm --enable-libiec61883 --enable-chromaprint --enable-frei0r --enable-ladspa --enable-libbluray --enable-libjack --enable-libpulse --enable-librabbitmq --enable-librist --enable-libsrt --enable-libssh --enable-libsvtav1 --enable-libx264 --enable-libzmq --enable-libzvbi --enable-lv2 --enable-sdl2 --enable-libplacebo --enable-librav1e --enable-pocketsphinx --enable-librsvg --enable-libjxl --enable-shared
  libavutil      58. 29.100 / 58. 29.100
  libavcodec     60. 31.102 / 60. 31.102
  libavformat    60. 16.100 / 60. 16.100
  libavdevice    60.  3.100 / 60.  3.100
  libavfilter     9. 12.100 /  9. 12.100
  libswscale      7.  5.100 /  7.  5.100
  libswresample   4. 12.100 /  4. 12.100
  libpostproc    57.  3.100 / 57.  3.100
Input #0, mov,mp4,m4a,3gp,3g2,mj2, from 'https://github.com/Prembty12/premx-editor/releases/download/v1.0.87/Escape.from.Atlas.High.Security.Prison35.mp4':
  Metadata:
    major_brand     : isom
    minor_version   : 512
    compatible_brands: isomiso2avc1mp41
    title           : Escape.from.Atlas.High.Security.Prison35
    artist          : PremxGamer
    encoder         : Lavf60.16.100
  Duration: 00:00:56.40, start: 0.000000, bitrate: 12364 kb/s
  Stream #0:0[0x1](und): Video: h264 (High) (avc1 / 0x31637661), yuv420p(tv, unknown/bt709/bt709, progressive), 1080x1350 [SAR 1:1 DAR 4:5], 12160 kb/s, 30 fps, 30 tbr, 15360 tbn (default)
    Metadata:
      handler_name    : VideoHandler
      vendor_id       : [0][0][0][0]
      encoder         : Lavc60.31.102 libx264
  Stream #0:1[0x2](und): Audio: aac (LC) (mp4a / 0x6134706D), 48000 Hz, stereo, fltp, 195 kb/s (default)
    Metadata:
      handler_name    : SoundHandler
      vendor_id       : [0][0][0][0]
Stream mapping:
  Stream #0:0 -> #0:0 (h264 (native) -> mjpeg (native))
Press [q] to stop, [?] for help
[swscaler @ 0x558af41b87c0] deprecated pixel format used, make sure you did set range correctly
    Last message repeated 3 times
Output #0, image2, to 'temp_frames/frame_89.jpg':
  Metadata:
    major_brand     : isom
    minor_version   : 512
    compatible_brands: isomiso2avc1mp41
    title           : Escape.from.Atlas.High.Security.Prison35
    artist          : PremxGamer
    encoder         : Lavf60.16.100
  Stream #0:0(und): Video: mjpeg, yuvj420p(pc, unknown/bt709/bt709, progressive), 1080x1350 [SAR 1:1 DAR 4:5], q=2-31, 200 kb/s, 30 fps, 30 tbn (default)
    Metadata:
      handler_name    : VideoHandler
      vendor_id       : [0][0][0][0]
      encoder         : Lavc60.31.102 mjpeg
    Side data:
      cpb: bitrate max/min/avg: 0/0/200000 buffer size: 0 vbv_delay: N/A
frame=    0 fps=0.0 q=2.0 size=       0kB time=00:00:00.00 bitrate=N/A speed=   0x    [image2 @ 0x558af431fec0] The specified filename 'temp_frames/frame_89.jpg' does not contain an image sequence pattern or a pattern is invalid.
[image2 @ 0x558af431fec0] Use a pattern such as %03d for an image sequence or use the -update option (with -frames:v 1 if needed) to write a single image.
[out#0/image2 @ 0x558af40f2c80] video:203kB audio:0kB subtitle:0kB other streams:0kB global headers:0kB muxing overhead: unknown
frame=    1 fps=0.0 q=2.0 Lsize=N/A time=00:00:00.00 bitrate=N/A speed=   0x    
ffmpeg version 6.1.1-3ubuntu5 Copyright (c) 2000-2023 the FFmpeg developers
  built with gcc 13 (Ubuntu 13.2.0-23ubuntu3)
  configuration: --prefix=/usr --extra-version=3ubuntu5 --toolchain=hardened --libdir=/usr/lib/x86_64-linux-gnu --incdir=/usr/include/x86_64-linux-gnu --arch=amd64 --enable-gpl --disable-stripping --disable-omx --enable-gnutls --enable-libaom --enable-libass --enable-libbs2b --enable-libcaca --enable-libcdio --enable-libcodec2 --enable-libdav1d --enable-libflite --enable-libfontconfig --enable-libfreetype --enable-libfribidi --enable-libglslang --enable-libgme --enable-libgsm --enable-libharfbuzz --enable-libmp3lame --enable-libmysofa --enable-libopenjpeg --enable-libopenmpt --enable-libopus --enable-librubberband --enable-libshine --enable-libsnappy --enable-libsoxr --enable-libspeex --enable-libtheora --enable-libtwolame --enable-libvidstab --enable-libvorbis --enable-libvpx --enable-libwebp --enable-libx265 --enable-libxml2 --enable-libxvid --enable-libzimg --enable-openal --enable-opencl --enable-opengl --disable-sndio --enable-libvpl --disable-libmfx --enable-libdc1394 --enable-libdrm --enable-libiec61883 --enable-chromaprint --enable-frei0r --enable-ladspa --enable-libbluray --enable-libjack --enable-libpulse --enable-librabbitmq --enable-librist --enable-libsrt --enable-libssh --enable-libsvtav1 --enable-libx264 --enable-libzmq --enable-libzvbi --enable-lv2 --enable-sdl2 --enable-libplacebo --enable-librav1e --enable-pocketsphinx --enable-librsvg --enable-libjxl --enable-shared
  libavutil      58. 29.100 / 58. 29.100
  libavcodec     60. 31.102 / 60. 31.102
  libavformat    60. 16.100 / 60. 16.100
  libavdevice    60.  3.100 / 60.  3.100
  libavfilter     9. 12.100 /  9. 12.100
  libswscale      7.  5.100 /  7.  5.100
  libswresample   4. 12.100 /  4. 12.100
  libpostproc    57.  3.100 / 57.  3.100
Input #0, mov,mp4,m4a,3gp,3g2,mj2, from 'https://github.com/Prembty12/premx-editor/releases/download/v1.0.87/Escape.from.Atlas.High.Security.Prison35.mp4':
  Metadata:
    major_brand     : isom
    minor_version   : 512
    compatible_brands: isomiso2avc1mp41
    title           : Escape.from.Atlas.High.Security.Prison35
    artist          : PremxGamer
    encoder         : Lavf60.16.100
  Duration: 00:00:56.40, start: 0.000000, bitrate: 12364 kb/s
  Stream #0:0[0x1](und): Video: h264 (High) (avc1 / 0x31637661), yuv420p(tv, unknown/bt709/bt709, progressive), 1080x1350 [SAR 1:1 DAR 4:5], 12160 kb/s, 30 fps, 30 tbr, 15360 tbn (default)
    Metadata:
      handler_name    : VideoHandler
      vendor_id       : [0][0][0][0]
      encoder         : Lavc60.31.102 libx264
  Stream #0:1[0x2](und): Audio: aac (LC) (mp4a / 0x6134706D), 48000 Hz, stereo, fltp, 195 kb/s (default)
    Metadata:
      handler_name    : SoundHandler
      vendor_id       : [0][0][0][0]
Stream mapping:
  Stream #0:0 -> #0:0 (h264 (native) -> mjpeg (native))
Press [q] to stop, [?] for help
[swscaler @ 0x56354c9897c0] deprecated pixel format used, make sure you did set range correctly
    Last message repeated 3 times
Output #0, image2, to 'temp_frames/frame_90.jpg':
  Metadata:
    major_brand     : isom
    minor_version   : 512
    compatible_brands: isomiso2avc1mp41
    title           : Escape.from.Atlas.High.Security.Prison35
    artist          : PremxGamer
    encoder         : Lavf60.16.100
  Stream #0:0(und): Video: mjpeg, yuvj420p(pc, unknown/bt709/bt709, progressive), 1080x1350 [SAR 1:1 DAR 4:5], q=2-31, 200 kb/s, 30 fps, 30 tbn (default)
    Metadata:
      handler_name    : VideoHandler
      vendor_id       : [0][0][0][0]
      encoder         : Lavc60.31.102 mjpeg
    Side data:
      cpb: bitrate max/min/avg: 0/0/200000 buffer size: 0 vbv_delay: N/A
frame=    0 fps=0.0 q=2.0 size=       0kB time=00:00:00.00 bitrate=N/A dup=1 drop=0 speed=   0x    [image2 @ 0x56354caf0ec0] The specified filename 'temp_frames/frame_90.jpg' does not contain an image sequence pattern or a pattern is invalid.
[image2 @ 0x56354caf0ec0] Use a pattern such as %03d for an image sequence or use the -update option (with -frames:v 1 if needed) to write a single image.
[out#0/image2 @ 0x56354c8c3c80] video:202kB audio:0kB subtitle:0kB other streams:0kB global headers:0kB muxing overhead: unknown
frame=    1 fps=0.0 q=2.0 Lsize=N/A time=00:00:00.00 bitrate=N/A dup=1 drop=0 speed=   0x    
🧩 Merging frames into Portrait 9x10 grid...
Creating Portrait Full-Screen grid of size: 4320 x 7680
✅ Portrait Full-Screen 90-frame grid created successfully at 'temp_frames/merged_90_grid_portrait.jpg'.
🤖 [STEP 7] Sending grid & past insights to Gemini for Smart Action Cutting Decision...
🤖 Gemini Attempt 1/10 (Key used: RN6J5_QVQBUvFTVI_NgeSbuK39Bch1Zf2akLrKLLi7XO1AA...)
⚠️ Gemini attempt 1 failed. Retrying...
🤖 Gemini Attempt 2/10 (Key used: RN6KDOLImk6MiGABwjkH5_mMiwblg070C52CMsw_EfjMX9g...)
⚠️ Gemini attempt 2 failed. Retrying...
🤖 Gemini Attempt 3/10 (Key used: RN6J5_QVQBUvFTVI_NgeSbuK39Bch1Zf2akLrKLLi7XO1AA...)
⚠️ Gemini attempt 3 failed. Retrying...
🤖 Gemini Attempt 4/10 (Key used: RN6LW91lWr-f6WNx0g629kEPUccQvtLTgCte6YYZfctYl1w...)
⚠️ Gemini attempt 4 failed. Retrying...
🤖 Gemini Attempt 5/10 (Key used: RN6LW91lWr-f6WNx0g629kEPUccQvtLTgCte6YYZfctYl1w...)
⚠️ Gemini attempt 5 failed. Retrying...
🤖 Gemini Attempt 6/10 (Key used: RN6LW91lWr-f6WNx0g629kEPUccQvtLTgCte6YYZfctYl1w...)
⚠️ Gemini attempt 6 failed. Retrying...
🤖 Gemini Attempt 7/10 (Key used: RN6J5_QVQBUvFTVI_NgeSbuK39Bch1Zf2akLrKLLi7XO1AA...)
⚠️ Gemini attempt 7 failed. Retrying...
🤖 Gemini Attempt 8/10 (Key used: RN6J5_QVQBUvFTVI_NgeSbuK39Bch1Zf2akLrKLLi7XO1AA...)
⚠️ Gemini attempt 8 failed. Retrying...
🤖 Gemini Attempt 9/10 (Key used: RN6LW91lWr-f6WNx0g629kEPUccQvtLTgCte6YYZfctYl1w...)
⚠️ Gemini attempt 9 failed. Retrying...
🤖 Gemini Attempt 10/10 (Key used: RN6KDOLImk6MiGABwjkH5_mMiwblg070C52CMsw_EfjMX9g...)
⚠️ Gemini attempt 10 failed. Retrying...
⚠️ Gemini failed. Triggering Fallback Brain (OpenRouter)...

════════════════════════════════════════════════════════
🚀 OPENROUTER FALLBACK AGENT START — 2026-09-27 01:05:15 IST
📁 Grid Path       : temp_frames/merged_90_grid_portrait.jpg
🎞️  Source Duration : 56s
🔑 Keys Loaded     : 4
🎯 Primary Model   : dots-studio/dots-3-note-preview:free (Max 1 Try)
🔄 Fallback Model  : openrouter/free (Max 20 Tries)
⚙️  Defaults        : NONE (Strict No-Defaults Policy)
════════════════════════════════════════════════════════


────────────────────────────────────────────────────────
🤖 ATTEMPT 1 / 21
────────────────────────────────────────────────────────
    Model      : dots-studio/dots-3-note-preview:free
    API Key    : sk-or-v1-3f9...c395
    Time       : 01:05:15 IST

────────────────────────────────────────────────────────
📤 AI KO KYA BHEJ RAHA HAI:
────────────────────────────────────────────────────────
  📁 Grid       : temp_frames/merged_90_grid_portrait.jpg (9809243 bytes)
  🎞️  Duration   : 56s
  🎨 Style      : Create a high-curiosity viral Facebook/Instagram Reels hook title (6-10 words preferred).
  🤖 Model      : dots-studio/dots-3-note-preview:free
  📦 Payload    : 13083837 bytes
--------------------------------------------------------
    📡 Sending request to OpenRouter...
    📥 HTTP Status  : 200
    🎯 Routed Model : dots-studio/dots-3-note-preview:free

    📥 📥 📥 AI KA FULL RESPONSE:
    ┌────────────────────────────────────────────────────
    │ {"clip_duration":56,"reason":"Intense cinematic sci-fi character dialogue sequence.","start_time":0,"status":"APPROVE","title":"Spacey's dark secret 🤫"}
    └────────────────────────────────────────────────────

    ✅ SUCCESS — Valid JSON detected!

════════════════════════════════════════════════════════
🧹 FINAL PARSING PHASE
════════════════════════════════════════════════════════

════════════════════════════════════════════════════════
✅ AI NE APPROVE KIYA
════════════════════════════════════════════════════════
  🎬 Title      : Spacey's dark secret 🤫
  ⏱️  Start Time : 0s
  ⏳ Duration   : 56s
  💬 Reason     : Intense cinematic sci-fi character dialogue sequence.
  🤖 Routed     : dots-studio/dots-3-note-preview:free
  🕐 Time (IST) : 2026-09-27 01:06:01 IST

--- RAW FALLBACK OUTPUT START ---
{"status": "success", "requested_model": "dots-studio/dots-3-note-preview:free", "routed_model": "dots-studio/dots-3-note-preview:free", "title": "Spacey's dark secret \ud83e\udd2b", "start_time": 0, "duration": 56, "reason": "Intense cinematic sci-fi character dialogue sequence.", "timestamp_ist": "2026-09-27 01:06:01 IST"}
--- RAW FALLBACK OUTPUT END ---
Cleaned JSON Data: {"status": "success", "requested_model": "dots-studio/dots-3-note-preview:free", "routed_model": "dots-studio/dots-3-note-preview:free", "title": "Spacey's dark secret \ud83e\udd2b", "start_time": 0, "duration": 56, "reason": "Intense cinematic sci-fi character dialogue sequence.", "timestamp_ist": "2026-09-27 01:06:01 IST"}
🎯 Strict Gemini Decisions Loaded Successfully:
   - Title: Spacey's dark secret 🤫
   - Start Time: 0
   - Clip Duration: 56 seconds
✂️ [STEP 8] Cutting thrilling clip via FFmpeg from 0 for 56 seconds...
ffmpeg version 6.1.1-3ubuntu5 Copyright (c) 2000-2023 the FFmpeg developers
  built with gcc 13 (Ubuntu 13.2.0-23ubuntu3)
  configuration: --prefix=/usr --extra-version=3ubuntu5 --toolchain=hardened --libdir=/usr/lib/x86_64-linux-gnu --incdir=/usr/include/x86_64-linux-gnu --arch=amd64 --enable-gpl --disable-stripping --disable-omx --enable-gnutls --enable-libaom --enable-libass --enable-libbs2b --enable-libcaca --enable-libcdio --enable-libcodec2 --enable-libdav1d --enable-libflite --enable-libfontconfig --enable-libfreetype --enable-libfribidi --enable-libglslang --enable-libgme --enable-libgsm --enable-libharfbuzz --enable-libmp3lame --enable-libmysofa --enable-libopenjpeg --enable-libopenmpt --enable-libopus --enable-librubberband --enable-libshine --enable-libsnappy --enable-libsoxr --enable-libspeex --enable-libtheora --enable-libtwolame --enable-libvidstab --enable-libvorbis --enable-libvpx --enable-libwebp --enable-libx265 --enable-libxml2 --enable-libxvid --enable-libzimg --enable-openal --enable-opencl --enable-opengl --disable-sndio --enable-libvpl --disable-libmfx --enable-libdc1394 --enable-libdrm --enable-libiec61883 --enable-chromaprint --enable-frei0r --enable-ladspa --enable-libbluray --enable-libjack --enable-libpulse --enable-librabbitmq --enable-librist --enable-libsrt --enable-libssh --enable-libsvtav1 --enable-libx264 --enable-libzmq --enable-libzvbi --enable-lv2 --enable-sdl2 --enable-libplacebo --enable-librav1e --enable-pocketsphinx --enable-librsvg --enable-libjxl --enable-shared
  libavutil      58. 29.100 / 58. 29.100
  libavcodec     60. 31.102 / 60. 31.102
  libavformat    60. 16.100 / 60. 16.100
  libavdevice    60.  3.100 / 60.  3.100
  libavfilter     9. 12.100 /  9. 12.100
  libswscale      7.  5.100 /  7.  5.100
  libswresample   4. 12.100 /  4. 12.100
  libpostproc    57.  3.100 / 57.  3.100
Input #0, mov,mp4,m4a,3gp,3g2,mj2, from 'https://github.com/Prembty12/premx-editor/releases/download/v1.0.87/Escape.from.Atlas.High.Security.Prison35.mp4':
  Metadata:
    major_brand     : isom
    minor_version   : 512
    compatible_brands: isomiso2avc1mp41
    title           : Escape.from.Atlas.High.Security.Prison35
    artist          : PremxGamer
    encoder         : Lavf60.16.100
  Duration: 00:00:56.40, start: 0.000000, bitrate: 12364 kb/s
  Stream #0:0[0x1](und): Video: h264 (High) (avc1 / 0x31637661), yuv420p(tv, unknown/bt709/bt709, progressive), 1080x1350 [SAR 1:1 DAR 4:5], 12160 kb/s, 30 fps, 30 tbr, 15360 tbn (default)
    Metadata:
      handler_name    : VideoHandler
      vendor_id       : [0][0][0][0]
      encoder         : Lavc60.31.102 libx264
  Stream #0:1[0x2](und): Audio: aac (LC) (mp4a / 0x6134706D), 48000 Hz, stereo, fltp, 195 kb/s (default)
    Metadata:
      handler_name    : SoundHandler
      vendor_id       : [0][0][0][0]
Output #0, mp4, to 'temp_frames/final_cut_clip.mp4':
  Metadata:
    major_brand     : isom
    minor_version   : 512
    compatible_brands: isomiso2avc1mp41
    title           : Escape.from.Atlas.High.Security.Prison35
    artist          : PremxGamer
    encoder         : Lavf60.16.100
  Stream #0:0(und): Video: h264 (High) (avc1 / 0x31637661), yuv420p(tv, unknown/bt709/bt709, progressive), 1080x1350 [SAR 1:1 DAR 4:5], q=2-31, 12160 kb/s, 30 fps, 30 tbr, 15360 tbn (default)
    Metadata:
      handler_name    : VideoHandler
      vendor_id       : [0][0][0][0]
      encoder         : Lavc60.31.102 libx264
  Stream #0:1(und): Audio: aac (LC) (mp4a / 0x6134706D), 48000 Hz, stereo, fltp, 195 kb/s (default)
    Metadata:
      handler_name    : SoundHandler
      vendor_id       : [0][0][0][0]
Stream mapping:
  Stream #0:0 -> #0:0 (copy)
  Stream #0:1 -> #0:1 (copy)
Press [q] to stop, [?] for help
size=       0kB time=-00:00:00.06 bitrate=  -0.0kbits/s speed=N/A    [out#0/mp4 @ 0x55df00ba6c80] video:82988kB audio:1337kB subtitle:0kB other streams:0kB global headers:0kB muxing overhead: 0.073051%
size=   84387kB time=00:00:55.97 bitrate=12349.3kbits/s speed=91.9x    
✅ Optimized action clip successfully saved at: temp_frames/final_cut_clip.mp4
🚀 Using Posting Mode: 2 (1: Both, 2: Insta Only, 3: FB Only)
🚀 Uploading to Instagram Reels via GitHub Release Asset...
🏷️ Creating temporary GitHub Release (clip-release-1790451362)...
📦 Release created successfully (ID: 397369150). Uploading video asset...
🔗 Generated Release Asset Public URL: https://github.com/Prembty12/premx-editor/releases/download/clip-release-1790451362/final_clip.mp4
📦 IG Container Response: {"id":"17984304417119519"}
⏳ Container created (ID: 17984304417119519). Checking processing status...
⏳ Video still processing (Status: IN_PROGRESS)...
⏳ Video still processing (Status: IN_PROGRESS)...
⏳ Video still processing (Status: IN_PROGRESS)...
⏳ Video still processing (Status: IN_PROGRESS)...
⏳ Video still processing (Status: IN_PROGRESS)...
⏳ Video still processing (Status: IN_PROGRESS)...
⏳ Video still processing (Status: IN_PROGRESS)...
⏳ Video still processing (Status: IN_PROGRESS)...
✅ Video processing finished by Instagram!
📢 IG Publish Response: {"id":"18056484440797671"}
🎉 Instagram Post Published Successfully! ID: 18056484440797671
🗑️ Cleaning up temporary GitHub release and tag...
✨ GitHub release and tag cleaned up successfully.
📝 [STEP 10] Updating memory and file sync. Active ID: 18056484440797671
🧠 Agent Memory Updated Successfully!
✅ Link successfully removed from temp file and shifted to posted folder!
====================================================
🏁 Pipeline Finished at: Sat Sep 26 19:37:07 UTC 2026
====================================================
